split,domain_score
val,0.9581089
val,0.9565503
val,0.97147644
val,0.96848154
val,0.9309406
val,0.9667405
val,0.942333
val,0.93214196
val,0.974177
val,0.9662639
val,0.94920295
val,0.9483237
val,0.9442322
val,0.96132827
val,0.8230667
val,0.9741742
val,0.9704912
val,0.9482424
val,0.86672145
val,0.94618356
val,0.95209247
val,0.961698
val,0.87834585
val,0.9606144
val,0.9498472
val,0.9624223
val,0.94620246
val,0.9470944
val,0.96005553
val,0.90703106
val,0.95437884
val,0.96680856
val,0.9635472
val,0.97229755
val,0.9529679
val,0.93495995
val,0.95990336
val,0.96654963
val,0.8825795
val,0.90725744
val,0.81707764
val,0.9580391
val,0.9566754
val,0.9475756
val,0.9569132
val,0.90947515
val,0.92529017
val,0.9404169
val,0.91198033
val,0.96275306
val,0.8233224
val,0.91892827
val,0.9445452
val,0.9660124
val,0.9622043
val,0.98274934
val,0.96119577
val,0.97726816
val,0.8755251
val,0.9696474
val,0.9510574
val,0.95059067
val,0.95981014
val,0.92567426
val,0.95426565
val,0.974164
val,0.9671516
val,0.97017217
val,0.96113825
val,0.95478547
val,0.827361
val,0.8484557
val,0.94810975
val,0.89416575
val,0.9575769
val,0.9672106
val,0.9494362
val,0.89523363
val,0.9432585
val,0.97190475
val,0.9657085
val,0.9403969
val,0.9714189
val,0.96248484
val,0.9449153
val,0.87319446
val,0.68871176
val,0.92873746
val,0.9579786
val,0.9611071
val,0.95688677
val,0.9647219
val,0.9639548
val,0.9661991
val,0.9646435
val,0.9784583
val,0.9762074
val,0.98484975
val,0.979787
val,0.9894599
val,0.97170067
val,0.99102044
val,0.9759169
val,0.97885597
val,0.9872447
val,0.9887966
val,0.99329793
val,0.9880145
val,0.9910035
val,0.94289654
val,0.98486084
val,0.9890307
val,0.97839713
val,0.98559886
val,0.9695097
val,0.9834566
val,0.9694476
val,0.9829408
val,0.9985268
val,0.9836298
val,0.9867451
val,0.98623586
val,0.9803786
val,0.9807676
val,0.9851248
val,0.9872862
val,0.9857617
val,0.9882097
val,0.9839128
val,0.978992
val,0.99000114
val,0.97365284
val,0.9834913
val,0.9682134
val,0.95730233
val,0.984988
val,0.9745345
val,0.9747703
val,0.9908083
val,0.97682756
val,0.97765046
val,0.98542356
val,0.9840176
val,0.9814656
val,0.98314786
val,0.9864341
val,0.9668175
val,0.99007684
val,0.9850571
val,0.97671974
val,0.97912323
val,0.98409486
val,0.99205685
val,0.97195023
val,0.9812821
val,0.9913323
val,0.98774314
val,0.9960468
val,0.99250215
val,0.98307014
val,0.981387
val,0.97704303
val,0.98553765
val,0.9786825
val,0.99267644
val,0.9802852
val,0.98566973
val,0.99438584
val,0.98620486
val,0.99016905
val,0.9928714
val,0.95695233
val,0.96187043
val,0.99486214
val,0.9729799
val,0.99488795
val,0.98781025
val,0.989493
val,0.966892
val,0.9864641
val,0.98986304
val,0.977435
val,0.9919129
val,0.87560403
val,0.9852874
val,0.98243904
val,0.96064794
val,0.98447275
val,0.9832208
val,0.98651135
val,0.9911208
val,0.95435303
val,0.98154724
val,0.9893974
val,0.98228514
val,0.9786749
val,0.98852444
val,0.99252725
val,0.98910296
val,0.91984475
val,0.99673176
val,0.978935
val,0.9930547
val,0.98811054
val,0.9789724
val,0.9742631
val,0.9405266
val,0.9605769
val,0.9948268
val,0.91701007
val,0.9789798
val,0.98662585
val,0.9830896
val,0.98950607
val,0.9634232
val,0.9716848
val,0.98756015
val,0.98594123
val,0.99147016
val,0.9817772
val,0.98835367
val,0.9774579
val,0.99539685
val,0.974186
val,0.9631957
val,0.9842084
val,0.97839487
val,0.9865383
val,0.93171585
val,0.97226965
val,0.9879982
val,0.98728144
val,0.99132586
val,0.9885524
val,0.9915557
val,0.9879242
val,0.97998285
val,0.9963174
val,0.9911507
val,0.92587304
val,0.98888457
val,0.98951244
val,0.9905988
val,0.98363864
val,0.9818529
val,0.9910443
val,0.97835404
val,0.9840299
val,0.9939407
val,0.990396
val,0.98321193
val,0.9908333
val,0.9908036
val,1.0
val,0.9814708
val,0.99999994
val,0.98250353
val,0.9999998
val,0.9935537
val,1.0000001
val,0.98763555
val,0.98863196
val,0.9758664
val,0.9379007
val,0.9736823
val,0.9699919
val,0.9858326
val,0.9897599
val,0.9928174
val,0.9712297
val,1.0000002
val,1.0
val,0.98468375
val,0.99274755
val,0.9932019
val,0.9850327
val,0.98994464
val,0.9908072
val,0.98416764
val,0.9891779
val,0.9954754
val,0.99378175
val,0.9761812
val,0.98743
val,0.97261465
val,0.9912018
val,0.99480146
val,0.98530376
val,0.9886725
val,0.9846122
val,1.0000002
val,0.9999997
val,0.9931002
val,0.99158144
val,0.9856193
val,0.9488951
val,0.9896616
val,0.99400675
val,0.983029
val,0.90521264
val,1.0000001
val,0.6008282
val,0.99116355
val,0.972938
val,0.98855966
val,0.9927582
val,1.0000001
val,0.98975104
val,0.9839996
val,0.991344
val,0.9922398
val,0.9951424
val,0.9943825
val,0.976968
val,0.98870236
val,0.9852905
val,0.9815227
val,0.9944734
val,0.9835565
val,0.9696719
val,0.8520803
val,1.0
val,0.99378514
val,0.9999999
val,1.0000002
val,0.9796238
val,0.992305
val,0.9710706
val,0.97095716
val,0.97249174
val,0.9999997
val,0.9843123
val,0.99369127
val,0.97995377
val,0.9934165
val,0.983974
val,0.9288353
val,0.97889125
val,0.9949454
val,0.9754705
val,0.98171425
val,0.98563886
val,0.9874306
val,0.97356147
val,0.98674715
val,1.0
val,0.99217445
val,0.982324
val,0.990101
val,0.98308897
val,0.9641117
val,0.99355567
val,0.9918618
val,0.98213553
val,0.9820093
val,0.9660461
val,0.9819107
val,1.0000002
val,1.0
val,0.9905702
val,0.99999976
val,0.9067048
val,0.97896147
val,0.98673177
val,0.9863366
val,0.9910139
val,0.98896694
val,0.94260526
val,0.99288476
val,0.9999999
val,0.9905983
val,0.9502295
val,0.9768468
val,0.99264014
val,1.0000002
val,0.9661894
val,0.9890231
val,0.97389907
val,0.9863865
val,0.99002755
val,0.7844973
val,0.98832583
val,1.0000001
val,0.987486
val,0.9853449
val,0.9909724
val,0.97280085
val,0.9226366
val,0.98571765
val,0.9916593
val,0.84001434
val,0.99324787
val,0.99134207
val,0.9876181
val,0.9945985
val,0.993707
val,0.99498785
val,0.99023205
val,0.99259657
val,1.0
val,0.98936814
val,0.91897005
val,0.79839826
val,0.9735478
val,0.9098872
val,0.98793876
val,0.94753885
val,0.99999994
val,0.9920859
val,0.9876939
val,0.9785831
val,1.0
val,0.9936656
val,0.9852681
val,1.0
val,0.6581148
val,0.9868263
val,0.9913146
val,0.98662865
val,0.98929
val,0.98932457
val,0.9837636
val,0.97990906
val,0.9762527
val,0.9750143
val,0.96628404
val,1.0000002
val,0.9820553
val,0.95249546
val,0.9927753
val,0.9942718
val,0.98661286
val,0.985705
val,0.66565454
val,0.9905394
val,0.98855186
val,0.9787619
val,0.99608094
val,0.98174685
val,0.9800944
val,0.9950483
val,0.9833629
val,0.9766263
val,1.0
val,0.8788355
val,0.97686553
val,0.9803566
val,1.0
val,0.9899635
val,0.9840958
val,0.98990995
val,0.98954284
val,0.98565865
val,0.8639432
val,0.992338
val,1.0
val,1.0
val,0.9960378
val,0.9931588
val,0.9596256
val,0.9821073
val,0.9564632
val,0.9655268
val,0.9806148
val,0.98525953
val,0.9810269
val,0.98215055
val,0.9929632
val,1.0
val,0.97192955
val,0.9929253
val,1.0
val,0.9453478
val,1.0
val,0.9623201
val,0.98444664
val,0.9867162
val,0.976622
val,0.991959
val,0.9819379
val,0.96852267
val,0.9698604
val,0.9710032
val,0.9968284
val,0.9437212
val,0.89467263
val,0.97333205
val,0.9947641
val,0.9798476
val,0.9904684
val,0.97581935
val,0.9897692
val,0.99009633
val,0.9913279
val,0.98919535
val,0.9716162
val,0.98481154
val,0.9586126
val,0.97391534
val,0.9923799
val,0.98856246
val,0.9876448
val,0.9657036
val,0.9904144
val,0.9840513
val,0.9816392
val,0.98602283
val,0.9686349
val,0.9906828
val,0.9886813
val,0.96895576
val,0.9792464
val,0.9946639
val,0.96759
val,0.9699448
val,0.9799216
val,0.9833684
val,0.97890574
val,0.8913238
val,0.97322756
val,0.9737889
val,0.9917531
val,0.99168813
val,0.98842424
val,0.98906964
val,0.9620224
val,0.9946414
val,0.9737498
val,0.98742574
val,0.9860093
val,0.9864224
val,0.9645079
val,0.97659826
val,0.9507561
val,0.99305063
val,0.86780614
val,0.984863
val,0.9881639
val,0.98284376
val,0.98749113
val,0.98240274
val,0.9860962
val,0.7213061
val,0.7112107
val,0.9919883
val,0.97497225
val,0.9940374
val,0.983099
val,0.9946022
val,0.98855156
val,0.9808078
val,0.975007
val,0.9848303
val,0.9446603
val,0.9944454
val,0.9927942
val,0.99297637
val,0.94126916
val,0.985921
val,0.9891829
val,0.9200043
val,0.9918779
val,0.96681017
val,0.9844688
val,0.99398893
val,0.9664577
val,0.96928346
val,0.9946259
val,0.96011055
val,0.9862322
val,0.9802826
val,0.98919547
val,0.846248
val,0.9485818
val,0.96886086
val,0.95653653
val,0.99219763
val,0.9903999
val,0.9833413
val,0.98545146
val,0.98407257
val,0.98728424
val,0.99591017
val,0.98115486
val,0.96622074
val,0.9871133
val,0.98915887
val,0.96874434
val,0.9744735
val,0.97615874
val,0.9875059
val,0.95662093
val,0.96605396
val,0.9936485
val,0.98228747
val,0.9910172
val,0.95961165
val,0.98586655
val,0.97306514
val,0.99204886
val,0.97933495
val,0.98985034
val,0.99305946
val,0.9892094
val,0.95530725
val,0.98544073
val,0.94398576
val,0.9740969
val,0.98760843
val,0.90108657
val,0.96250564
val,0.9678631
val,0.9537829
val,0.98937976
val,0.98354864
val,0.9874829
val,0.98227715
val,0.9889927
val,0.97387123
val,0.96970093
val,0.9888514
val,0.9965207
val,0.9366392
val,0.9974394
val,0.98762196
val,0.94644356
val,0.9849717
val,0.9731457
val,0.9923639
val,0.98122984
val,0.9422134
val,0.9884891
val,0.98886275
val,0.97325253
val,0.6296427
val,0.9733318
val,0.9684229
val,0.9825069
val,0.9936242
val,0.9945172
val,0.9857771
val,0.9803237
val,0.94047195
val,0.98402673
val,0.98640156
val,0.9907891
val,0.98564875
val,0.9853215
val,0.97323596
val,0.8598302
val,0.9724347
val,0.98333126
val,0.9800123
val,0.9695082
val,0.9894554
val,0.9845859
val,0.97983646
val,0.9832952
val,0.9878205
val,0.9970702
val,0.9864917
val,0.984774
val,0.8838747
val,0.737786
val,0.9808422
val,0.9574098
val,0.89333737
val,0.9747628
val,0.95300066
val,0.9660667
val,0.96573734
val,0.8706858
val,0.999244
val,0.9779446
val,0.9518042
val,0.87809217
val,0.6982037
val,0.9890464
val,0.9685869
val,0.9815457
val,0.9661513
val,0.98246056
val,0.95750237
val,0.9985366
val,0.9867662
val,0.9831936
val,0.98569024
val,0.9991778
val,0.9801346
val,0.87041575
val,0.93315375
val,0.9808289
val,0.9298683
val,0.9443301
val,0.96733046
val,0.96068025
val,0.9355991
val,0.945171
val,0.8938555
val,0.99337137
val,0.8441887
val,0.9801221
val,0.9320667
val,0.9991377
val,0.9420393
val,0.9693047
val,0.8946947
val,0.979777
val,0.9808744
val,0.89946246
val,0.9537816
val,0.9999999
val,0.9999998
val,1.0000002
val,0.99999994
val,0.97434235
val,1.0000002
val,0.9697577
val,0.9607787
val,0.9720763
val,0.992071
val,1.0000001
val,0.99999976
val,0.97742
val,0.9530433
val,0.92336214
val,0.7883139
val,0.9621266
val,0.99924064
val,0.9737286
val,0.9641052
val,0.93312573
val,0.9910529
val,0.97107923
val,0.9999999
val,0.9550181
val,0.9999999
val,0.95982736
val,0.99580026
val,0.9854361
val,0.9404172
val,1.0000001
val,0.88253605
val,0.96502423
val,0.941673
val,0.96278036
val,0.97971416
val,1.0
val,0.9231852
val,0.948189
val,0.9999999
val,1.0
val,0.98205245
val,0.8761323
val,0.9536722
val,0.9974201
val,0.9757819
val,0.98612356
val,0.93995416
val,0.8844043
val,0.99974686
val,0.947374
val,0.98899674
val,0.994449
val,1.0
val,0.9420409
val,0.9672709
val,0.93183064
val,0.96263415
val,0.99973077
val,0.9458912
val,0.9980165
val,0.9458788
val,1.0
val,0.97491723
val,0.99923086
val,0.92393744
val,0.9784335
val,0.9878714
val,0.9216138
val,0.9451339
val,0.9488164
val,0.94242615
val,1.0000002
val,0.99999976
val,0.9999999
val,0.9922239
val,0.97164553
val,0.9999998
val,1.0000004
val,0.96997815
val,0.99435395
val,0.9994192
val,0.96256
val,0.9821005
val,0.99510527
val,0.9997871
val,0.9533563
val,0.99944955
val,0.9834423
val,0.9461279
val,0.91646785
val,0.9312824
val,0.9551287
val,0.9799211
val,0.9900804
val,0.99999994
val,0.9339991
val,1.0000001
val,0.9522422
val,1.0
val,0.9864406
val,0.9491083
val,1.0000002
val,0.8914327
val,1.0000004
val,0.9622339
val,0.9627017
val,0.9741645
val,0.99930143
val,0.98501456
val,0.9995469
val,0.973895
val,1.0000002
val,0.9817794
val,0.9897172
val,0.97054404
val,1.0000004
val,0.9990569
val,0.99861926
val,0.9999999
val,0.9988152
val,0.8880489
val,0.8114393
val,0.91303724
val,0.96310484
val,0.95561934
val,0.9962557
val,0.9738203
val,0.9739357
val,0.99925673
val,0.99999994
val,0.9903554
val,0.87005407
val,0.9597727
val,0.9315001
val,0.9670028
val,0.9526424
val,0.8881718
val,0.9281076
val,0.9649393
val,0.9998195
val,0.992397
val,0.98490524
val,0.86366653
val,0.88826287
val,0.97416294
val,0.97572
val,0.9701181
val,0.96506405
val,0.9610183
val,0.97513556
val,0.9956484
val,0.99965584
val,1.0
val,0.9283351
val,0.96981823
val,0.96819997
val,0.9551841
val,0.99612975
val,0.9251392
val,0.97786236
val,0.96491385
val,0.958869
val,0.99646354
val,0.9794698
val,0.9958463
val,0.9540585
val,0.95963764
val,1.0
val,0.9878379
val,0.9631622
val,0.9730563
val,0.96211445
val,0.9634377
val,0.9993125
val,0.9999999
val,0.9644934
val,0.9774972
val,0.9830271
val,0.97040296
val,0.9902191
val,1.0000001
val,0.9052073
val,0.7304354
val,0.96765167
val,0.9640254
val,0.9620907
val,0.9980629
val,0.9156094
val,0.9999999
val,0.9755429
val,0.9954655
val,0.9280389
val,0.8714514
val,0.954767
val,0.99250484
val,0.9836173
val,0.96553457
val,1.0000001
val,0.99999994
val,0.95461226
val,0.94877654
val,0.97460604
val,0.9591665
val,0.9926829
val,1.0000001
val,0.97726023
val,0.9868745
val,0.9864535
val,0.96297646
val,0.98482716
val,0.9947932
val,0.9993355
val,0.9888958
val,0.9932642
val,0.98766583
val,0.9407072
val,1.0
val,1.0
val,0.95827
val,0.95170295
val,0.8083739
val,0.95303977
val,0.98337424
val,0.99966455
val,0.99999994
val,0.98079014
val,0.9632989
val,1.0000002
val,1.0000002
val,0.96813273
val,0.91868824
val,0.99913675
val,0.96494985
val,0.9248513
val,1.0
val,0.96780515
val,1.0
val,0.9568202
val,1.0
val,0.9186588
val,1.0000001
val,0.9827635
val,0.9526952
val,0.9633875
val,0.9844622
val,0.6571902
val,0.9999998
val,0.9591094
val,0.99617565
val,0.99999976
val,0.9570658
val,0.95795417
val,0.9732506
val,0.96256995
val,1.0
val,0.9615044
val,0.9687466
val,0.96479666
val,0.9663113
val,0.9631524
val,0.9828155
val,0.9675702
val,0.97928464
val,1.0000001
val,0.96528953
val,0.9589032
val,0.932469
val,1.0
val,1.0
val,1.0
val,0.9602808
val,0.80426097
val,0.95743966
val,0.92451155
val,1.0
val,0.89048326
val,0.9941561
val,1.0000001
val,0.9624361
val,1.0000001
val,0.9647132
val,0.9200493
val,1.0000001
val,0.9554081
val,0.991336
val,1.0
val,0.93176097
val,0.9939762
val,0.96172595
val,0.9552456
val,1.0
val,1.0000001
val,0.9999999
val,0.99999994
val,0.97744286
val,0.9678966
val,0.93171275
val,0.986645
val,0.9636851
val,0.97707224
val,0.93769276
val,0.9459096
val,0.9680582
val,0.9724945
val,0.98001564
val,0.9863173
val,1.0000001
val,1.0
val,0.7008465
val,0.9237008
val,0.93724084
val,0.977719
val,0.9079302
val,0.9720371
val,0.97618896
val,1.0
val,0.9754049
val,0.97157514
val,1.0000004
val,0.95516723
val,0.93155515
val,0.7160629
val,0.9999998
val,0.99027985
val,0.96501094
val,0.9999999
val,1.0
val,0.98772305
val,0.9729241
val,1.0000001
val,0.99999994
val,0.9999998
val,0.99999964
val,0.99999964
val,0.9289982
val,0.9511789
val,0.9591669
val,1.0
val,0.932234
val,0.9913893
val,0.9474918
val,0.97593707
val,1.0000001
val,0.9999997
val,0.9568845
val,0.9999996
val,0.8828974
val,0.96588075
val,0.9658216
val,0.9903274
val,0.9999998
val,0.99239343
val,1.0
val,0.96609575
val,0.9999999
val,1.0
val,0.959592
val,0.8685371
val,0.97215414
val,0.999375
val,0.9899876
val,0.96329373
val,1.0
val,1.0000002
val,0.99836355
val,0.7413506
val,0.99999976
val,0.9999997
val,1.0000002
val,0.97020155
val,0.8471183
val,0.99999994
val,0.99968725
val,0.9704238
val,0.95710474
val,0.9999998
val,0.9381242
val,1.0000002
val,0.9552766
val,0.9591036
val,0.99999994
val,0.9580438
val,1.0000001
val,0.9745996
val,0.9621886
val,0.97414166
val,0.93707514
val,0.9817297
val,1.0000001
val,1.0
val,0.9226892
val,0.9783561
val,0.9745778
val,0.96838117
val,0.96177447
val,0.99999976
val,0.96476686
val,0.99999976
val,0.99999994
val,0.9997057
val,0.8681401
val,0.9694605
val,0.8897499
val,0.96240115
val,0.99999994
val,0.95122266
val,1.0
val,0.9720724
val,0.9771424
val,0.9596899
val,0.96820605
val,0.9317653
val,0.94974285
val,0.96239424
val,0.9701929
val,0.9453045
val,0.9735094
val,0.9852451
val,0.8438634
val,1.0000001
val,0.95606333
val,0.94699734
val,0.9729949
val,0.9786145
val,0.9304649
val,0.96087384
val,0.95175934
val,0.95127606
val,0.9489814
val,0.96128964
val,0.9707067
val,0.991467
val,0.96718466
val,0.7185262
val,0.99037504
val,0.9603053
val,1.0
val,0.9583234
val,0.8255224
val,0.99999976
val,0.95546997
val,1.0000001
val,1.0
val,0.96959627
val,0.95876503
val,0.9331974
val,0.9677441
val,1.0000004
val,0.9588475
val,1.0000001
val,0.97208214
val,0.96742415
val,1.0
val,0.9684297
val,0.9940995
val,0.9481014
val,0.96834916
val,0.99999994
val,1.0
val,0.99999976
val,0.9645407
val,0.96258825
val,1.0000002
val,0.95934945
val,0.9813831
val,0.9718175
val,0.9651022
val,0.9556334
val,0.97322905
val,0.9921112
val,0.9999999
val,1.0000001
val,0.97281945
val,0.9605326
val,0.9825071
val,0.97248083
val,1.0
val,0.98049074
val,0.9999999
val,0.99076104
val,0.9164168
val,1.0000001
val,0.97419816
val,1.0
val,0.94516957
val,0.97220355
val,0.99052894
val,0.96771365
val,0.9458705
val,0.98117864
val,0.9831306
val,0.9983249
val,0.8320868
val,0.9693357
val,0.9816743
val,0.9948862
val,0.9667921
val,0.9802214
val,0.981685
val,0.9725382
val,0.97483784
val,0.906816
val,0.96349794
val,0.98097754
val,0.98643374
val,0.98757756
val,0.9763056
val,0.969072
val,0.96885765
val,0.97853565
val,0.97928405
val,0.9789642
val,0.9943616
val,0.9754852
val,0.97858405
val,0.99042296
val,0.97943795
val,0.96990937
val,0.87137485
val,0.9980811
val,0.9892018
val,0.9562787
val,0.9799347
val,0.99512076
val,0.99089324
val,0.97128844
val,0.97979486
val,0.99582565
val,0.9827602
val,0.96691465
val,0.989451
val,0.99102855
val,0.9923277
val,0.9833025
val,0.9816433
val,0.9481381
val,0.98980206
val,0.9897378
val,0.9552412
val,0.99621654
val,0.94357264
val,0.9920806
val,0.9788624
val,0.9669682
val,0.9889418
val,0.98937315
val,0.9991586
val,0.9963683
val,0.9905607
val,0.96787965
val,0.9954475
val,0.98452735
val,0.99046594
val,0.9994596
val,0.9784527
val,0.983919
val,0.97746956
val,0.978403
val,0.98061806
val,0.9923817
val,0.987038
val,0.9713292
val,0.9400718
val,0.9525989
val,0.9956339
val,0.979623
val,0.9866432
val,0.98666227
val,0.91806334
val,0.96068645
val,0.99081886
val,0.97500086
val,0.9656749
val,0.9741908
val,0.97523427
val,0.9771848
val,0.9920528
val,0.9906403
val,0.9772654
val,0.9856923
val,0.98238474
val,0.9961011
val,0.98857945
val,0.9914387
val,0.9820447
val,0.95603395
val,0.9848592
val,0.97856504
val,0.9774972
val,0.9904146
val,0.9977869
val,0.9936778
val,0.9925329
val,0.98433024
val,0.99147147
val,0.98655486
val,0.99319506
val,0.98882663
val,0.98069626
val,0.98596394
val,0.955539
val,0.9874117
val,0.9950123
val,0.966229
val,0.9825453
val,0.9958508
val,0.9888832
val,0.9658591
val,0.9709181
val,0.9894555
val,0.9903838
val,0.9968437
val,0.9928784
val,0.982346
val,0.99177057
val,0.9967716
val,0.98817164
val,0.73560154
val,0.98363733
val,0.9887022
val,0.9640891
val,0.9735125
val,0.9879412
val,0.99491286
val,0.99285203
val,0.98813784
val,0.99379206
val,0.98966575
val,0.9933952
val,0.9845201
val,0.99290854
val,0.98638433
val,0.72937596
val,0.9882815
val,0.9947265
val,0.9776645
val,0.99401224
val,0.99608487
val,0.98214686
val,0.97921336
val,0.9928473
val,0.9921062
val,0.98589146
val,0.99435294
val,0.9879943
val,0.98529595
val,0.95411086
val,0.9381851
val,0.9846945
val,0.9945591
val,0.9953755
val,0.8140949
val,0.9847974
val,0.9860632
val,0.9934161
val,0.99065566
val,0.9838128
val,0.9799057
val,0.98226666
val,0.9914164
val,0.9890307
val,0.98753154
val,0.98177093
val,0.9833473
val,0.98091954
val,0.9892447
val,0.9897578
val,0.9855666
val,0.9842744
val,0.9833871
val,0.97718704
val,0.9930047
val,0.99038124
val,0.9834621
val,0.98883265
val,0.9887111
val,0.9954048
val,0.9785937
val,0.9940987
val,0.97451055
val,0.971692
val,0.9886501
val,0.9782764
val,0.9894196
val,0.9826467
val,0.9817673
val,0.9675505
val,0.98807085
val,0.9926653
val,0.9892012
val,0.9933329
val,0.9796175
val,0.9857205
val,0.98684335
val,0.9931723
val,0.9885861
val,0.9777585
val,0.9946873
val,0.98214763
val,0.982434
val,0.9846705
val,0.99122465
val,0.9903442
val,0.9859076
val,0.99104905
val,0.9782698
val,0.9834665
val,0.9873004
val,0.98996073
val,0.97651416
val,0.98935306
val,0.96593475
val,0.9826204
val,0.98988813
val,0.9967299
val,0.99022853
val,0.98197365
val,0.9946173
val,0.98666346
val,0.9910198
val,0.98696184
val,0.9811337
val,0.9799195
val,0.98989636
val,0.99104905
val,0.9872134
val,0.983299
val,0.9890406
val,0.9866053
val,0.993859
val,0.96797
val,0.9767391
val,0.9835547
val,0.99731755
val,0.9893204
val,0.9862373
val,0.9830037
val,0.9923773
val,0.98337865
val,0.990648
val,0.97400457
val,0.8073963
val,0.8933984
val,0.993804
val,0.99631435
val,0.96424043
val,0.9942585
val,0.99389136
val,0.99203706
val,0.9228451
val,0.99842364
val,0.9509411
val,0.9471543
val,0.99781597
val,0.99205816
val,0.9973706
val,0.99432147
val,0.9886441
val,0.99342525
val,0.9918039
val,0.99626267
val,0.91387343
val,0.9860379
val,0.9914275
val,0.9367268
val,0.9862113
val,0.9910034
val,1.0000001
val,0.8983121
val,0.9947542
val,0.99524117
val,0.99709123
val,0.9723598
val,0.99526745
val,0.9959211
val,0.92495203
val,0.98389673
val,0.97718155
val,0.995384
val,0.99508977
val,0.9923961
val,0.9966086
val,0.99625665
val,0.9999999
val,0.9868206
val,0.98877716
val,0.9980657
val,0.98213995
val,0.9961022
val,0.81195045
val,0.78039813
val,0.99147844
val,0.96818864
val,0.9009769
val,0.9804886
val,0.99736875
val,0.9940778
val,0.9959396
val,0.9942558
val,0.9937644
val,0.872784
val,0.9931365
val,0.99500746
val,0.9973804
val,0.9984498
val,0.99136305
val,0.998433
val,0.75201076
val,0.99570525
val,0.9229931
val,0.87156737
val,0.99293554
val,0.7453892
val,0.9405595
val,0.80597925
val,0.99078035
val,0.99467987
val,0.9950782
val,0.9951087
val,0.9886396
val,0.9637228
val,0.9970269
val,0.99086046
val,0.75416136
val,0.79331005
val,0.98898923
val,0.9965146
val,0.9601913
val,0.830474
val,0.9766761
val,0.96219856
val,0.9973883
val,0.9176846
val,0.98947644
val,0.93950063
val,0.9941541
val,0.9871635
val,0.998423
val,0.97322387
val,0.975184
val,0.93610406
val,0.7572373
val,0.9983056
val,0.9723741
val,0.9947365
val,0.98865485
val,0.9264979
val,1.0
val,0.807962
val,0.9829803
val,0.9628284
val,0.9958028
val,0.9901532
val,0.9915243
val,0.98486096
val,0.9968347
val,0.9899742
val,0.9961718
val,0.7898398
val,0.96902704
val,0.92151386
val,0.9691375
val,0.7766321
val,0.93824536
val,0.93788373
val,0.95730966
val,0.9674808
val,0.9030523
val,0.9567934
val,0.94386804
val,0.9386055
val,0.9715089
val,0.89120126
val,0.9671296
val,0.9434712
val,0.9442282
val,0.94086504
val,0.94706404
val,0.949973
val,0.96735364
val,0.9370207
val,0.96850413
val,0.96826464
val,0.9652112
val,0.9666009
val,0.9423643
val,0.9496244
val,0.9226056
val,0.96113276
val,0.9620058
val,0.9452857
val,0.8547323
val,0.9366918
val,0.94606984
val,0.8555969
val,0.96095264
val,0.7639262
val,0.9251051
val,0.76109254
val,0.9597676
val,0.9505509
val,0.96631336
val,0.970543
val,0.9076418
val,0.9712465
val,0.9553714
val,0.94771874
val,0.94723535
val,0.91217977
val,0.9535383
val,0.95465124
val,0.95477235
val,0.95636404
val,0.953858
val,0.9253744
val,0.9367305
val,0.91718024
val,0.9764935
val,0.9495958
val,0.96050674
val,0.9391717
val,0.9559622
val,0.91140527
val,0.9490204
val,0.89920294
val,0.96215683
val,0.8932768
val,0.95304024
val,0.9561762
val,0.9365152
val,0.95989573
val,0.90814835
val,0.86838263
val,0.81607556
val,0.98380893
val,0.8492131
val,0.9434609
val,0.9563099
val,0.9155412
val,0.8831345
val,0.960079
val,0.9620564
val,0.96926636
val,0.9101
val,0.9609692
val,0.91416395
val,0.9625554
val,0.93053985
val,0.930131
val,0.8859409
val,0.93756735
val,0.96140444
val,0.8988768
val,0.92101353
val,0.7808826
val,0.98254335
val,0.9582543
val,0.894505
val,0.9624773
val,0.95123
val,0.93893266
val,0.95262957
val,0.9425435
val,0.9841287
val,0.8821156
val,0.97031534
val,0.8657033
val,0.98804414
val,0.9805366
val,0.6431688
val,0.83252615
val,0.91837907
val,0.7894101
val,0.9809835
val,0.6067681
val,0.95177776
val,0.9557859
val,0.9553696
val,0.90213704
val,0.9607941
val,0.8403434
val,0.9530847
val,0.94763434
val,0.9290196
val,0.87305295
val,0.9173973
val,0.98560524
val,0.9662447
val,0.97981316
val,0.91821647
val,0.9144991
val,0.9499115
val,0.8873186
val,0.92635536
val,0.9471004
val,0.8732791
val,0.90732753
val,0.96454346
val,0.9607133
val,0.9572347
val,0.81139576
val,0.9359863
val,0.9632564
val,0.95828414
val,0.69734097
val,0.95763516
val,0.9675108
val,0.9697817
val,0.8683933
val,0.92064226
val,0.9554194
val,0.95104754
val,0.861388
val,0.98751014
val,0.97502005
val,0.8849489
val,0.9062283
val,0.974701
val,0.9737748
val,0.911154
val,0.9443918
val,0.9431714
val,0.96181047
val,0.9552314
val,0.95443296
val,0.9811765
val,0.9215852
val,0.9461409
val,0.9590602
val,0.9452461
val,0.9670489
val,0.92773134
val,0.88457453
val,0.9519626
val,0.82614547
val,0.9603605
val,0.9657546
val,0.86015403
val,0.9707988
val,0.9633423
val,0.95034176
val,0.8368928
val,0.96747255
val,0.7633792
val,0.83497566
val,0.9058417
val,0.9808053
val,0.96127284
val,0.9366654
val,0.9734118
val,0.8844893
val,0.8746537
val,0.9594747
val,0.95984125
val,0.96066236
val,0.992625
val,0.8246591
val,0.94244426
val,0.6538301
val,0.9741949
val,0.9382627
val,0.9056925
val,0.8885783
val,0.876493
val,0.8644427
val,0.8542309
val,0.9212701
val,0.9464496
val,0.9409977
val,0.8988049
val,0.80159104
val,0.8937111
val,0.866886
val,0.655131
val,0.9362415
val,0.9277959
val,0.83265114
val,0.8600498
val,0.91181946
val,0.9517472
val,0.95876783
val,0.96697384
val,0.96607053
val,0.9249649
val,0.96529347
val,0.9701892
val,0.92705923
val,0.7344427
val,0.9500956
val,0.9771257
val,0.9565571
val,0.9469772
val,0.94091934
val,0.92754257
val,0.9600294
val,0.91372275
val,0.9688682
val,0.96367323
val,0.93810636
val,0.9608634
val,0.9497915
val,0.90091634
val,0.9755726
val,0.98080873
val,0.96139073
val,0.9242684
val,0.9747532
val,0.95875055
val,0.95883375
val,0.8340662
val,0.94880754
val,0.93503106
val,0.9677405
val,0.9444991
val,0.9610791
val,0.95812553
val,0.9682811
val,0.90671873
val,0.7313507
val,0.9763505
val,0.9392527
val,0.9050508
val,0.95713717
val,0.9570328
val,0.9598622
val,0.9687204
val,0.980036
val,0.98243004
val,0.9752346
val,0.9773859
val,0.93573284
val,0.9707475
val,0.9495042
val,0.95800537
val,0.966123
val,0.9020825
val,0.95676976
val,0.8835115
val,0.9556299
val,0.9654171
val,0.9314103
val,0.8694475
val,0.89435345
val,0.96024334
val,0.90185964
val,0.97164524
val,0.95642436
val,0.9330938
val,0.95223
val,0.9584328
val,0.97184336
val,0.9343503
val,0.94926596
val,0.967919
val,0.9597415
val,0.9726907
val,0.9694909
val,0.9694738
val,0.95870316
val,0.94885945
val,0.99687296
val,0.93970156
val,0.9015722
val,0.9846809
val,0.9514992
val,0.8893244
val,0.96478367
val,0.93467534
val,0.9310076
val,0.95653445
val,0.97945976
val,0.9596443
val,0.93871844
val,0.9708328
val,0.957326
val,0.9966935
val,0.94154036
val,0.9679053
val,0.8439027
val,0.8394017
val,0.95661026
val,0.8558444
val,0.9578225
val,0.8834455
val,0.96384585
val,0.95074844
val,0.93204415
val,0.9746086
val,0.9362056
val,0.955475
val,0.9139106
val,0.9546802
val,0.95875067
val,0.92265195
val,0.96965337
val,0.9056162
val,0.96302605
val,0.94805926
val,0.97353554
val,0.9683707
val,0.9752383
val,0.87729764
val,0.955605
val,0.9598664
val,0.96488374
val,0.92526865
val,0.95455277
val,0.9552008
val,0.9628538
val,0.9777337
val,0.887509
val,0.9555495
val,0.957881
val,0.96088994
val,0.9688264
val,0.93492955
val,0.96918565
val,0.9124023
val,0.9542706
val,0.93295264
val,0.9686662
val,0.967241
val,0.968223
val,0.9366263
val,0.9610357
val,0.95787156
val,0.9759661
val,0.9692706
val,0.977525
val,0.97856563
val,0.9438212
val,0.9391433
val,0.8507003
val,0.96391577
val,0.95727515
val,0.9697002
val,0.98497534
val,0.93915594
val,0.96502423
val,0.94485795
val,0.9710083
val,0.96121454
val,0.9619061
val,0.95985687
val,0.93711007
val,0.95394814
val,0.95460963
val,0.9501016
val,0.96989155
val,0.9567586
val,0.9649922
val,0.864746
val,0.9490323
val,0.94913405
val,0.94889367
val,0.9468514
val,0.96063936
val,0.9635749
val,0.9592533
val,0.95250046
val,0.88647974
val,0.9655779
val,0.9434588
val,0.9196793
val,0.8925109
val,0.6332787
val,0.95594096
val,0.9408001
val,0.96985483
val,0.9222716
val,0.89824677
val,0.97504246
val,0.9630413
val,0.9703245
val,0.97715986
val,0.96788
val,0.9657552
val,0.9667845
val,0.97326845
val,0.9428638
val,0.9772433
val,0.9616357
val,0.95942557
val,0.8764949
val,0.9685786
val,0.94952893
val,0.9612529
val,0.89896613
val,0.960956
val,0.947844
val,0.899029
val,0.9706981
val,0.93017936
val,0.93590057
val,0.9513583
val,0.9615009
val,0.9702942
val,0.9097402
val,0.9061774
val,0.86521834
val,0.94117105
val,0.9620292
val,0.96407354
val,0.94430304
val,0.97589725
val,0.9758066
val,0.96046704
val,0.9544438
val,0.96797454
val,0.9496758
val,0.940585
val,0.9707241
val,0.96676016
val,0.9792175
val,0.9649434
val,0.93689257
val,0.94580805
val,0.9509289
val,0.78366613
val,0.96501434
val,0.9738615
val,0.9257212
val,0.9600568
val,0.940972
val,0.9700607
val,0.9684652
val,0.96945167
val,0.90838325
val,0.95432776
val,0.9673703
val,0.9576055
val,0.9953408
val,0.9606313
val,0.95269024
val,0.94430864
val,0.9693531
val,0.9582205
val,0.9740389
val,0.97044456
val,0.96729
val,0.9794353
val,0.9605706
val,0.9401187
val,0.9716448
val,0.9650372
val,0.9302123
val,0.9687884
val,0.9572695
val,0.9656968
val,0.94589937
val,0.94428796
val,0.96747607
val,0.9529606
val,0.96858734
val,0.95160156
val,0.95706296
val,0.9492204
val,0.9341034
val,0.9553193
val,0.9425736
val,0.9630032
val,0.9602537
val,0.9605522
val,0.9431268
val,0.9711765
val,0.9650538
val,0.9598749
val,0.9656186
val,0.9653558
val,0.9604266
val,0.9482913
val,0.9464386
val,0.97132415
val,0.9418342
val,0.9704514
val,0.9467294
val,0.96582514
val,0.95805115
val,0.8670393
val,0.97353464
val,0.93406945
val,0.96433085
val,0.9437246
val,0.9283287
val,0.9208107
val,0.9786626
val,0.9694662
val,0.8853111
val,0.9702086
val,0.96928495
val,0.9807801
val,0.9440364
val,0.96851975
val,0.9580549
val,0.9616688
val,0.9002659
val,0.92293453
val,0.91475934
val,0.94829285
val,0.86576265
val,0.83219516
val,0.9560604
val,0.9200733
val,0.9317842
val,0.9759448
val,0.9533951
val,0.92306185
val,0.9638084
val,0.87000614
val,0.9540633
val,0.9725883
val,0.9347512
val,0.96723056
val,0.96630037
val,0.93261397
val,0.95337826
val,0.93118507
val,0.9521452
val,0.9457576
val,0.9701495
val,0.94482243
val,0.96133375
val,0.9428799
val,0.93161654
val,0.96678233
val,0.8861087
val,0.9428797
val,0.954718
val,0.94840807
val,0.9572185
val,0.94637614
val,0.9616162
val,0.8950757
val,0.96129316
val,0.84285414
val,0.97337496
val,0.95737135
val,0.9209417
val,0.9679304
val,0.9718722
val,0.94158673
val,0.95684326
val,0.9782353
val,0.96766317
val,0.97117996
val,0.9429889
val,0.9602499
val,0.7853309
val,0.96263933
val,0.96090055
val,0.9544183
val,0.971318
val,0.9628965
val,0.9714061
val,0.9677167
val,0.83529717
val,0.9435487
val,0.96269333
val,0.93935907
val,0.9522835
val,0.96040845
val,0.9554082
val,0.9750118
val,0.96914357
val,0.9513837
val,0.9691614
val,0.75707126
val,0.9690923
val,0.80732065
val,0.93941295
val,0.957588
val,0.95943606
val,0.9522644
val,0.9324167
val,0.9592412
val,0.9372362
val,0.96501005
val,0.9724399
val,0.94916284
val,0.9463423
val,0.88139725
val,0.96550035
val,0.9571447
val,0.9348689
val,0.95318747
val,0.96120954
val,0.96887183
val,0.97462445
val,0.9425209
val,0.9672881
val,0.95854884
val,0.9634345
val,0.9557849
val,0.9692087
val,0.9719855
val,0.9825237
val,0.9617177
val,0.9327043
val,0.9054266
val,0.9686905
val,0.96999085
val,0.9871339
val,0.9619398
val,0.95933354
val,0.93424535
val,0.9559052
val,0.9501413
val,0.913248
val,0.9728918
val,0.94894266
val,0.95072997
val,0.96212566
val,0.8840646
val,0.9298694
val,0.76273304
val,0.9768884
val,0.9413521
val,0.9363659
val,0.9560664
val,0.93725157
val,0.9211476
val,0.8654945
val,0.96536607
val,0.9666148
val,0.9141099
val,0.8422183
val,0.9633237
val,0.9594068
val,0.9514422
val,0.96513855
val,0.9344372
val,0.9453141
val,0.9717792
val,0.9552721
val,0.95140266
val,0.93561995
val,0.9616591
val,0.9670552
val,0.96108663
val,0.9706229
val,0.9630963
val,0.96762156
val,0.96108043
val,0.94715023
val,0.9292029
val,0.9508811
val,0.97243273
val,0.96580935
val,0.9455565
val,0.8923086
val,0.9522061
val,0.9328103
val,0.95224583
val,0.9611964
val,0.8736947
val,0.97148263
val,0.9337541
val,0.9389361
val,0.87151116
val,0.9217174
val,0.94535804
val,0.9306068
val,0.96965086
val,0.9621656
val,0.9596728
val,0.9871768
val,0.9673352
val,0.969858
val,0.9474124
val,0.94846094
val,0.9387704
val,0.96793
val,0.95844996
val,0.97559905
val,0.9723687
val,0.9454975
val,0.97015435
val,0.9541621
val,0.91929793
val,0.9543495
val,0.8777879
val,0.9513924
val,0.92043847
val,0.94798434
val,0.9667506
val,0.95942813
val,0.9642512
val,0.9224674
val,0.90102804
val,0.8297013
val,0.946697
val,0.9615502
val,0.9595137
val,0.8923589
val,0.9450968
val,0.9383599
val,0.9688356
val,0.9712502
val,0.967304
val,0.94081914
val,0.9642299
val,0.92065585
val,0.96274376
val,0.954638
val,0.9693868
val,0.97274
val,0.96923095
val,0.97822404
val,0.9672734
val,0.932285
val,0.9704453
val,0.9624326
val,0.93857
val,0.93900484
val,0.9695159
val,0.9670677
val,0.9717268
val,0.9575781
val,0.9657839
val,0.9680882
val,0.8904362
val,0.93816394
val,0.89949864
val,0.9535806
val,0.9527708
val,0.95428836
val,0.9631894
val,0.88169676
val,0.9429675
val,0.86456
val,0.9558266
val,0.9430831
val,0.9748504
val,0.9625252
val,0.88422596
val,0.9638307
val,0.9504864
val,0.9504369
val,0.9495803
val,0.95861167
val,0.90437824
val,0.97836185
val,0.8542148
val,0.8813081
val,0.97704923
val,0.9252764
val,0.941796
val,0.9615585
val,0.9595968
val,0.96261626
val,0.962707
val,0.7245223
val,0.8643259
val,0.95974576
val,0.9723545
val,0.9531603
val,0.9844111
val,0.91595757
val,0.9567878
val,0.9940013
val,0.9798893
val,0.97283435
val,0.97675675
val,0.97892964
val,0.9867804
val,0.9438138
val,0.94782627
val,0.98872745
val,0.9756419
val,0.9216634
val,0.95573974
val,0.9811727
val,0.99436384
val,0.9770192
val,0.98203313
val,0.9690007
val,0.98661697
val,0.99681985
val,0.72855026
val,0.9665905
val,0.95821375
val,0.99923825
val,0.97070944
val,0.98891306
val,0.9868088
val,0.9928968
val,0.99796474
val,0.9820181
val,0.9667964
val,0.985092
val,0.9835291
val,0.9619026
val,0.98698986
val,0.9632103
val,0.9799856
val,0.9958956
val,0.9555664
val,0.98944485
val,0.988588
val,0.95405495
val,0.9804237
val,0.97647107
val,0.9570247
val,0.97444785
val,0.9950793
val,0.988502
val,0.98837626
val,0.98509616
val,0.9874536
val,0.99974644
val,0.9774128
val,0.9792445
val,0.949159
val,0.9864129
val,0.9807768
val,0.9644176
val,0.9897866
val,0.98928523
val,0.98732466
val,0.9703052
val,0.97293687
val,0.9802897
val,0.9808203
val,0.9869151
val,0.9937973
val,0.98866546
val,0.97734916
val,0.9370143
val,0.9808147
val,0.97692263
val,0.9226807
val,0.99248785
val,0.80711526
val,0.9566039
val,0.9793643
val,0.98591286
val,0.9849889
val,0.91963553
val,0.9909506
val,0.8270283
val,0.8848952
val,0.95477414
val,0.95989764
val,0.99274755
val,0.9963199
val,0.9926913
val,0.7902957
val,0.98949873
val,0.9933908
val,0.98084664
val,0.9968404
val,0.9962827
val,0.99330753
val,0.7970913
val,0.9931656
val,0.98184854
val,0.69446015
val,0.98936677
val,0.99808335
val,0.99263453
val,0.98578143
val,0.97777295
val,0.7571446
val,0.91879773
val,0.918573
val,0.8523302
val,0.9909849
val,0.9951842
val,0.8332505
val,0.90593123
val,0.98426497
val,0.958893
val,0.98174053
val,0.96426725
val,0.77891
val,0.9768931
val,0.94535226
val,0.822355
val,0.99999964
val,0.9865409
val,0.9827368
val,0.9999999
val,0.9941467
val,0.9119283
val,0.98153836
val,1.0
val,0.9951463
val,0.853352
val,0.9919833
val,0.9526963
val,0.9905262
val,0.9967339
val,0.5759572
val,0.98390293
val,0.97998905
val,0.8095013
val,0.99265444
val,0.9948982
val,0.9515946
val,0.84260666
val,0.65715235
val,0.9932144
val,0.99108124
val,0.9861119
val,0.9515577
val,0.9872396
val,0.99197817
val,0.9884205
val,0.9764854
val,0.9999987
val,0.9466306
val,0.99999785
val,0.9858833
val,0.9826039
val,0.9509233
val,0.96497756
val,0.9989133
val,0.992631
val,0.9944302
val,0.99265385
val,0.99299777
val,0.985742
val,0.9853345
val,0.86531603
val,0.8883575
val,0.9905616
val,0.8930061
val,0.9760405
val,0.95655394
val,0.9261997
val,0.98128396
val,0.99507606
val,0.9798986
val,0.9898747
val,0.99093926
val,0.98614645
val,0.9914843
val,0.9938353
val,0.99986243
val,0.9446155
val,0.99265337
val,0.98997366
val,0.980217
val,0.97589827
val,0.9738862
val,0.9734459
val,0.98364353
val,0.9928763
val,0.90493685
val,0.98162395
val,0.9756301
val,0.9907544
val,0.94484764
val,0.9999992
val,0.9877845
val,0.9841067
val,0.995742
val,0.9857724
val,0.9942758
val,0.98711956
val,0.9930684
val,0.9958016
val,0.88319993
val,0.98126876
val,0.9941247
val,0.9862157
val,0.68123806
val,0.89090455
val,0.9795788
val,0.9797255
val,0.9910347
val,0.8044332
val,0.99365485
val,0.9371242
val,0.98727334
val,0.9691044
val,0.9404191
val,0.92858315
val,0.99480796
val,0.98096395
val,0.8361415
val,0.9942846
val,0.9574146
val,0.94473726
val,0.635818
val,0.9786123
val,0.9938401
val,0.95375603
val,0.9561011
val,0.95776767
val,0.90844935
val,0.9785591
val,0.9705973
val,0.9165133
val,0.9390272
val,0.81143355
val,0.9110646
val,0.96956885
val,0.98291034
val,0.9625501
val,0.98579115
val,0.8268566
val,0.9606033
val,0.9817752
val,0.9086955
val,0.9964957
val,0.9964637
val,0.9928442
val,0.99397856
val,0.9747667
val,0.8808202
val,0.98492414
val,0.9842513
val,0.98429066
val,0.9704313
val,0.994234
val,0.98775816
val,0.9868848
val,0.93233365
val,0.99585533
val,0.98819244
val,0.9900365
val,0.99172664
val,0.9999577
val,0.83913004
val,0.98166513
val,0.9446311
val,0.992911
val,0.98791337
val,0.9916141
val,0.9891523
val,0.99280804
val,0.9935341
val,0.94660413
val,0.9628558
val,0.9922099
val,0.9885485
val,0.9837743
val,0.99271464
val,0.9871537
val,0.9462514
val,0.9825872
val,0.98636276
val,0.99445605
val,0.98443747
val,0.98411745
val,0.9801198
val,0.9916611
val,0.9943147
val,0.9899543
val,0.9896095
val,0.99028593
val,0.97146934
val,0.97873896
val,0.93130386
val,0.99162114
val,0.9784448
val,0.9960954
val,0.9878948
val,0.982207
val,0.9901968
val,0.990886
val,0.9674938
val,0.98237556
val,0.9606481
val,0.98461527
val,0.9975997
val,0.9880494
val,0.96395296
val,0.98889744
val,0.9952697
val,0.9817314
val,0.98074484
val,0.9624435
val,0.96260726
val,0.95980144
val,0.9324316
val,0.98924476
val,0.98290455
val,0.9740431
val,0.9806011
val,0.9757409
val,0.9828785
val,0.94090796
val,0.96540976
val,0.9871851
val,0.99557424
val,0.99340606
val,0.9925463
val,0.99554336
val,0.9590399
val,0.9911499
val,0.9477638
val,0.9873693
val,0.993595
val,0.9952104
val,0.9770751
val,0.992006
val,0.97281927
val,0.9956176
val,0.97073543
val,0.9824778
val,0.9966649
val,0.96283877
val,0.9792307
val,0.9814243
val,0.962553
val,0.99033356
val,0.99068636
val,0.9849288
val,0.9791676
val,0.94709
val,0.99741596
val,0.9597509
val,0.9667311
val,0.9816599
val,0.96938175
val,0.99978566
val,0.9773076
val,0.9817392
val,0.9910389
val,0.99639225
val,0.99162674
val,0.97777414
val,0.9873791
val,0.9680507
val,0.96648777
val,0.9996712
val,0.9954237
val,0.99641997
val,0.9674209
val,0.978886
val,0.7808212
val,0.9932314
val,0.9767219
val,0.99792516
val,0.99023986
val,0.9309501
val,0.99071455
val,0.9936621
val,0.99067366
val,0.98588574
val,0.98410654
val,0.9881513
val,0.9797862
val,0.8131834
val,0.9964307
val,0.99615747
val,0.9750551
val,0.9883128
val,0.99329937
val,0.9855964
val,0.98951185
val,0.98290884
val,0.9878853
val,0.9868486
val,0.966274
val,0.98711944
val,0.99465203
val,0.962018
val,0.98657894
val,0.9965004
val,0.9790124
val,0.97635305
val,0.9465499
val,0.9921986
val,0.99197817
val,0.9383221
val,0.9680347
val,0.98254895
val,0.995277
val,0.991446
val,0.9902425
val,0.97952706
val,0.9914696
val,0.9878566
val,0.99147046
val,0.98278487
val,0.99501026
val,0.994892
val,0.9749047
val,0.99040306
val,0.9553721
val,0.983914
val,0.9971315
val,0.9855839
val,0.9840329
val,0.99138933
val,0.98702884
val,0.9812059
val,0.9933157
val,0.9861865
val,0.99101985
val,0.9790341
val,0.9973455
val,0.9960282
val,0.98145103
val,0.8559127
val,0.99227667
val,0.9880549
val,0.98449385
val,0.9838288
val,0.9853034
val,0.98381513
val,0.98913914
val,0.99222887
val,0.9901147
val,0.98323685
val,0.99521744
val,0.99156713
val,0.98235625
val,0.9774579
val,0.9937137
val,0.98182887
val,0.9657069
val,0.9871174
val,0.99810946
val,0.9711196
val,0.9768339
val,0.9883447
val,0.9853294
val,0.9976963
val,0.94419354
val,0.99646324
val,0.9907437
val,0.93885356
val,0.97593355
val,0.98139507
val,0.9402326
val,0.96715474
val,0.9815932
val,0.9695874
val,0.99741167
val,0.98410666
val,0.98072183
val,0.9970461
val,0.98973435
val,0.9542177
val,0.9387298
val,0.9641745
val,0.9720267
val,0.9733378
val,0.88060486
val,0.985432
val,0.9824785
val,0.9847005
val,0.9882806
val,0.98736155
val,0.92353874
val,0.9883001
val,0.90802366
val,0.9917205
val,0.9501528
val,0.99432456
val,0.99519914
val,0.9939698
val,0.99278545
val,0.96789837
val,0.783429
val,0.9872211
val,0.99558777
val,0.9893497
val,0.9775777
val,0.9933471
val,0.9913917
val,0.9690145
val,0.96895987
val,0.981881
val,0.9567615
val,0.9348267
val,0.99455905
val,0.7816909
val,0.9704863
val,0.99396384
val,0.80517495
val,0.9344033
val,0.9872886
val,0.9904494
val,0.9895053
val,0.9817754
val,0.9897515
val,0.9837735
val,0.9747515
val,0.998641
val,0.97826827
val,0.9831245
val,0.98799044
val,0.9272101
val,0.98695743
val,0.9244994
val,0.979826
val,0.99338067
val,0.9808365
val,0.99279225
val,0.9683971
val,0.99088454
val,0.9954301
val,0.9987769
val,0.97162426
val,0.9511014
val,0.9919406
val,0.98612833
val,0.9930621
val,0.9876394
val,0.9763496
val,0.9175235
val,0.9878572
val,0.9821688
val,0.9772395
val,0.9804177
val,0.99294925
val,0.98292804
val,0.98969805
val,0.99051905
val,0.90049857
val,0.9915025
val,0.99634653
val,0.99975735
val,0.9941559
val,0.8731605
val,0.98045576
val,0.99261713
val,0.99334455
val,0.98666286
val,0.986748
val,0.97677505
val,0.9956771
val,0.9869263
val,0.9923594
val,0.9943471
val,0.99109685
val,0.9686812
val,0.98783326
val,0.96499157
val,0.99190485
val,0.99203724
val,0.9839183
val,0.96483004
val,0.9732854
val,0.98507667
val,0.99383175
val,0.98653424
val,0.979879
val,0.968905
val,0.95852864
val,0.99258256
val,0.88764405
val,0.9820666
val,0.9850935
val,0.99474907
val,0.9876833
val,0.9980477
val,0.9995702
val,0.99746263
val,0.96935636
val,0.93775165
val,0.9951689
val,0.9897394
val,0.99043155
val,0.99873644
val,0.9929464
val,0.9899412
val,0.98632455
val,0.9921973
val,0.969061
val,0.9930717
val,0.97789836
val,0.99608946
val,0.98875064
val,0.9903956
val,0.9961679
val,0.953063
val,0.9783255
val,0.99841166
val,0.98182845
val,0.98538613
val,0.99495625
val,0.99504864
val,0.99059296
val,0.9916428
val,0.975876
val,0.98834467
val,0.9592903
val,0.99652636
val,0.98532623
val,0.9262091
val,0.984079
val,0.98987246
val,0.984534
val,0.9912278
val,0.9947369
val,0.97107744
val,0.9557946
val,0.9859021
val,0.9773437
val,0.9800553
val,0.96598077
val,0.9735969
val,0.98516285
val,0.98256963
val,0.97114635
val,0.9809303
val,0.9270122
val,0.99283534
val,0.9722704
val,0.989239
val,0.9860683
val,0.99283946
val,0.9766544
val,0.9939512
val,0.9989444
val,0.99641097
val,0.97538674
val,0.88251394
val,0.9915103
val,0.96530235
val,0.9879793
val,0.9911056
val,0.9990348
val,0.98213375
val,0.99166197
val,0.99342203
val,0.9972528
val,0.99516284
val,0.99559546
val,0.994948
val,0.9967178
val,0.9959806
val,0.9935394
val,0.9961029
val,0.9646768
val,0.9794495
val,0.97008157
val,0.985342
val,0.9829049
val,0.9897772
val,0.85771215
val,0.9848566
val,0.99409103
val,0.99383086
val,0.996489
val,0.9738073
val,0.9781358
val,0.96321785
val,0.9969439
val,0.9627936
val,0.98273516
val,0.99757075
val,0.9866132
val,0.9900145
val,0.9988643
val,0.98704296
val,0.99861753
val,0.9890895
val,0.99564767
val,0.9820725
val,0.7951821
val,0.9875914
val,0.96410686
val,0.9863827
val,0.9217777
val,0.7493241
val,0.9961122
val,0.7807049
val,0.98232096
val,0.9938936
val,0.9924334
val,0.9921793
val,0.9966663
val,0.838881
val,0.998748
val,0.98578846
val,0.9483659
val,0.98285735
val,0.98395187
val,0.9663296
val,0.95551777
val,0.9930476
val,0.88459456
val,0.89348316
val,0.84711015
val,0.5421177
val,0.9840185
val,0.9936369
val,0.99266326
val,0.75162363
val,0.9929739
val,0.8097404
val,0.95284444
val,0.6489091
val,0.9918566
val,0.9807861
val,0.7051985
val,0.98078763
val,0.99576616
val,0.96185803
val,0.99859643
val,0.8974249
val,0.99400806
val,0.98032314
val,0.9252513
val,0.98891455
val,0.9816681
val,0.9906298
val,0.9827335
val,0.80060047
val,0.6598773
val,0.98882926
val,0.9928745
val,0.81537914
val,0.9885082
val,0.9664993
val,0.90726614
val,0.9765922
val,0.9912237
val,0.98445874
val,0.9952829
val,0.9615277
val,0.91249466
val,0.9980949
val,0.95858544
val,0.99361736
val,0.9848671
val,0.7999759
val,0.9882638
val,0.99188805
val,0.9799198
val,0.93859255
val,0.9946449
val,0.999998
val,0.990486
val,0.99295735
val,0.9915862
val,0.9181748
val,0.7795573
val,0.9935189
val,0.9980665
val,0.7866125
val,0.9937897
val,0.924794
val,0.9996964
val,0.98962176
val,0.99129355
val,0.9959737
val,0.9915166
val,0.85296
val,0.90923244
val,0.931208
val,0.9843437
val,0.9585303
val,0.99110645
val,0.9733367
val,0.9953028
val,0.9791395
val,0.97349954
val,0.9946765
val,0.9871672
val,0.9789547
val,0.9563867
val,0.9249047
val,0.9859819
val,0.9945606
val,0.992059
val,0.9752059
val,0.98964703
val,0.92355347
val,0.9623147
val,0.95935094
val,0.9807248
val,0.95924544
val,0.96929574
val,0.98733866
val,0.98299795
val,0.9638399
val,0.98903596
val,0.99035406
val,0.9196077
val,0.97149795
val,0.99225914
val,0.9955939
val,0.9843501
val,0.99110806
val,0.9471149
val,0.9861986
val,0.9904716
val,0.9814532
val,0.99059176
val,0.99523395
val,0.99098957
val,0.98622847
val,0.9957142
val,0.9083175
val,0.99184614
val,0.9913722
val,0.9199117
val,0.9782536
val,0.98996806
val,0.95047736
val,0.9895665
val,0.9931402
val,0.9879348
val,0.98133975
val,0.98934186
val,0.96161073
val,0.98844814
val,0.9792817
val,0.994479
val,0.9904736
val,0.9669533
val,0.9889833
val,0.99447143
val,0.9794411
val,0.9838555
val,0.97643006
val,0.98797494
val,0.9889554
val,0.9738712
val,0.99568975
val,0.9933691
val,0.9861411
val,0.9279046
val,0.98610157
val,0.99272174
val,0.9882301
val,0.98354936
val,0.9903632
val,0.7391474
val,0.97908616
val,0.9882083
val,0.9944976
val,0.9840864
val,0.9981644
val,0.97897905
val,0.9387188
val,0.988749
val,0.9762317
val,0.9851332
val,0.9901056
val,0.9431824
val,0.98691833
val,0.99171036
val,0.98593724
internal_test,0.95445853
internal_test,0.9701259
internal_test,0.95775455
internal_test,0.97667444
internal_test,0.9488334
internal_test,0.9673562
internal_test,0.9449078
internal_test,0.94597816
internal_test,0.9721766
internal_test,0.9737185
internal_test,0.9183467
internal_test,0.84122324
internal_test,0.96588707
internal_test,0.9210914
internal_test,0.9731326
internal_test,0.9465234
internal_test,0.97327805
internal_test,0.93968916
internal_test,0.9566816
internal_test,0.97791857
internal_test,0.9507238
internal_test,0.94224304
internal_test,0.9696138
internal_test,0.9125395
internal_test,0.9601064
internal_test,0.93271905
internal_test,0.97321355
internal_test,0.9499981
internal_test,0.9615881
internal_test,0.96694744
internal_test,0.88695055
internal_test,0.975949
internal_test,0.9743661
internal_test,0.9540383
internal_test,0.8999502
internal_test,0.9409163
internal_test,0.96017045
internal_test,0.80641806
internal_test,0.9551913
internal_test,0.9423816
internal_test,0.93400776
internal_test,0.9654786
internal_test,0.9442196
internal_test,0.9676502
internal_test,0.91120744
internal_test,0.9371479
internal_test,0.9091239
internal_test,0.9481996
internal_test,0.9202639
internal_test,0.97023857
internal_test,0.9638109
internal_test,0.9465284
internal_test,0.91946036
internal_test,0.9416391
internal_test,0.9486597
internal_test,0.9498802
internal_test,0.9545457
internal_test,0.8061479
internal_test,0.94275117
internal_test,0.96795917
internal_test,0.94691575
internal_test,0.8877026
internal_test,0.95175624
internal_test,0.96231556
internal_test,0.9400312
internal_test,0.9702052
internal_test,0.889163
internal_test,0.8597108
internal_test,0.9760291
internal_test,0.972281
internal_test,0.9469322
internal_test,0.9725846
internal_test,0.94396424
internal_test,0.94379544
internal_test,0.9592339
internal_test,0.9569142
internal_test,0.94987845
internal_test,0.7721236
internal_test,0.9590436
internal_test,0.9610393
internal_test,0.92603415
internal_test,0.935473
internal_test,0.8794128
internal_test,0.9417331
internal_test,0.9730346
internal_test,0.972902
internal_test,0.9640339
internal_test,0.93655366
internal_test,0.9626473
internal_test,0.8999007
internal_test,0.9724271
internal_test,0.97130626
internal_test,0.9714495
internal_test,0.97960925
internal_test,0.9481642
internal_test,0.79220176
internal_test,0.9826342
internal_test,0.9567722
internal_test,0.9684453
internal_test,0.9734709
internal_test,0.99979115
internal_test,0.98393697
internal_test,0.9150261
internal_test,0.9830133
internal_test,0.990675
internal_test,0.9810382
internal_test,0.97897863
internal_test,0.9706811
internal_test,0.98162544
internal_test,0.99133706
internal_test,0.97734326
internal_test,0.9827846
internal_test,0.97539103
internal_test,0.9849843
internal_test,0.9833809
internal_test,0.9865557
internal_test,0.97166574
internal_test,0.9922737
internal_test,0.9840554
internal_test,0.9718175
internal_test,0.9906392
internal_test,0.97860575
internal_test,0.97072023
internal_test,0.9751516
internal_test,0.9869846
internal_test,0.95400596
internal_test,0.96810454
internal_test,0.96455896
internal_test,0.9614704
internal_test,0.99313426
internal_test,0.9893886
internal_test,0.9838818
internal_test,0.9807642
internal_test,0.9636713
internal_test,0.9434594
internal_test,0.9867213
internal_test,0.9822209
internal_test,0.9862186
internal_test,0.98408365
internal_test,0.9733503
internal_test,0.9880903
internal_test,0.9911051
internal_test,0.965193
internal_test,0.99266464
internal_test,0.99339414
internal_test,0.9894699
internal_test,0.9843321
internal_test,0.83773804
internal_test,0.99069136
internal_test,0.9704597
internal_test,0.97347873
internal_test,0.9798969
internal_test,0.9866421
internal_test,0.94051784
internal_test,0.96927726
internal_test,0.95092374
internal_test,0.9830854
internal_test,0.9908925
internal_test,0.95929766
internal_test,0.98573595
internal_test,0.9643166
internal_test,0.90928763
internal_test,0.98882544
internal_test,0.9157907
internal_test,0.97845536
internal_test,0.98597026
internal_test,0.9838363
internal_test,0.9916085
internal_test,0.9837785
internal_test,0.98796415
internal_test,0.7866016
internal_test,0.99042666
internal_test,0.966437
internal_test,0.9904001
internal_test,0.9802427
internal_test,0.98927903
internal_test,0.98301494
internal_test,0.9964503
internal_test,0.98829865
internal_test,0.995212
internal_test,0.9880861
internal_test,0.9689013
internal_test,0.98087597
internal_test,0.9841293
internal_test,0.9995547
internal_test,0.94685626
internal_test,0.9997951
internal_test,0.98679805
internal_test,0.9933337
internal_test,0.9707948
internal_test,0.9723877
internal_test,0.98993725
internal_test,0.8141897
internal_test,0.99085516
internal_test,0.9877769
internal_test,0.94146025
internal_test,0.87332654
internal_test,0.97589016
internal_test,0.9912658
internal_test,0.98314226
internal_test,0.9834373
internal_test,0.9886472
internal_test,0.9836175
internal_test,0.9815842
internal_test,0.9927238
internal_test,0.98109615
internal_test,0.97970486
internal_test,0.98794234
internal_test,0.9830934
internal_test,0.9881319
internal_test,0.98837644
internal_test,0.98388827
internal_test,0.98011184
internal_test,0.9853319
internal_test,0.9924624
internal_test,0.9913031
internal_test,0.91157687
internal_test,0.98663557
internal_test,0.98943233
internal_test,0.97433174
internal_test,0.9871264
internal_test,0.9796495
internal_test,0.9795176
internal_test,0.979983
internal_test,0.9889154
internal_test,0.98326397
internal_test,0.97805136
internal_test,0.98151803
internal_test,0.99153066
internal_test,0.9739977
internal_test,0.98862916
internal_test,0.9321647
internal_test,0.9912671
internal_test,0.9844299
internal_test,0.9920175
internal_test,0.9866924
internal_test,0.9793219
internal_test,0.9926869
internal_test,0.98330724
internal_test,0.8803847
internal_test,0.97758245
internal_test,0.9957123
internal_test,0.9899366
internal_test,0.99337804
internal_test,0.9908264
internal_test,0.9857811
internal_test,0.9956775
internal_test,0.9896232
internal_test,1.0000002
internal_test,0.9871775
internal_test,0.99436796
internal_test,0.9948477
internal_test,0.99123025
internal_test,0.9937364
internal_test,0.982289
internal_test,0.9925147
internal_test,0.97012216
internal_test,0.9896135
internal_test,0.99121535
internal_test,1.0000001
internal_test,0.98025477
internal_test,0.9936899
internal_test,0.99999994
internal_test,0.96253103
internal_test,0.97966814
internal_test,0.9806367
internal_test,0.9057516
internal_test,0.9939769
internal_test,0.985727
internal_test,0.9841088
internal_test,0.99384576
internal_test,0.99241793
internal_test,0.8276574
internal_test,0.9852494
internal_test,0.9935435
internal_test,1.0000004
internal_test,0.9746697
internal_test,0.9620824
internal_test,0.9885362
internal_test,0.9929023
internal_test,0.98568624
internal_test,0.98548204
internal_test,0.9924397
internal_test,0.9915255
internal_test,0.99999976
internal_test,0.9944497
internal_test,0.9763987
internal_test,0.97513366
internal_test,0.99057555
internal_test,0.99137306
internal_test,0.9481654
internal_test,0.98080814
internal_test,0.9923698
internal_test,1.0
internal_test,0.983505
internal_test,0.98467636
internal_test,0.9969615
internal_test,0.99017155
internal_test,0.98626906
internal_test,0.94664294
internal_test,0.9480581
internal_test,0.992412
internal_test,0.98657423
internal_test,0.9928864
internal_test,0.98642796
internal_test,0.9954443
internal_test,0.98299384
internal_test,0.973394
internal_test,0.93757343
internal_test,1.0000001
internal_test,0.9846443
internal_test,0.9863777
internal_test,0.9656908
internal_test,0.9916411
internal_test,0.9939987
internal_test,0.9713632
internal_test,0.9962364
internal_test,0.9870826
internal_test,1.0
internal_test,0.98172605
internal_test,1.0
internal_test,0.98127735
internal_test,0.97981656
internal_test,0.9999999
internal_test,0.9999999
internal_test,1.0
internal_test,1.0000001
internal_test,0.9896997
internal_test,0.9852685
internal_test,0.97752213
internal_test,0.9885231
internal_test,0.87165743
internal_test,0.95408773
internal_test,0.9867558
internal_test,0.9842573
internal_test,0.99225086
internal_test,0.9711675
internal_test,0.9949944
internal_test,0.9745083
internal_test,0.96991444
internal_test,0.9910006
internal_test,1.0000001
internal_test,0.98696315
internal_test,0.9810754
internal_test,0.9999998
internal_test,0.9900435
internal_test,0.98626137
internal_test,0.99248004
internal_test,0.97641575
internal_test,1.0
internal_test,0.9895523
internal_test,0.94603264
internal_test,0.97930175
internal_test,0.936823
internal_test,0.9947626
internal_test,0.9905052
internal_test,0.9935852
internal_test,0.9828349
internal_test,0.93096244
internal_test,0.98837596
internal_test,0.98650694
internal_test,0.9980235
internal_test,0.9916111
internal_test,0.98464143
internal_test,0.99024713
internal_test,0.985511
internal_test,0.9710548
internal_test,0.9657435
internal_test,1.0000001
internal_test,0.9839647
internal_test,0.99191535
internal_test,0.9850758
internal_test,0.98528874
internal_test,0.979038
internal_test,0.9800663
internal_test,0.9906732
internal_test,0.98521435
internal_test,0.9583869
internal_test,0.92476594
internal_test,0.9999999
internal_test,0.98383236
internal_test,0.9999999
internal_test,0.9932127
internal_test,0.9935458
internal_test,0.98635626
internal_test,0.9603635
internal_test,0.98213303
internal_test,0.9908461
internal_test,0.9941776
internal_test,0.9869257
internal_test,0.70119715
internal_test,0.9919268
internal_test,0.99999994
internal_test,0.981933
internal_test,0.97528213
internal_test,0.98773193
internal_test,0.9892698
internal_test,0.97630215
internal_test,0.9884474
internal_test,0.9914994
internal_test,0.9913281
internal_test,0.97992843
internal_test,0.9895731
internal_test,0.9909215
internal_test,0.99999994
internal_test,0.99027026
internal_test,1.0
internal_test,0.9879346
internal_test,0.9896921
internal_test,0.99059594
internal_test,0.9462967
internal_test,0.9940223
internal_test,0.97222435
internal_test,0.9935501
internal_test,0.94162405
internal_test,0.9915072
internal_test,0.9868636
internal_test,0.91385597
internal_test,0.9947326
internal_test,0.83820236
internal_test,0.9818747
internal_test,0.9832015
internal_test,0.9842217
internal_test,0.9919244
internal_test,0.9769007
internal_test,0.9891399
internal_test,0.97970986
internal_test,1.0000001
internal_test,0.96448016
internal_test,0.94711417
internal_test,0.9863789
internal_test,0.9887549
internal_test,1.0
internal_test,0.9878449
internal_test,0.9868822
internal_test,0.9961412
internal_test,0.99276775
internal_test,0.9675783
internal_test,0.98938954
internal_test,0.9879167
internal_test,0.9755054
internal_test,0.9889234
internal_test,0.9746002
internal_test,0.99189603
internal_test,1.0000001
internal_test,0.986905
internal_test,0.9651515
internal_test,0.9929188
internal_test,0.90799963
internal_test,0.9834138
internal_test,0.994102
internal_test,0.89282715
internal_test,0.9895203
internal_test,0.9762372
internal_test,0.9880612
internal_test,0.9999999
internal_test,0.97693
internal_test,0.9858296
internal_test,0.978115
internal_test,0.9864432
internal_test,0.99517
internal_test,0.9812684
internal_test,0.9999999
internal_test,0.9873322
internal_test,1.0000001
internal_test,1.0
internal_test,0.9875853
internal_test,1.0000001
internal_test,0.9351764
internal_test,0.9204533
internal_test,0.99301535
internal_test,0.99061793
internal_test,0.9812069
internal_test,0.98270816
internal_test,0.9882075
internal_test,0.9798542
internal_test,0.988393
internal_test,0.9503573
internal_test,0.9845904
internal_test,0.9914274
internal_test,0.9848144
internal_test,0.990424
internal_test,0.9897886
internal_test,0.98315215
internal_test,0.9776944
internal_test,0.9693407
internal_test,0.99053824
internal_test,0.9947623
internal_test,0.9422656
internal_test,0.985026
internal_test,0.9912359
internal_test,0.962608
internal_test,0.9907846
internal_test,0.86761546
internal_test,0.9890344
internal_test,0.9763864
internal_test,0.97766554
internal_test,0.9831263
internal_test,0.9813609
internal_test,0.9669821
internal_test,0.99694526
internal_test,0.96011853
internal_test,0.9241161
internal_test,0.9353136
internal_test,0.93972147
internal_test,0.96542966
internal_test,0.9924959
internal_test,0.9923252
internal_test,0.9813476
internal_test,0.9802758
internal_test,0.9812012
internal_test,0.9741048
internal_test,0.9856124
internal_test,0.9925829
internal_test,0.98169625
internal_test,0.98776454
internal_test,0.994818
internal_test,0.96856344
internal_test,0.96796376
internal_test,0.969835
internal_test,0.9883933
internal_test,0.98827344
internal_test,0.97821254
internal_test,0.98240966
internal_test,0.9215173
internal_test,0.9808643
internal_test,0.95269203
internal_test,0.9918252
internal_test,0.98149854
internal_test,0.99739724
internal_test,0.9643889
internal_test,0.98841745
internal_test,0.97278357
internal_test,0.99164224
internal_test,0.95192057
internal_test,0.9834954
internal_test,0.881713
internal_test,0.987394
internal_test,0.9533799
internal_test,0.99192643
internal_test,0.98367447
internal_test,0.9857397
internal_test,0.69494134
internal_test,0.7942847
internal_test,0.82085615
internal_test,0.9587823
internal_test,0.9686337
internal_test,0.9941221
internal_test,0.9008476
internal_test,0.987097
internal_test,0.9955363
internal_test,0.9820989
internal_test,0.97750264
internal_test,0.99405175
internal_test,0.9783317
internal_test,0.9350386
internal_test,0.9675659
internal_test,0.9882379
internal_test,0.9630345
internal_test,0.9729489
internal_test,0.98743767
internal_test,0.9974773
internal_test,0.98265564
internal_test,0.97834533
internal_test,0.9733092
internal_test,0.9896109
internal_test,0.99507827
internal_test,0.98332417
internal_test,0.9753762
internal_test,0.989666
internal_test,0.9914254
internal_test,0.92022914
internal_test,0.7873212
internal_test,0.96303225
internal_test,0.9933582
internal_test,0.99617517
internal_test,0.9903356
internal_test,0.99388385
internal_test,0.9871352
internal_test,0.96728015
internal_test,0.98863244
internal_test,0.9741423
internal_test,0.9860338
internal_test,0.8253138
internal_test,0.99050254
internal_test,0.97115314
internal_test,0.9573488
internal_test,0.99345005
internal_test,0.9667343
internal_test,0.98902404
internal_test,0.9811199
internal_test,0.9918219
internal_test,0.99000096
internal_test,0.9503628
internal_test,0.9753585
internal_test,0.99140215
internal_test,0.98570263
internal_test,0.9679669
internal_test,0.6139693
internal_test,0.9771186
internal_test,0.98026586
internal_test,0.96771604
internal_test,0.97852063
internal_test,0.9870156
internal_test,0.9934616
internal_test,0.99366266
internal_test,0.98828876
internal_test,0.9948173
internal_test,0.98927224
internal_test,0.9952004
internal_test,0.97658205
internal_test,0.9908672
internal_test,0.96705616
internal_test,0.99828553
internal_test,0.9952197
internal_test,0.9866424
internal_test,0.9946078
internal_test,0.96393573
internal_test,0.975551
internal_test,0.92210066
internal_test,0.97257245
internal_test,0.9304361
internal_test,0.99113005
internal_test,0.94845486
internal_test,0.98855764
internal_test,0.98269
internal_test,0.9824462
internal_test,0.9826776
internal_test,0.9851018
internal_test,0.9849818
internal_test,0.98921096
internal_test,0.9969498
internal_test,0.96941775
internal_test,0.9974922
internal_test,0.9815194
internal_test,0.9740762
internal_test,0.983462
internal_test,0.9901755
internal_test,0.97823155
internal_test,0.96722424
internal_test,0.9906393
internal_test,0.9821696
internal_test,0.9773364
internal_test,0.99161196
internal_test,0.98774713
internal_test,0.96195066
internal_test,0.9755027
internal_test,0.9921522
internal_test,0.9899733
internal_test,0.988065
internal_test,0.96481466
internal_test,0.97876954
internal_test,0.98077834
internal_test,0.97003055
internal_test,0.99225354
internal_test,0.9934109
internal_test,0.98596644
internal_test,0.95521015
internal_test,0.9878991
internal_test,0.99470294
internal_test,0.95304966
internal_test,0.8935411
internal_test,0.9283947
internal_test,0.9653296
internal_test,0.9646126
internal_test,0.9781228
internal_test,0.996768
internal_test,0.9581387
internal_test,0.9536555
internal_test,0.9808402
internal_test,0.9175916
internal_test,0.9855349
internal_test,0.9992578
internal_test,0.96978796
internal_test,0.96764225
internal_test,0.9256228
internal_test,0.9645918
internal_test,0.98425114
internal_test,0.9804292
internal_test,0.9676035
internal_test,0.99999994
internal_test,0.9857824
internal_test,0.9700516
internal_test,0.9999998
internal_test,0.990293
internal_test,0.99999994
internal_test,0.9693225
internal_test,0.90515935
internal_test,0.97699404
internal_test,0.9829469
internal_test,0.9972261
internal_test,0.9915594
internal_test,0.9747691
internal_test,0.96769035
internal_test,0.9443413
internal_test,0.94466496
internal_test,0.9852332
internal_test,0.84481364
internal_test,0.9961411
internal_test,0.9836366
internal_test,0.9616033
internal_test,1.0
internal_test,0.9849558
internal_test,0.9841953
internal_test,0.9999998
internal_test,0.9757687
internal_test,0.9785478
internal_test,0.96697867
internal_test,0.9725144
internal_test,0.9989121
internal_test,0.96514046
internal_test,0.96676
internal_test,1.0
internal_test,0.970275
internal_test,0.9999999
internal_test,0.9822074
internal_test,0.9559628
internal_test,1.0
internal_test,0.697221
internal_test,0.9362698
internal_test,0.95533234
internal_test,0.90553826
internal_test,0.94791985
internal_test,0.99130476
internal_test,0.7119202
internal_test,0.9809519
internal_test,0.9644334
internal_test,0.9999998
internal_test,0.9763373
internal_test,0.9845358
internal_test,0.973447
internal_test,0.96755004
internal_test,1.0
internal_test,0.952785
internal_test,0.99028635
internal_test,0.99728024
internal_test,1.0
internal_test,0.99868083
internal_test,0.9999999
internal_test,0.99915326
internal_test,0.9999999
internal_test,0.9988868
internal_test,0.9820014
internal_test,0.99108243
internal_test,0.99999964
internal_test,0.9799337
internal_test,0.95310706
internal_test,0.9685846
internal_test,0.92471874
internal_test,1.0
internal_test,1.0000002
internal_test,1.0
internal_test,0.9865605
internal_test,0.97756064
internal_test,0.9803511
internal_test,0.96414316
internal_test,0.9816346
internal_test,0.94910693
internal_test,1.0
internal_test,0.9766117
internal_test,0.957067
internal_test,1.0000001
internal_test,0.9904717
internal_test,0.98842096
internal_test,0.9919771
internal_test,0.85184884
internal_test,1.0
internal_test,0.94180244
internal_test,0.9655719
internal_test,0.79689854
internal_test,0.972366
internal_test,0.9999997
internal_test,0.9986122
internal_test,0.98886997
internal_test,0.99999994
internal_test,0.9403714
internal_test,0.7743492
internal_test,0.9599543
internal_test,0.95952046
internal_test,0.9986978
internal_test,0.9755676
internal_test,0.99999994
internal_test,1.0
internal_test,0.9513928
internal_test,0.9494509
internal_test,0.9681424
internal_test,0.8890077
internal_test,0.97683537
internal_test,0.9697025
internal_test,0.82094723
internal_test,0.9858383
internal_test,0.9046222
internal_test,0.97306496
internal_test,0.90308225
internal_test,0.9880518
internal_test,1.0000001
internal_test,0.9744423
internal_test,0.96479744
internal_test,0.9836469
internal_test,0.90784293
internal_test,0.9655069
internal_test,0.9959853
internal_test,0.9216969
internal_test,0.9989917
internal_test,0.9687324
internal_test,0.98678356
internal_test,0.9776976
internal_test,0.9999999
internal_test,0.9521091
internal_test,0.9909491
internal_test,0.9517271
internal_test,0.9518767
internal_test,0.97779226
internal_test,0.96480685
internal_test,0.9504583
internal_test,0.9915016
internal_test,0.95873773
internal_test,0.93649346
internal_test,0.7885658
internal_test,1.0000001
internal_test,0.96337205
internal_test,0.9163924
internal_test,0.9306271
internal_test,0.96012014
internal_test,0.97575116
internal_test,0.9564835
internal_test,0.96980304
internal_test,0.967172
internal_test,0.6531084
internal_test,0.9557343
internal_test,0.9581183
internal_test,0.9812516
internal_test,0.9740904
internal_test,0.96949446
internal_test,0.9684966
internal_test,0.93302226
internal_test,0.9430379
internal_test,0.9999998
internal_test,0.95402324
internal_test,0.96522474
internal_test,0.9874643
internal_test,0.99500215
internal_test,0.9368019
internal_test,0.99907076
internal_test,0.95641124
internal_test,0.9884143
internal_test,0.9999999
internal_test,0.96747184
internal_test,0.98044896
internal_test,0.97434676
internal_test,0.85093963
internal_test,0.95547813
internal_test,0.98809195
internal_test,0.93217784
internal_test,0.9839359
internal_test,0.97686493
internal_test,0.9614128
internal_test,1.0000001
internal_test,0.9999999
internal_test,0.93931055
internal_test,0.9993517
internal_test,0.94747096
internal_test,0.9725578
internal_test,0.9776372
internal_test,0.9660905
internal_test,0.98120326
internal_test,0.9858011
internal_test,0.98441195
internal_test,0.93210876
internal_test,0.9706382
internal_test,0.9506186
internal_test,0.9576982
internal_test,0.96786034
internal_test,0.9600886
internal_test,0.9922595
internal_test,0.9693568
internal_test,0.9993726
internal_test,0.97099996
internal_test,0.99940264
internal_test,0.993459
internal_test,0.9662397
internal_test,0.97585016
internal_test,0.9571087
internal_test,0.9955219
internal_test,0.98432064
internal_test,0.9200785
internal_test,0.9126762
internal_test,0.99999964
internal_test,0.9502498
internal_test,0.99752843
internal_test,0.99392706
internal_test,0.961932
internal_test,0.9647261
internal_test,0.965515
internal_test,0.98477995
internal_test,1.0000001
internal_test,0.96541166
internal_test,0.97721326
internal_test,1.0
internal_test,1.0000001
internal_test,0.9704933
internal_test,0.99606943
internal_test,0.99562883
internal_test,0.97876483
internal_test,0.9557185
internal_test,0.9813811
internal_test,0.9781281
internal_test,0.9999999
internal_test,1.0000001
internal_test,0.9586718
internal_test,0.9976673
internal_test,0.96249163
internal_test,0.9930159
internal_test,0.9503276
internal_test,0.9136011
internal_test,0.99999994
internal_test,1.0
internal_test,1.0000002
internal_test,0.94858706
internal_test,0.70741737
internal_test,0.989257
internal_test,0.9975039
internal_test,0.9998923
internal_test,0.884557
internal_test,0.9080503
internal_test,0.87526834
internal_test,1.0
internal_test,0.978124
internal_test,0.95195204
internal_test,0.9677564
internal_test,0.97048986
internal_test,0.93903476
internal_test,0.93390894
internal_test,0.9780312
internal_test,1.0
internal_test,0.9610792
internal_test,0.9517411
internal_test,0.9175972
internal_test,0.99999976
internal_test,0.95443565
internal_test,1.0
internal_test,0.96789706
internal_test,0.98397934
internal_test,0.97085524
internal_test,0.91026366
internal_test,0.999359
internal_test,0.9792038
internal_test,0.95297706
internal_test,0.9654188
internal_test,0.95550734
internal_test,0.9907448
internal_test,0.9681196
internal_test,0.9628055
internal_test,0.97574234
internal_test,0.9303819
internal_test,0.95531225
internal_test,0.68780327
internal_test,0.96675193
internal_test,0.9397572
internal_test,0.9635267
internal_test,0.9999998
internal_test,0.8808567
internal_test,0.96571386
internal_test,0.9385
internal_test,0.97605
internal_test,0.9739382
internal_test,1.0000002
internal_test,0.9623995
internal_test,0.98266673
internal_test,0.961444
internal_test,0.96275616
internal_test,0.9464687
internal_test,0.9603945
internal_test,0.9589715
internal_test,0.96137965
internal_test,0.9913187
internal_test,0.91564053
internal_test,0.96425366
internal_test,1.0000001
internal_test,0.95453584
internal_test,1.0
internal_test,0.977895
internal_test,0.9999997
internal_test,0.8617947
internal_test,0.9798563
internal_test,0.9882008
internal_test,1.0000001
internal_test,0.9603567
internal_test,0.99999994
internal_test,0.9744095
internal_test,1.0000002
internal_test,0.9924974
internal_test,0.9999999
internal_test,1.0000002
internal_test,1.0
internal_test,0.9540824
internal_test,0.94343615
internal_test,0.9373287
internal_test,0.9419254
internal_test,0.9999997
internal_test,0.9999999
internal_test,0.97531044
internal_test,0.9746042
internal_test,0.9937688
internal_test,0.9605465
internal_test,1.0000001
internal_test,0.9570734
internal_test,0.9709481
internal_test,0.95981616
internal_test,0.96587604
internal_test,0.9104363
internal_test,0.9858382
internal_test,0.96090704
internal_test,0.99999994
internal_test,0.9736941
internal_test,0.95254534
internal_test,0.96957844
internal_test,0.9507276
internal_test,0.90602535
internal_test,0.9999999
internal_test,0.94695854
internal_test,0.93153155
internal_test,0.9363606
internal_test,1.0000002
internal_test,0.9228512
internal_test,1.0000001
internal_test,0.9986056
internal_test,0.942177
internal_test,0.9268868
internal_test,0.9438249
internal_test,0.8412001
internal_test,0.965526
internal_test,0.97072196
internal_test,0.94954175
internal_test,0.9720597
internal_test,0.989126
internal_test,0.94367045
internal_test,0.8458824
internal_test,0.97914433
internal_test,0.945387
internal_test,1.0
internal_test,0.9681076
internal_test,0.9759463
internal_test,1.0
internal_test,0.95650035
internal_test,0.9837444
internal_test,0.9999999
internal_test,0.9733797
internal_test,0.94414544
internal_test,0.95680445
internal_test,0.9999999
internal_test,0.9676507
internal_test,0.94865704
internal_test,0.9999999
internal_test,0.9998448
internal_test,1.0
internal_test,0.98532116
internal_test,0.97223604
internal_test,1.0
internal_test,1.0
internal_test,0.9506793
internal_test,0.9503655
internal_test,1.0
internal_test,0.9914484
internal_test,0.8634442
internal_test,0.97902554
internal_test,0.9709104
internal_test,0.9480817
internal_test,0.9999998
internal_test,0.954942
internal_test,0.99999994
internal_test,0.9999998
internal_test,1.0
internal_test,0.99999994
internal_test,0.9489759
internal_test,0.99999994
internal_test,0.94118166
internal_test,0.989925
internal_test,0.9201147
internal_test,0.93375117
internal_test,0.95880044
internal_test,0.9724842
internal_test,0.9364161
internal_test,0.94785005
internal_test,0.95008665
internal_test,1.0
internal_test,0.97881514
internal_test,0.9660877
internal_test,0.95587564
internal_test,1.0
internal_test,0.9999999
internal_test,0.9819889
internal_test,0.911338
internal_test,1.0
internal_test,0.99940336
internal_test,1.0000001
internal_test,1.0
internal_test,0.9398675
internal_test,0.9402082
internal_test,0.9999999
internal_test,0.9088836
internal_test,0.9999999
internal_test,1.0
internal_test,1.0000002
internal_test,1.0000001
internal_test,0.95631117
internal_test,0.99999994
internal_test,0.913391
internal_test,0.99278104
internal_test,0.9999998
internal_test,0.9627079
internal_test,0.95401007
internal_test,0.9544053
internal_test,1.0
internal_test,0.97183794
internal_test,1.0000001
internal_test,0.8474551
internal_test,0.9682926
internal_test,0.93755496
internal_test,0.9584893
internal_test,0.968256
internal_test,0.9666594
internal_test,0.89769065
internal_test,0.947505
internal_test,0.99999976
internal_test,1.0
internal_test,0.95503294
internal_test,0.9524182
internal_test,0.99920595
internal_test,0.97062737
internal_test,0.99999976
internal_test,0.9092978
internal_test,0.9620533
internal_test,0.94904006
internal_test,0.9976202
internal_test,0.9569893
internal_test,1.0000002
internal_test,0.99999976
internal_test,0.95702255
internal_test,0.9418204
internal_test,1.0
internal_test,1.0
internal_test,1.0000001
internal_test,0.95650446
internal_test,0.9495665
internal_test,0.90539944
internal_test,0.99453986
internal_test,1.0
internal_test,0.9999999
internal_test,0.9448525
internal_test,0.9999999
internal_test,0.9999999
internal_test,0.90981305
internal_test,1.0
internal_test,0.9809964
internal_test,0.9988431
internal_test,1.0
internal_test,1.0
internal_test,1.0
internal_test,0.9668915
internal_test,0.9954593
internal_test,0.99999976
internal_test,0.99440086
internal_test,0.9111455
internal_test,0.962669
internal_test,1.0000002
internal_test,0.952054
internal_test,0.9615823
internal_test,0.8985813
internal_test,0.9785348
internal_test,0.9472586
internal_test,0.9463798
internal_test,0.9231216
internal_test,1.0000001
internal_test,0.95572877
internal_test,0.9726465
internal_test,0.9999999
internal_test,0.9749426
internal_test,0.97062504
internal_test,0.9341634
internal_test,0.9393751
internal_test,0.99999994
internal_test,0.97347474
internal_test,0.96775746
internal_test,0.9585433
internal_test,0.9999999
internal_test,0.99819213
internal_test,0.99999976
internal_test,0.9999999
internal_test,0.9815805
internal_test,0.9495882
internal_test,0.9395972
internal_test,0.9784045
internal_test,0.9922328
internal_test,0.9946811
internal_test,0.9999999
internal_test,0.9791502
internal_test,1.0000001
internal_test,0.94353175
internal_test,0.9993093
internal_test,0.94551486
internal_test,0.99497336
internal_test,0.9643488
internal_test,0.9833664
internal_test,0.9635008
internal_test,0.9671092
internal_test,0.9013684
internal_test,0.97946376
internal_test,0.97151923
internal_test,0.9682778
internal_test,0.97805566
internal_test,0.90897423
internal_test,0.99525946
internal_test,0.98557115
internal_test,0.9575151
internal_test,0.9764951
internal_test,0.9694583
internal_test,0.9866921
internal_test,0.992324
internal_test,0.99221766
internal_test,0.9755862
internal_test,0.995757
internal_test,0.96248263
internal_test,0.9742385
internal_test,0.97667295
internal_test,0.9840548
internal_test,0.9973077
internal_test,0.9545443
internal_test,0.9696273
internal_test,0.9851182
internal_test,0.9711285
internal_test,0.9735973
internal_test,0.9947324
internal_test,0.99899966
internal_test,0.9773486
internal_test,0.9960505
internal_test,0.97199035
internal_test,0.98119813
internal_test,0.9718356
internal_test,0.99571514
internal_test,0.9905621
internal_test,0.96985143
internal_test,0.97469205
internal_test,0.9730519
internal_test,0.9855006
internal_test,0.9603914
internal_test,0.97592664
internal_test,0.9560766
internal_test,0.97758305
internal_test,0.99460995
internal_test,0.9540285
internal_test,0.99248815
internal_test,0.99117726
internal_test,0.9709036
internal_test,0.9893365
internal_test,0.9932512
internal_test,0.99124426
internal_test,0.9574325
internal_test,0.96876645
internal_test,0.98480105
internal_test,0.9719795
internal_test,0.9802424
internal_test,0.9960826
internal_test,0.9772652
internal_test,0.99310213
internal_test,0.995841
internal_test,0.97802246
internal_test,0.9780147
internal_test,0.98544085
internal_test,0.97986037
internal_test,0.98503065
internal_test,0.96869624
internal_test,0.9842526
internal_test,0.982527
internal_test,0.9971241
internal_test,0.99678576
internal_test,0.9766187
internal_test,0.996609
internal_test,0.9591595
internal_test,0.9640933
internal_test,0.9532058
internal_test,0.9474639
internal_test,0.99513686
internal_test,0.9475501
internal_test,0.9616262
internal_test,0.9869432
internal_test,0.9860219
internal_test,0.991972
internal_test,0.9790575
internal_test,0.9841264
internal_test,0.9747734
internal_test,0.99100256
internal_test,0.99368787
internal_test,0.9859116
internal_test,0.99452204
internal_test,0.9909698
internal_test,0.9851048
internal_test,0.99485993
internal_test,0.98621017
internal_test,0.99729353
internal_test,0.9854829
internal_test,0.989211
internal_test,0.9942619
internal_test,0.9826621
internal_test,0.99077773
internal_test,0.9992481
internal_test,0.9749734
internal_test,0.9903896
internal_test,0.9874885
internal_test,0.9888256
internal_test,0.87199616
internal_test,0.9932786
internal_test,0.9626042
internal_test,0.97238725
internal_test,0.99674565
internal_test,0.9840069
internal_test,0.99122906
internal_test,0.8882477
internal_test,0.99094707
internal_test,0.9898929
internal_test,0.989378
internal_test,0.99804926
internal_test,0.99383706
internal_test,0.98227507
internal_test,0.99610823
internal_test,0.9882541
internal_test,0.9921895
internal_test,0.98517066
internal_test,0.9882323
internal_test,0.988882
internal_test,0.9073944
internal_test,0.9906657
internal_test,0.9932228
internal_test,0.98927027
internal_test,0.99148655
internal_test,0.9902313
internal_test,0.9906491
internal_test,0.98022825
internal_test,0.9496273
internal_test,0.9867783
internal_test,0.97760844
internal_test,0.97498125
internal_test,0.9831923
internal_test,0.8050833
internal_test,0.9909991
internal_test,0.98245037
internal_test,0.99330544
internal_test,0.9974786
internal_test,0.9944027
internal_test,0.95118666
internal_test,0.98847544
internal_test,0.991328
internal_test,0.6528903
internal_test,0.9866612
internal_test,0.9544791
internal_test,0.9931257
internal_test,0.98357385
internal_test,0.98950326
internal_test,0.9959521
internal_test,0.99012625
internal_test,0.95119596
internal_test,0.9852582
internal_test,0.9891206
internal_test,0.99168587
internal_test,0.9764795
internal_test,0.9844749
internal_test,0.9911858
internal_test,0.98683095
internal_test,0.9858029
internal_test,0.9862753
internal_test,0.9928304
internal_test,0.98521084
internal_test,0.9939375
internal_test,0.9853307
internal_test,0.9947127
internal_test,0.9939307
internal_test,0.9903507
internal_test,0.98172927
internal_test,0.992329
internal_test,0.98980284
internal_test,0.99349403
internal_test,0.98408973
internal_test,0.9867022
internal_test,0.9892157
internal_test,0.96967924
internal_test,0.98185265
internal_test,0.9905812
internal_test,0.992541
internal_test,0.9941992
internal_test,0.9927541
internal_test,0.9874128
internal_test,0.976423
internal_test,0.9893343
internal_test,0.99146444
internal_test,0.99159014
internal_test,0.993996
internal_test,0.9954472
internal_test,0.97853106
internal_test,0.995543
internal_test,0.97966933
internal_test,0.99325037
internal_test,0.9867872
internal_test,0.9932396
internal_test,0.9787818
internal_test,0.9955378
internal_test,0.98865813
internal_test,0.98564273
internal_test,0.96930635
internal_test,0.98894894
internal_test,0.97058344
internal_test,0.98201984
internal_test,0.9773263
internal_test,0.9897074
internal_test,0.9871292
internal_test,0.9951105
internal_test,0.97444284
internal_test,0.9832161
internal_test,0.98737323
internal_test,0.990566
internal_test,0.9881487
internal_test,0.9890574
internal_test,0.99399257
internal_test,0.9838902
internal_test,0.9847162
internal_test,0.991546
internal_test,0.98725563
internal_test,0.9928527
internal_test,0.9820863
internal_test,0.9908273
internal_test,0.9817395
internal_test,0.9883133
internal_test,0.989939
internal_test,0.98507106
internal_test,0.9911951
internal_test,0.9852562
internal_test,0.98048425
internal_test,0.9780413
internal_test,0.9849447
internal_test,0.9897312
internal_test,0.988138
internal_test,0.9857366
internal_test,0.98706186
internal_test,0.9787445
internal_test,0.9815723
internal_test,0.98583794
internal_test,0.9813814
internal_test,0.97036684
internal_test,0.9857501
internal_test,0.98407054
internal_test,0.98370427
internal_test,0.99088997
internal_test,0.92681694
internal_test,0.79752725
internal_test,0.92276084
internal_test,0.98917544
internal_test,0.9862176
internal_test,0.89037466
internal_test,0.9827038
internal_test,0.98577607
internal_test,0.99172497
internal_test,0.7689165
internal_test,0.99604785
internal_test,0.99648225
internal_test,0.99175334
internal_test,0.94627047
internal_test,0.9638757
internal_test,0.9918636
internal_test,0.91902006
internal_test,0.9553506
internal_test,0.99736446
internal_test,0.99389124
internal_test,0.9817966
internal_test,0.9512265
internal_test,0.9787848
internal_test,0.9886817
internal_test,0.9964571
internal_test,0.9932562
internal_test,0.99911034
internal_test,0.99252987
internal_test,1.0
internal_test,0.9933369
internal_test,0.9668866
internal_test,0.99829423
internal_test,0.9933289
internal_test,0.96798146
internal_test,0.9898986
internal_test,0.993827
internal_test,0.99445325
internal_test,0.87837315
internal_test,0.9957799
internal_test,0.96711504
internal_test,0.8713147
internal_test,0.992232
internal_test,0.8607768
internal_test,0.99232554
internal_test,0.8595341
internal_test,0.963344
internal_test,0.99563885
internal_test,0.81538355
internal_test,0.9153167
internal_test,0.7662755
internal_test,0.99638253
internal_test,0.99789476
internal_test,0.9287913
internal_test,0.9817761
internal_test,0.94272375
internal_test,0.90578294
internal_test,0.98504996
internal_test,0.9932239
internal_test,0.98385173
internal_test,0.98475295
internal_test,0.9419799
internal_test,0.9909266
internal_test,0.9829087
internal_test,0.94906485
internal_test,0.92402583
internal_test,0.99886477
internal_test,0.9540285
internal_test,0.96399957
internal_test,0.9765004
internal_test,0.9990028
internal_test,0.998628
internal_test,0.9907824
internal_test,0.9937656
internal_test,0.9939147
internal_test,0.9886738
internal_test,0.9911683
internal_test,0.80425954
internal_test,0.9990699
internal_test,0.98662853
internal_test,0.98719114
internal_test,0.98903286
internal_test,0.9856311
internal_test,0.98978794
internal_test,0.966007
internal_test,0.99737245
internal_test,0.9950598
internal_test,0.9474624
internal_test,0.99540216
internal_test,0.8083894
internal_test,0.95960426
internal_test,0.9923355
internal_test,0.94285905
internal_test,0.85048157
internal_test,0.8137927
internal_test,0.7127055
internal_test,0.9952385
internal_test,0.9825318
internal_test,0.978085
internal_test,0.92431545
internal_test,0.99716026
internal_test,0.9955169
internal_test,0.9944653
internal_test,0.993962
internal_test,0.9917051
internal_test,0.99999994
internal_test,0.8185165
internal_test,0.988403
internal_test,0.96757835
internal_test,0.9916304
internal_test,0.974687
internal_test,0.9906536
internal_test,0.9293035
internal_test,0.98767155
internal_test,0.995918
internal_test,0.82330155
internal_test,0.9949231
internal_test,0.9999997
internal_test,0.9685038
internal_test,0.91349113
internal_test,0.94602364
internal_test,0.9737522
internal_test,0.9695042
internal_test,0.9511483
internal_test,0.8980827
internal_test,0.96680886
internal_test,0.97326684
internal_test,0.9738016
internal_test,0.9124642
internal_test,0.82476467
internal_test,0.96240366
internal_test,0.97572917
internal_test,0.96123165
internal_test,0.86073935
internal_test,0.9645414
internal_test,0.971303
internal_test,0.9615803
internal_test,0.96412665
internal_test,0.96585405
internal_test,0.9507119
internal_test,0.9682938
internal_test,0.9474219
internal_test,0.9736933
internal_test,0.85720694
internal_test,0.96953046
internal_test,0.93923336
internal_test,0.97499734
internal_test,0.7802877
internal_test,0.9780472
internal_test,0.9546318
internal_test,0.94176066
internal_test,0.97345173
internal_test,0.9614466
internal_test,0.9549563
internal_test,0.96703506
internal_test,0.9708264
internal_test,0.9890999
internal_test,0.9612983
internal_test,0.9396291
internal_test,0.9307314
internal_test,0.9644317
internal_test,0.974287
internal_test,0.9692682
internal_test,0.95469654
internal_test,0.90604806
internal_test,0.9633305
internal_test,0.9507575
internal_test,0.92635584
internal_test,0.9211403
internal_test,0.90225506
internal_test,0.97317713
internal_test,0.96312416
internal_test,0.95649815
internal_test,0.9342752
internal_test,0.97049737
internal_test,0.90529656
internal_test,0.9640074
internal_test,0.910499
internal_test,0.977728
internal_test,0.8895091
internal_test,0.96448624
internal_test,0.9455236
internal_test,0.9475851
internal_test,0.8236922
internal_test,0.9721041
internal_test,0.95606214
internal_test,0.91058993
internal_test,0.9438013
internal_test,0.9456614
internal_test,0.9601517
internal_test,0.9606101
internal_test,0.9625665
internal_test,0.9674524
internal_test,0.97927403
internal_test,0.92017645
internal_test,0.9178412
internal_test,0.94499886
internal_test,0.9527519
internal_test,0.9359438
internal_test,0.892433
internal_test,0.9575987
internal_test,0.9646986
internal_test,0.9451209
internal_test,0.9608742
internal_test,0.7863327
internal_test,0.9682869
internal_test,0.9462148
internal_test,0.9792367
internal_test,0.57549536
internal_test,0.8703077
internal_test,0.9684719
internal_test,0.9661498
internal_test,0.90186703
internal_test,0.96174926
internal_test,0.9617565
internal_test,0.79534566
internal_test,0.8741081
internal_test,0.9327086
internal_test,0.9884187
internal_test,0.96818614
internal_test,0.953481
internal_test,0.8471656
internal_test,0.9333308
internal_test,0.848181
internal_test,0.9665477
internal_test,0.9227645
internal_test,0.9370455
internal_test,0.9441166
internal_test,0.9894502
internal_test,0.9700053
internal_test,0.9380002
internal_test,0.8366034
internal_test,0.5917917
internal_test,0.93092036
internal_test,0.98280513
internal_test,0.81276596
internal_test,0.92887723
internal_test,0.97398806
internal_test,0.9180401
internal_test,0.9832339
internal_test,0.9868933
internal_test,0.9345176
internal_test,0.85909677
internal_test,0.9671045
internal_test,0.936728
internal_test,0.91678023
internal_test,0.9718121
internal_test,0.7967918
internal_test,0.62589407
internal_test,0.95321655
internal_test,0.78261495
internal_test,0.89563406
internal_test,0.69949776
internal_test,0.973626
internal_test,0.97708374
internal_test,0.9498646
internal_test,0.837626
internal_test,0.9655806
internal_test,0.6277228
internal_test,0.95288396
internal_test,0.9359033
internal_test,0.8737974
internal_test,0.71173525
internal_test,0.9176852
internal_test,0.9472072
internal_test,0.96940947
internal_test,0.8712436
internal_test,0.6346508
internal_test,0.96229315
internal_test,0.92669976
internal_test,0.97257996
internal_test,0.95534647
internal_test,0.97356254
internal_test,0.8943833
internal_test,0.9705517
internal_test,0.94973075
internal_test,0.9102802
internal_test,0.946709
internal_test,0.9125509
internal_test,0.9500983
internal_test,0.9536261
internal_test,0.9420223
internal_test,0.6737307
internal_test,0.87030494
internal_test,0.9383774
internal_test,0.9392328
internal_test,0.868076
internal_test,0.6653116
internal_test,0.9859681
internal_test,0.9612615
internal_test,0.9444407
internal_test,0.8833271
internal_test,0.823375
internal_test,0.97188604
internal_test,0.7508807
internal_test,0.96744657
internal_test,0.9730876
internal_test,0.9158145
internal_test,0.9560946
internal_test,0.89701414
internal_test,0.9488342
internal_test,0.96820086
internal_test,0.91312194
internal_test,0.96236634
internal_test,0.9905628
internal_test,0.96414804
internal_test,0.971755
internal_test,0.9672562
internal_test,0.92937326
internal_test,0.93078256
internal_test,0.950892
internal_test,0.86238825
internal_test,0.8813214
internal_test,0.79732317
internal_test,0.8115951
internal_test,0.93602985
internal_test,0.9774287
internal_test,0.75561374
internal_test,0.94719744
internal_test,0.9667798
internal_test,0.9766892
internal_test,0.9225881
internal_test,0.6830482
internal_test,0.96920073
internal_test,0.76202697
internal_test,0.96019495
internal_test,0.81489503
internal_test,0.9562385
internal_test,0.9296224
internal_test,0.9810455
internal_test,0.9659271
internal_test,0.7942901
internal_test,0.98673075
internal_test,0.7702682
internal_test,0.9302065
internal_test,0.9184351
internal_test,0.94114816
internal_test,0.9754096
internal_test,0.9305563
internal_test,0.9689089
internal_test,0.76115733
internal_test,0.9645527
internal_test,0.82618713
internal_test,0.9644116
internal_test,0.9145585
internal_test,0.9683321
internal_test,0.9437722
internal_test,0.97044873
internal_test,0.9730258
internal_test,0.91269165
internal_test,0.9740837
internal_test,0.9679467
internal_test,0.9567795
internal_test,0.94346607
internal_test,0.656134
internal_test,0.95791733
internal_test,0.95175487
internal_test,0.9410747
internal_test,0.9332412
internal_test,0.96401036
internal_test,0.96830523
internal_test,0.9762757
internal_test,0.95213795
internal_test,0.963004
internal_test,0.95419836
internal_test,0.94465524
internal_test,0.9227732
internal_test,0.8609352
internal_test,0.9672055
internal_test,0.9537922
internal_test,0.9633624
internal_test,0.93266195
internal_test,0.9983697
internal_test,0.9577804
internal_test,0.9526482
internal_test,0.9263701
internal_test,0.97406316
internal_test,0.95208186
internal_test,0.90761036
internal_test,0.9681244
internal_test,0.8874488
internal_test,0.95316476
internal_test,0.95549315
internal_test,0.9780645
internal_test,0.97096694
internal_test,0.9481623
internal_test,0.9591567
internal_test,0.9758262
internal_test,0.9720936
internal_test,0.9467105
internal_test,0.9798962
internal_test,0.94276005
internal_test,0.8352366
internal_test,0.95828146
internal_test,0.9290046
internal_test,0.9655092
internal_test,0.9721467
internal_test,0.9665489
internal_test,0.8812987
internal_test,0.93729496
internal_test,0.959504
internal_test,0.9217484
internal_test,0.9556843
internal_test,0.95455843
internal_test,0.9494625
internal_test,0.9213721
internal_test,0.96732146
internal_test,0.97198844
internal_test,0.97434235
internal_test,0.89408886
internal_test,0.97214925
internal_test,0.94871557
internal_test,0.93516576
internal_test,0.9206892
internal_test,0.9673321
internal_test,0.9373617
internal_test,0.97120064
internal_test,0.9270085
internal_test,0.9337057
internal_test,0.96821904
internal_test,0.96579456
internal_test,0.9607873
internal_test,0.9743713
internal_test,0.9643599
internal_test,0.9709563
internal_test,0.93350685
internal_test,0.9444225
internal_test,0.9426839
internal_test,0.75033927
internal_test,0.8094647
internal_test,0.950936
internal_test,0.9212158
internal_test,0.8556949
internal_test,0.9363135
internal_test,0.939255
internal_test,0.91511893
internal_test,0.9625593
internal_test,0.94178617
internal_test,0.9651913
internal_test,0.96978307
internal_test,0.9346329
internal_test,0.96016985
internal_test,0.96882534
internal_test,0.69107926
internal_test,0.9572189
internal_test,0.9559954
internal_test,0.9218946
internal_test,0.9283432
internal_test,0.96084714
internal_test,0.955529
internal_test,0.97421736
internal_test,0.94949573
internal_test,0.96389663
internal_test,0.8423888
internal_test,0.9771456
internal_test,0.9569665
internal_test,0.8622537
internal_test,0.95640665
internal_test,0.97322774
internal_test,0.9358815
internal_test,0.88784164
internal_test,0.81021136
internal_test,0.9249113
internal_test,0.967239
internal_test,0.96751237
internal_test,0.8478678
internal_test,0.97712755
internal_test,0.96007246
internal_test,0.96152925
internal_test,0.9572245
internal_test,0.8027173
internal_test,0.95919555
internal_test,0.9669531
internal_test,0.94578683
internal_test,0.94855356
internal_test,0.9473088
internal_test,0.9719412
internal_test,0.95320225
internal_test,0.96599734
internal_test,0.979861
internal_test,0.9480084
internal_test,0.8731259
internal_test,0.97615635
internal_test,0.95869875
internal_test,0.95503044
internal_test,0.86933076
internal_test,0.97351825
internal_test,0.96041423
internal_test,0.9662304
internal_test,0.9737096
internal_test,0.9677731
internal_test,0.909135
internal_test,0.96882594
internal_test,0.95853686
internal_test,0.94825673
internal_test,0.9054431
internal_test,0.9611751
internal_test,0.961115
internal_test,0.88687223
internal_test,0.95717156
internal_test,0.9250189
internal_test,0.9591475
internal_test,0.93759125
internal_test,0.9111163
internal_test,0.9559798
internal_test,0.96301484
internal_test,0.97851807
internal_test,0.95824265
internal_test,0.9630171
internal_test,0.94697857
internal_test,0.96325827
internal_test,0.95494086
internal_test,0.9213611
internal_test,0.9620099
internal_test,0.9327104
internal_test,0.9620465
internal_test,0.93507814
internal_test,0.94562507
internal_test,0.9346672
internal_test,0.9613285
internal_test,0.95608455
internal_test,0.9511802
internal_test,0.94948685
internal_test,0.7777276
internal_test,0.96562874
internal_test,0.953506
internal_test,0.95902276
internal_test,0.9499914
internal_test,0.9091439
internal_test,0.9441514
internal_test,0.9624466
internal_test,0.94096786
internal_test,0.9319202
internal_test,0.92107874
internal_test,0.95251983
internal_test,0.8664105
internal_test,0.9730518
internal_test,0.95026743
internal_test,0.97016823
internal_test,0.9747838
internal_test,0.9685822
internal_test,0.92337346
internal_test,0.97129035
internal_test,0.9516009
internal_test,0.9743612
internal_test,0.96801215
internal_test,0.92099726
internal_test,0.96011853
internal_test,0.95413065
internal_test,0.95199853
internal_test,0.8953403
internal_test,0.8205657
internal_test,0.9665529
internal_test,0.9604082
internal_test,0.82235366
internal_test,0.9463529
internal_test,0.9176227
internal_test,0.957549
internal_test,0.95404625
internal_test,0.96570796
internal_test,0.9216324
internal_test,0.96592176
internal_test,0.96942425
internal_test,0.94690686
internal_test,0.92796075
internal_test,0.96140957
internal_test,0.93825054
internal_test,0.9473666
internal_test,0.9500737
internal_test,0.97002906
internal_test,0.9688155
internal_test,0.9292637
internal_test,0.9491247
internal_test,0.94247353
internal_test,0.93315715
internal_test,0.95322424
internal_test,0.97139573
internal_test,0.9193467
internal_test,0.97460777
internal_test,0.9565271
internal_test,0.96961606
internal_test,0.91121435
internal_test,0.9742049
internal_test,0.97245616
internal_test,0.9379273
internal_test,0.9363182
internal_test,0.9461323
internal_test,0.9688653
internal_test,0.97845376
internal_test,0.9545718
internal_test,0.95640635
internal_test,0.9383024
internal_test,0.959744
internal_test,0.97963417
internal_test,0.96598244
internal_test,0.94225377
internal_test,0.9455528
internal_test,0.95673144
internal_test,0.93453807
internal_test,0.9313655
internal_test,0.97019553
internal_test,0.97246623
internal_test,0.95930266
internal_test,0.9717024
internal_test,0.9754801
internal_test,0.9639161
internal_test,0.92839605
internal_test,0.94944483
internal_test,0.93151397
internal_test,0.91258395
internal_test,0.9703602
internal_test,0.95928025
internal_test,0.96377325
internal_test,0.8550636
internal_test,0.9600292
internal_test,0.96245605
internal_test,0.96163625
internal_test,0.96092504
internal_test,0.9434412
internal_test,0.95973104
internal_test,0.96900403
internal_test,0.9606626
internal_test,0.9697852
internal_test,0.9757007
internal_test,0.9701284
internal_test,0.96335715
internal_test,0.97282225
internal_test,0.9496329
internal_test,0.95776445
internal_test,0.9643957
internal_test,0.97431165
internal_test,0.9740695
internal_test,0.968553
internal_test,0.97548616
internal_test,0.97489375
internal_test,0.96103877
internal_test,0.9634938
internal_test,0.9642328
internal_test,0.90314716
internal_test,0.8619376
internal_test,0.9393005
internal_test,0.9765931
internal_test,0.9064238
internal_test,0.9862137
internal_test,0.93986624
internal_test,0.94501954
internal_test,0.9349925
internal_test,0.9690802
internal_test,0.9737219
internal_test,0.8596742
internal_test,0.9670563
internal_test,0.91666114
internal_test,0.9607597
internal_test,0.97647345
internal_test,0.95820343
internal_test,0.90203285
internal_test,0.93752635
internal_test,0.95560735
internal_test,0.9661547
internal_test,0.9337327
internal_test,0.92140645
internal_test,0.96365863
internal_test,0.9082923
internal_test,0.83230686
internal_test,0.93253946
internal_test,0.95572245
internal_test,0.95926523
internal_test,0.8716419
internal_test,0.9342776
internal_test,0.93266636
internal_test,0.96251047
internal_test,0.97584033
internal_test,0.9533119
internal_test,0.9410587
internal_test,0.9748906
internal_test,0.8906422
internal_test,0.96458274
internal_test,0.96772337
internal_test,0.96377856
internal_test,0.9418999
internal_test,0.97332036
internal_test,0.9731324
internal_test,0.95659804
internal_test,0.96592784
internal_test,0.94755065
internal_test,0.95886886
internal_test,0.97215474
internal_test,0.92395055
internal_test,0.91646326
internal_test,0.97492695
internal_test,0.83791995
internal_test,0.95356745
internal_test,0.85395086
internal_test,0.9663086
internal_test,0.96650857
internal_test,0.97431
internal_test,0.9583764
internal_test,0.9784452
internal_test,0.9611443
internal_test,0.97372186
internal_test,0.9617425
internal_test,0.90603644
internal_test,0.9656187
internal_test,0.88607144
internal_test,0.96420145
internal_test,0.8985345
internal_test,0.94718117
internal_test,0.96136737
internal_test,0.9581002
internal_test,0.96999985
internal_test,0.97941923
internal_test,0.9725412
internal_test,0.97396326
internal_test,0.92034304
internal_test,0.9578997
internal_test,0.9233904
internal_test,0.8767221
internal_test,0.97329354
internal_test,0.87276375
internal_test,0.9753635
internal_test,0.9789366
internal_test,0.9975115
internal_test,0.9510888
internal_test,0.90609884
internal_test,0.9278107
internal_test,0.95383596
internal_test,0.9635929
internal_test,0.96150506
internal_test,0.97780323
internal_test,0.94404024
internal_test,0.9496507
internal_test,0.9411142
internal_test,0.9603332
internal_test,0.90588427
internal_test,0.9671919
internal_test,0.92981786
internal_test,0.9684806
internal_test,0.92915934
internal_test,0.91824114
internal_test,0.77691257
internal_test,0.9645889
internal_test,0.91845083
internal_test,0.9541141
internal_test,0.9639429
internal_test,0.96353257
internal_test,0.966168
internal_test,0.93602765
internal_test,0.9321841
internal_test,0.96558326
internal_test,0.9650905
internal_test,0.9613091
internal_test,0.95890003
internal_test,0.96885896
internal_test,0.96235216
internal_test,0.9545783
internal_test,0.9274291
internal_test,0.9646026
internal_test,0.96060014
internal_test,0.9759717
internal_test,0.94251657
internal_test,0.9732709
internal_test,0.92563236
internal_test,0.9570594
internal_test,0.9670123
internal_test,0.955345
internal_test,0.96415615
internal_test,0.96418667
internal_test,0.95339876
internal_test,0.96313846
internal_test,0.96966404
internal_test,0.96881485
internal_test,0.9490086
internal_test,0.97247314
internal_test,0.95797956
internal_test,0.9684129
internal_test,0.9392158
internal_test,0.93625474
internal_test,0.9532652
internal_test,0.95239186
internal_test,0.94888026
internal_test,0.9354365
internal_test,0.938967
internal_test,0.9259763
internal_test,0.9047005
internal_test,0.93775856
internal_test,0.95539284
internal_test,0.95337
internal_test,0.88907415
internal_test,0.92118764
internal_test,0.95343435
internal_test,0.92980254
internal_test,0.9668002
internal_test,0.9254364
internal_test,0.8965054
internal_test,0.9616561
internal_test,0.969345
internal_test,0.9047966
internal_test,0.9791436
internal_test,0.9518279
internal_test,0.96300995
internal_test,0.93614614
internal_test,0.9464777
internal_test,0.96079683
internal_test,0.96490276
internal_test,0.9484799
internal_test,0.9522021
internal_test,0.9603079
internal_test,0.9064386
internal_test,0.97264665
internal_test,0.95802534
internal_test,0.88207495
internal_test,0.92061317
internal_test,0.9582994
internal_test,0.96469945
internal_test,0.9707729
internal_test,0.99059945
internal_test,0.9520223
internal_test,0.95937574
internal_test,0.96031165
internal_test,0.9656511
internal_test,0.93088716
internal_test,0.9483421
internal_test,0.93561673
internal_test,0.8941039
internal_test,0.96788603
internal_test,0.9314909
internal_test,0.9288207
internal_test,0.9680333
internal_test,0.9748791
internal_test,0.9705951
internal_test,0.96184176
internal_test,0.9447752
internal_test,0.9718418
internal_test,0.97238576
internal_test,0.92423546
internal_test,0.93471736
internal_test,0.9396492
internal_test,0.94050825
internal_test,0.9714251
internal_test,0.9269587
internal_test,0.9562473
internal_test,0.953134
internal_test,0.95055366
internal_test,0.95217544
internal_test,0.91835445
internal_test,0.8751768
internal_test,0.9632772
internal_test,0.9226285
internal_test,0.9416286
internal_test,0.95962256
internal_test,0.9507632
internal_test,0.97643495
internal_test,0.9586928
internal_test,0.87871635
internal_test,0.9734895
internal_test,0.95471704
internal_test,0.9154286
internal_test,0.9578957
internal_test,0.9529543
internal_test,0.9664771
internal_test,0.969332
internal_test,0.79151267
internal_test,0.96226805
internal_test,0.8984554
internal_test,0.9664064
internal_test,0.9240118
internal_test,0.95662636
internal_test,0.90325516
internal_test,0.96310747
internal_test,0.939538
internal_test,0.9503279
internal_test,0.9363434
internal_test,0.88710225
internal_test,0.9369726
internal_test,0.92553025
internal_test,0.94444126
internal_test,0.9433876
internal_test,0.8635421
internal_test,0.969972
internal_test,0.95000786
internal_test,0.9804171
internal_test,0.98120165
internal_test,0.9788116
internal_test,0.9355113
internal_test,0.9272341
internal_test,0.98245764
internal_test,0.9405157
internal_test,0.9590589
internal_test,0.9347764
internal_test,0.9394571
internal_test,0.9594606
internal_test,0.9281074
internal_test,0.95628166
internal_test,0.9427825
internal_test,0.97214687
internal_test,0.93721557
internal_test,0.972721
internal_test,0.9647291
internal_test,0.9377123
internal_test,0.9653382
internal_test,0.97777116
internal_test,0.9562361
internal_test,0.81203955
internal_test,0.97365636
internal_test,0.9348105
internal_test,0.9386693
internal_test,0.9656035
internal_test,0.94573754
internal_test,0.94167113
internal_test,0.9622489
internal_test,0.9277288
internal_test,0.9361101
internal_test,0.92601097
internal_test,0.9318136
internal_test,0.975223
internal_test,0.9527843
internal_test,0.9306678
internal_test,0.97600937
internal_test,0.93585384
internal_test,0.9545872
internal_test,0.9781733
internal_test,0.95142347
internal_test,0.95005786
internal_test,0.99388266
internal_test,0.989789
internal_test,0.96663713
internal_test,0.9783688
internal_test,0.97642124
internal_test,0.9930788
internal_test,0.97996104
internal_test,0.98110294
internal_test,0.9552025
internal_test,0.98766875
internal_test,0.9942477
internal_test,0.9907912
internal_test,0.95331895
internal_test,0.9684057
internal_test,0.9698756
internal_test,0.78268826
internal_test,0.9883293
internal_test,0.9816331
internal_test,0.9786278
internal_test,0.9841057
internal_test,0.97123325
internal_test,0.98101646
internal_test,0.980793
internal_test,0.9728805
internal_test,0.98596394
internal_test,0.98434675
internal_test,0.9851443
internal_test,0.9910363
internal_test,0.9833426
internal_test,0.9708892
internal_test,0.98879194
internal_test,0.98931026
internal_test,0.97595847
internal_test,0.9789568
internal_test,0.9779671
internal_test,0.9751073
internal_test,0.95777
internal_test,0.99318045
internal_test,0.98801935
internal_test,0.9797547
internal_test,0.9828187
internal_test,0.9835266
internal_test,0.98301244
internal_test,0.9813199
internal_test,0.99165446
internal_test,0.9661904
internal_test,0.9867036
internal_test,0.9867439
internal_test,0.96767056
internal_test,0.9706769
internal_test,0.98202723
internal_test,0.98721576
internal_test,0.950019
internal_test,0.9782243
internal_test,0.9895884
internal_test,0.97395164
internal_test,0.9609392
internal_test,0.9756681
internal_test,0.96681476
internal_test,0.9882535
internal_test,0.9961511
internal_test,0.99469405
internal_test,0.99113977
internal_test,0.98655486
internal_test,0.9805424
internal_test,0.9446168
internal_test,0.9756612
internal_test,0.96666306
internal_test,0.97499996
internal_test,0.98289174
internal_test,0.9749547
internal_test,0.9964597
internal_test,0.9885771
internal_test,0.9981684
internal_test,0.98925894
internal_test,0.9857727
internal_test,0.9827049
internal_test,0.92299306
internal_test,0.9946237
internal_test,0.97170246
internal_test,0.9781213
internal_test,0.9828888
internal_test,0.951758
internal_test,0.57071996
internal_test,0.98601127
internal_test,0.9957762
internal_test,0.99977124
internal_test,0.98955065
internal_test,0.9831684
internal_test,0.7780626
internal_test,0.980542
internal_test,0.98577344
internal_test,0.95234007
internal_test,0.98820543
internal_test,0.98095524
internal_test,0.9862508
internal_test,0.9852373
internal_test,0.9999988
internal_test,0.99999666
internal_test,0.9999999
internal_test,0.9479778
internal_test,0.7303342
internal_test,0.9763297
internal_test,0.8876476
internal_test,0.9319002
internal_test,0.9209576
internal_test,0.9689739
internal_test,0.9922042
internal_test,0.95630574
internal_test,0.9880974
internal_test,0.97021496
internal_test,0.7363547
internal_test,0.99036515
internal_test,0.9955504
internal_test,0.9592347
internal_test,0.9834051
internal_test,0.9932712
internal_test,0.9944986
internal_test,0.9938381
internal_test,0.99999875
internal_test,0.99363184
internal_test,0.9147124
internal_test,0.9148985
internal_test,0.98944044
internal_test,0.93357265
internal_test,0.99645156
internal_test,0.9907889
internal_test,0.92790663
internal_test,0.9974712
internal_test,0.9907285
internal_test,0.9523986
internal_test,0.9986446
internal_test,0.9956931
internal_test,0.97707933
internal_test,0.94929755
internal_test,0.95726633
internal_test,0.9788333
internal_test,0.9961904
internal_test,0.990354
internal_test,0.9802835
internal_test,0.9641389
internal_test,0.99397564
internal_test,0.8502538
internal_test,0.8082268
internal_test,0.93408877
internal_test,0.9859641
internal_test,0.9780312
internal_test,0.96211606
internal_test,0.9899192
internal_test,0.99095035
internal_test,0.96165204
internal_test,0.9950998
internal_test,0.9855788
internal_test,0.98360735
internal_test,0.9976772
internal_test,0.98405665
internal_test,0.99123025
internal_test,0.94851226
internal_test,0.99171984
internal_test,0.9028685
internal_test,0.98970497
internal_test,0.97486997
internal_test,0.6897693
internal_test,0.9893072
internal_test,0.9839897
internal_test,0.9932699
internal_test,0.9799565
internal_test,0.98318267
internal_test,0.98812914
internal_test,0.99595165
internal_test,0.99750715
internal_test,0.99418724
internal_test,0.9915445
internal_test,0.9836974
internal_test,0.98822844
internal_test,0.8226037
internal_test,0.9924737
internal_test,0.9854516
internal_test,0.9926865
internal_test,0.99274606
internal_test,0.9712374
internal_test,0.94628596
internal_test,0.99297106
internal_test,0.9914456
internal_test,0.99033475
internal_test,0.9893416
internal_test,0.9920808
internal_test,0.9956932
internal_test,0.9447464
internal_test,0.98217505
internal_test,0.9909848
internal_test,0.979305
internal_test,0.9859789
internal_test,0.7920356
internal_test,0.9996066
internal_test,0.9967643
internal_test,0.9911538
internal_test,0.9929154
internal_test,0.99803674
internal_test,0.9835497
internal_test,0.97392124
internal_test,0.99124753
internal_test,0.95553905
internal_test,0.9734312
internal_test,0.97666556
internal_test,0.98727393
internal_test,0.9932349
internal_test,0.9890815
internal_test,0.9860679
internal_test,0.9724528
internal_test,0.97783315
internal_test,0.97046256
internal_test,0.9891026
internal_test,0.97740936
internal_test,0.9631276
internal_test,0.8291698
internal_test,0.9494773
internal_test,0.8254246
internal_test,0.990529
internal_test,0.9953445
internal_test,0.98327625
internal_test,0.9761127
internal_test,0.99474037
internal_test,0.9532961
internal_test,0.9601765
internal_test,0.994751
internal_test,0.97067827
internal_test,0.98942244
internal_test,0.9920345
internal_test,0.98590755
internal_test,0.8554165
internal_test,0.9902609
internal_test,0.9854346
internal_test,0.98315823
internal_test,0.83846486
internal_test,0.978791
internal_test,0.9939945
internal_test,0.9915366
internal_test,0.9952879
internal_test,0.62831783
internal_test,0.98707914
internal_test,0.99399674
internal_test,0.99002695
internal_test,0.97189337
internal_test,0.9919417
internal_test,0.9200121
internal_test,0.97547716
internal_test,0.9032125
internal_test,0.9893505
internal_test,0.6174056
internal_test,0.98457843
internal_test,0.9929848
internal_test,0.84916466
internal_test,0.992267
internal_test,0.9891136
internal_test,0.9365093
internal_test,0.97586566
internal_test,0.9885006
internal_test,0.98794866
internal_test,0.98471165
internal_test,0.8552121
internal_test,0.99062485
internal_test,0.98823303
internal_test,0.99598247
internal_test,0.8799114
internal_test,0.9216176
internal_test,0.9896865
internal_test,0.9514364
internal_test,0.98294175
internal_test,0.9540262
internal_test,0.9835694
internal_test,0.82479954
internal_test,0.98910487
internal_test,0.9868601
internal_test,0.9845756
internal_test,0.9898071
internal_test,0.9863315
internal_test,0.98983777
internal_test,0.9589838
internal_test,0.9928566
internal_test,0.9905194
internal_test,0.9704138
internal_test,0.9931518
internal_test,0.99702895
internal_test,0.9886296
internal_test,0.99411684
internal_test,0.95707524
internal_test,0.9298966
internal_test,0.9829772
internal_test,0.9925873
internal_test,0.98314345
internal_test,0.98462486
internal_test,0.93861914
internal_test,0.98368466
internal_test,0.994017
internal_test,0.98632026
internal_test,0.9199239
internal_test,0.9932871
internal_test,0.9944013
internal_test,0.83223116
internal_test,0.9929353
internal_test,0.85509765
internal_test,0.9873277
internal_test,0.9971595
internal_test,0.9898956
internal_test,0.9364308
internal_test,0.9889003
internal_test,0.97011477
internal_test,0.9628391
internal_test,0.9882674
internal_test,0.9848277
internal_test,0.96852803
internal_test,0.8801717
internal_test,0.63424987
internal_test,0.97154206
internal_test,0.9910926
internal_test,0.9871794
internal_test,0.9742493
internal_test,0.97478586
internal_test,0.9957528
internal_test,0.98011446
internal_test,0.96685636
internal_test,0.9969261
internal_test,0.988191
internal_test,0.988216
internal_test,0.9556601
internal_test,0.97992873
internal_test,0.9946891
internal_test,0.9802563
internal_test,0.95964324
internal_test,0.88682
internal_test,0.89734757
internal_test,0.98642296
internal_test,0.9221575
internal_test,0.77903366
internal_test,0.94704866
internal_test,0.97056997
internal_test,0.99692833
internal_test,0.9597078
internal_test,0.97790706
internal_test,0.99596715
internal_test,0.98969066
internal_test,0.9756894
internal_test,0.9882264
internal_test,0.9880827
internal_test,0.98879373
internal_test,0.9849508
internal_test,0.98763406
internal_test,0.9794413
internal_test,0.99227697
internal_test,0.98974717
internal_test,0.9819491
internal_test,0.9869856
internal_test,0.9920358
internal_test,0.9918918
internal_test,0.9703663
internal_test,0.9668217
internal_test,0.9608976
internal_test,0.99588025
internal_test,0.97638
internal_test,0.9761856
internal_test,0.98428357
internal_test,0.9934834
internal_test,0.98264027
internal_test,0.9935123
internal_test,0.9906252
internal_test,0.99629617
internal_test,0.98850346
internal_test,0.95948076
internal_test,0.98665434
internal_test,0.98558104
internal_test,0.97329366
internal_test,0.9935896
internal_test,0.9922378
internal_test,0.9787923
internal_test,0.99311256
internal_test,0.99287087
internal_test,0.9911461
internal_test,0.99619293
internal_test,0.9977114
internal_test,0.98635036
internal_test,0.98313034
internal_test,0.9904655
internal_test,0.9951226
internal_test,0.987301
internal_test,0.97933
internal_test,0.985003
internal_test,0.9725589
internal_test,0.996648
internal_test,0.96668863
internal_test,0.9648838
internal_test,0.99321115
internal_test,0.9028176
internal_test,0.98537815
internal_test,0.9514878
internal_test,0.99545527
internal_test,0.9890799
internal_test,0.98611546
internal_test,0.9976597
internal_test,0.9836422
internal_test,0.99182343
internal_test,0.98600227
internal_test,0.9921771
internal_test,0.99591863
internal_test,0.99409145
internal_test,0.970186
internal_test,0.98240435
internal_test,0.9553147
internal_test,0.9856174
internal_test,0.9930463
internal_test,0.98995256
internal_test,0.99036336
internal_test,0.9158915
internal_test,0.9919168
internal_test,0.9847018
internal_test,0.99608374
internal_test,0.99326605
internal_test,0.99592096
internal_test,0.997597
internal_test,0.9747735
internal_test,0.97757894
internal_test,0.9942737
internal_test,0.9497377
internal_test,0.97149575
internal_test,0.9810833
internal_test,0.9888691
internal_test,0.9908596
internal_test,0.95686734
internal_test,0.9891027
internal_test,0.97807324
internal_test,0.99532104
internal_test,0.96672535
internal_test,0.885607
internal_test,0.99655753
internal_test,0.9897687
internal_test,0.995423
internal_test,0.99655056
internal_test,0.96606725
internal_test,0.98029846
internal_test,0.98924077
internal_test,0.9707996
internal_test,0.99686193
internal_test,0.98674035
internal_test,0.9947924
internal_test,0.97682196
internal_test,0.99209934
internal_test,0.9859755
internal_test,0.98094356
internal_test,0.9941713
internal_test,0.95905477
internal_test,0.981595
internal_test,0.9867038
internal_test,0.9800793
internal_test,0.9896142
internal_test,0.97162884
internal_test,0.995771
internal_test,0.98646885
internal_test,0.9561065
internal_test,0.9914967
internal_test,0.986591
internal_test,0.9695072
internal_test,0.9887509
internal_test,0.98376316
internal_test,0.97970736
internal_test,0.8684859
internal_test,0.9875305
internal_test,0.99521226
internal_test,0.9847702
internal_test,0.98464954
internal_test,0.9816427
internal_test,0.9871765
internal_test,0.96327704
internal_test,0.98852825
internal_test,0.9871641
internal_test,0.9803552
internal_test,0.97766095
internal_test,0.99101526
internal_test,0.9862588
internal_test,0.99132025
internal_test,0.9879232
internal_test,0.9603616
internal_test,0.9957494
internal_test,0.99004066
internal_test,0.9773119
internal_test,0.9805103
internal_test,0.9925021
internal_test,0.9841675
internal_test,0.9731078
internal_test,0.98898745
internal_test,0.9942026
internal_test,0.9837378
internal_test,0.9910833
internal_test,0.98473626
internal_test,0.9847112
internal_test,0.98992896
internal_test,0.9505512
internal_test,0.98609096
internal_test,0.9893989
internal_test,0.9948152
internal_test,0.98784745
internal_test,0.99428743
internal_test,0.9830739
internal_test,0.98810995
internal_test,0.98661345
internal_test,0.9947023
internal_test,0.9812588
internal_test,0.9929928
internal_test,0.98562944
internal_test,0.9990566
internal_test,0.9907793
internal_test,0.9885787
internal_test,0.9945911
internal_test,0.9738734
internal_test,0.99001837
internal_test,0.926647
internal_test,0.9818097
internal_test,0.99158883
internal_test,0.9901414
internal_test,0.9900598
internal_test,0.9877837
internal_test,0.969085
internal_test,0.97717935
internal_test,0.9635941
internal_test,0.9935336
internal_test,0.9938563
internal_test,0.9556253
internal_test,0.96653813
internal_test,0.9865966
internal_test,0.99237657
internal_test,0.98226714
internal_test,0.9758885
internal_test,0.9919107
internal_test,0.9923432
internal_test,0.9849049
internal_test,0.99080276
internal_test,0.99360335
internal_test,0.988858
internal_test,0.9959539
internal_test,0.9907987
internal_test,0.98885465
internal_test,0.9983344
internal_test,0.9934379
internal_test,0.9790971
internal_test,0.99646413
internal_test,0.98456144
internal_test,0.99634254
internal_test,0.990739
internal_test,0.9894104
internal_test,0.99510276
internal_test,0.97583485
internal_test,0.9731028
internal_test,0.99415255
internal_test,0.9852859
internal_test,0.96169466
internal_test,0.9910463
internal_test,0.9684921
internal_test,0.98801875
internal_test,0.993842
internal_test,0.9931983
internal_test,0.9728738
internal_test,0.98119354
internal_test,0.99044305
internal_test,0.9907768
internal_test,0.886606
internal_test,0.9663687
internal_test,0.9846809
internal_test,0.9866102
internal_test,0.9877323
internal_test,0.99415815
internal_test,0.9277949
internal_test,0.99322975
internal_test,0.986079
internal_test,0.96998286
internal_test,0.99600506
internal_test,0.9989815
internal_test,0.9928188
internal_test,0.9742434
internal_test,0.99031454
internal_test,0.99102736
internal_test,0.96561474
internal_test,0.9948181
internal_test,0.9905582
internal_test,0.99815685
internal_test,0.98521364
internal_test,0.9965979
internal_test,0.99077773
internal_test,0.9877479
internal_test,0.9857913
internal_test,0.9827622
internal_test,0.9589304
internal_test,0.9627787
internal_test,0.9925885
internal_test,0.9820119
internal_test,0.9688009
internal_test,0.9961933
internal_test,0.97464144
internal_test,0.97101504
internal_test,0.99516773
internal_test,0.9951782
internal_test,0.9783037
internal_test,0.994907
internal_test,0.9926426
internal_test,0.9694294
internal_test,0.9981247
internal_test,0.9317092
internal_test,0.9981233
internal_test,0.99507666
internal_test,0.9723731
internal_test,0.98599297
internal_test,0.99428385
internal_test,0.9814609
internal_test,0.96741766
internal_test,0.9886263
internal_test,0.98512596
internal_test,0.9773487
internal_test,0.9910639
internal_test,0.99485314
internal_test,0.9793942
internal_test,0.9720881
internal_test,0.9438623
internal_test,0.9915521
internal_test,0.9903735
internal_test,0.9729872
internal_test,0.9963441
internal_test,0.99701
internal_test,0.99541175
internal_test,0.99410784
internal_test,0.98670113
internal_test,0.9811143
internal_test,0.99405926
internal_test,0.97772574
internal_test,0.97797996
internal_test,0.9803882
internal_test,0.9689393
internal_test,0.9800367
internal_test,0.985284
internal_test,0.9831072
internal_test,0.9847468
internal_test,0.9916584
internal_test,0.9944412
internal_test,0.99017894
internal_test,0.98861027
internal_test,0.99472153
internal_test,0.9800463
internal_test,0.98886466
internal_test,0.9820783
internal_test,0.9860732
internal_test,0.9712447
internal_test,0.9874972
internal_test,0.9850576
internal_test,0.97744924
internal_test,0.9799585
internal_test,0.9958998
internal_test,0.9973824
internal_test,0.9828054
internal_test,0.9727237
internal_test,0.9953003
internal_test,0.98246396
internal_test,0.9334377
internal_test,0.9817666
internal_test,0.9799268
internal_test,0.9951451
internal_test,0.99667525
internal_test,0.9928755
internal_test,0.99879557
internal_test,0.9954263
internal_test,0.9709023
internal_test,0.9929404
internal_test,0.9824984
internal_test,0.9644508
internal_test,0.9950923
internal_test,0.89032894
internal_test,0.9862913
internal_test,0.98054147
internal_test,0.9929054
internal_test,0.97834307
internal_test,0.9637596
internal_test,0.9702612
internal_test,0.9712145
internal_test,0.9755752
internal_test,0.9876429
internal_test,0.99390185
internal_test,0.9860643
internal_test,0.9901556
internal_test,0.8024997
internal_test,0.9896908
internal_test,0.9999846
internal_test,0.9999999
internal_test,0.9752673
internal_test,0.7045423
internal_test,0.9810084
internal_test,1.0000001
internal_test,0.9999987
internal_test,0.98729515
internal_test,0.98750323
internal_test,0.98338956
internal_test,0.99733394
internal_test,0.9774381
internal_test,0.9840157
internal_test,0.9913033
internal_test,0.9932383
internal_test,0.975924
internal_test,0.9811237
internal_test,0.9787169
internal_test,0.7056016
internal_test,0.98704624
internal_test,0.99999976
internal_test,0.9858329
internal_test,0.9890168
internal_test,0.99154377
internal_test,0.86945605
internal_test,0.97992146
internal_test,0.943673
internal_test,0.8158017
internal_test,0.9897423
internal_test,0.9583485
internal_test,0.99288505
internal_test,0.962043
internal_test,0.7107473
internal_test,0.98659575
internal_test,0.97252786
internal_test,0.74955523
internal_test,0.9999613
internal_test,0.9900435
internal_test,0.9935303
internal_test,0.98907673
internal_test,0.9972991
internal_test,0.9974129
internal_test,0.98814934
internal_test,0.9945268
internal_test,0.9855426
internal_test,0.9453944
internal_test,0.9937343
internal_test,0.9802555
internal_test,0.9928131
internal_test,0.96178854
internal_test,0.99138415
internal_test,0.9824924
internal_test,0.9893571
internal_test,0.9768936
internal_test,0.9910649
internal_test,0.9942734
internal_test,0.8081169
internal_test,0.9890349
internal_test,0.98696756
internal_test,0.9802509
internal_test,0.9947098
internal_test,0.8728566
internal_test,0.98612106
internal_test,0.96073914
internal_test,0.9817462
internal_test,0.97536176
internal_test,0.98523426
internal_test,0.9999993
internal_test,0.9926218
internal_test,0.8013366
internal_test,0.9843086
internal_test,0.9999961
internal_test,0.98151785
internal_test,0.85019994
internal_test,0.9786085
internal_test,0.99563473
internal_test,0.9939425
internal_test,0.9892551
internal_test,0.99626094
internal_test,0.96963644
internal_test,0.9960741
internal_test,0.980824
internal_test,0.981274
internal_test,0.9814794
internal_test,0.9999938
internal_test,0.98764455
internal_test,0.99264127
internal_test,0.9973284
internal_test,0.8963285
internal_test,0.99485874
internal_test,0.98633635
internal_test,0.9859177
internal_test,0.9951962
internal_test,0.98281324
internal_test,0.9930661
internal_test,0.99114263
internal_test,0.98488295
internal_test,0.98797095
internal_test,0.98363084
internal_test,0.99058145
internal_test,0.9790307
internal_test,0.9972017
internal_test,0.9903523
internal_test,0.9919444
internal_test,0.9999998
internal_test,0.9971731
internal_test,0.9999995
internal_test,0.9795705
internal_test,0.7047909
internal_test,0.99191725
internal_test,0.98890185
internal_test,0.9584762
internal_test,0.8289875
internal_test,0.96588784
internal_test,0.9413198
internal_test,0.9668036
internal_test,0.9603573
internal_test,0.9508412
internal_test,0.9447963
internal_test,0.92318416
internal_test,0.9405478
internal_test,0.9718386
internal_test,0.94128126
internal_test,0.98425275
internal_test,0.9854694
internal_test,0.9855659
internal_test,0.96184736
internal_test,0.98523545
internal_test,0.84082055
internal_test,0.99394256
internal_test,0.9919739
internal_test,0.96556723
internal_test,0.99235475
internal_test,0.9797594
internal_test,0.97991455
internal_test,0.9914392
internal_test,0.9671122
internal_test,0.976973
internal_test,0.99371094
internal_test,0.9515919
internal_test,0.986644
internal_test,0.99157727
internal_test,0.99766695
internal_test,0.99208456
internal_test,0.9946121
internal_test,0.98286945
internal_test,0.9785218
internal_test,0.9947153
internal_test,0.98830605
internal_test,0.9697286
internal_test,0.9974171
internal_test,0.99083936
internal_test,0.99348724
internal_test,0.9839356
internal_test,0.9933918
internal_test,0.9924209
internal_test,0.98307943
internal_test,0.9548116
internal_test,0.97789955
internal_test,0.989267
internal_test,0.99176705
internal_test,0.9602175
internal_test,0.9923048
internal_test,0.99390435
internal_test,0.98653257
internal_test,0.9903172
internal_test,0.98566085
internal_test,0.98616236
internal_test,0.99747807
internal_test,0.9934538
internal_test,0.9663825
internal_test,0.9917798
internal_test,0.9907522
internal_test,0.9756309
internal_test,0.9956162
internal_test,0.99233866
internal_test,0.9834511
internal_test,0.9909784
internal_test,0.99429584
internal_test,0.9806799
internal_test,0.9879705
internal_test,0.96998346
internal_test,0.98123074
internal_test,0.9852297
internal_test,0.97462904
internal_test,0.9844034
internal_test,0.988588
internal_test,0.99436367
internal_test,0.98614544
internal_test,0.97386414
internal_test,0.98724353
internal_test,0.9826894
internal_test,0.99176407
internal_test,0.7742509
internal_test,0.9873328
internal_test,0.98664343
internal_test,0.99426675
internal_test,0.9779386
internal_test,0.9755734
internal_test,0.99145997
development_external,0.6831092
development_external,0.7598634
development_external,0.68391335
development_external,0.675639
development_external,0.72965646
development_external,0.89597774
development_external,0.8725761
development_external,0.67834306
development_external,0.8762318
development_external,0.8808886
development_external,0.7733747
development_external,0.9210333
development_external,0.8992612
development_external,0.62698495
development_external,0.91616637
development_external,0.6602296
development_external,0.8355056
development_external,0.91899765
development_external,0.9182893
development_external,0.8923933
development_external,0.9494665
development_external,0.95099777
development_external,0.95650643
development_external,0.84020776
development_external,0.95134497
development_external,0.953854
development_external,0.7941133
development_external,0.7956554
development_external,0.62632954
development_external,0.9148898
development_external,0.7319605
development_external,0.86303264
development_external,0.92658633
development_external,0.88181835
development_external,0.81163335
development_external,0.955372
development_external,0.661923
development_external,0.94590193
development_external,0.7043679
development_external,0.7262304
development_external,0.62327504
development_external,0.91672796
development_external,0.7806176
development_external,0.93997633
development_external,0.9361579
development_external,0.94900364
development_external,0.7481212
development_external,0.6670546
development_external,0.65855795
development_external,0.90109444
development_external,0.78085095
development_external,0.856469
development_external,0.57505846
development_external,0.83395654
development_external,0.9352189
development_external,0.6919606
development_external,0.92490155
development_external,0.91653943
development_external,0.7733274
development_external,0.8032541
development_external,0.66093975
development_external,0.82764494
development_external,0.9698865
development_external,0.880038
development_external,0.81673706
development_external,0.84424573
development_external,0.8791305
development_external,0.89046204
development_external,0.6848256
development_external,0.7459935
development_external,0.8782215
development_external,0.84742075
development_external,0.9670148
development_external,0.8613545
development_external,0.7924404
development_external,0.9515971
development_external,0.8531744
development_external,0.80655015
development_external,0.91733456
development_external,0.828696
development_external,0.7694582
development_external,0.8063261
development_external,0.8659119
development_external,0.8205831
development_external,0.83062387
development_external,0.7678057
development_external,0.78528476
development_external,0.96020246
development_external,0.8083942
development_external,0.9616984
development_external,0.8973885
development_external,0.80492675
development_external,0.65099704
development_external,0.6499377
development_external,0.84135365
development_external,0.85934734
development_external,0.91795063
development_external,0.9216707
development_external,0.95865095
development_external,0.6211436
development_external,0.90962976
development_external,0.9453752
development_external,0.8564788
development_external,0.5589807
development_external,0.93495977
development_external,0.9080805
development_external,0.90698636
development_external,0.7801089
development_external,0.9495063
development_external,0.92325073
development_external,0.92618394
development_external,0.65428257
development_external,0.57453287
development_external,0.6544323
development_external,0.57364976
development_external,0.65879464
development_external,0.6189647
development_external,0.7228262
development_external,0.9188395
development_external,0.6336814
development_external,0.6625885
development_external,0.6606006
development_external,0.7198113
development_external,0.79306406
development_external,0.69307894
development_external,0.86751014
development_external,0.99999994
development_external,0.7810817
development_external,0.99999744
development_external,0.6674856
development_external,0.99402595
development_external,0.59494036
development_external,0.7772002
development_external,0.586951
development_external,0.98937106
development_external,0.79376924
development_external,0.6142071
development_external,0.801026
development_external,0.68135816
development_external,0.68433243
development_external,0.82443845
development_external,0.77687407
development_external,0.9996047
development_external,0.63891804
development_external,0.86623067
development_external,0.6545454
development_external,0.88523185
development_external,0.65984607
development_external,0.99321496
development_external,0.63282466
development_external,0.97642756
development_external,0.9631936
development_external,0.9623131
development_external,0.9999955
development_external,0.6485291
development_external,0.7745267
development_external,0.58390045
development_external,0.6706188
development_external,0.61574376
development_external,0.98740685
development_external,0.6869507
development_external,0.8539264
development_external,0.6873083
development_external,0.7581233
development_external,0.80080056
development_external,0.6150259
development_external,0.74805415
development_external,0.9636942
development_external,0.96708864
development_external,0.7711704
development_external,0.61696374
development_external,0.860939
development_external,0.9999998
development_external,0.9749577
development_external,0.7742934
development_external,0.9984629
development_external,0.7456442
development_external,0.72606283
development_external,0.9962793
development_external,0.7143054
development_external,0.69203115
development_external,0.8780645
development_external,0.70473874
development_external,0.7322018
development_external,1.0
development_external,1.0
development_external,0.8696592
development_external,0.99977756
development_external,0.98865044
development_external,0.8837413
development_external,0.70972884
development_external,0.4530831
development_external,0.6520101
development_external,0.7612076
development_external,0.9115027
development_external,0.6611161
development_external,0.98868835
development_external,0.8129064
development_external,0.5894092
development_external,0.5831758
development_external,0.8480236
development_external,0.7645289
development_external,0.88162684
development_external,0.7190683
development_external,0.5420524
development_external,0.68929017
development_external,0.70897746
development_external,0.9999999
development_external,0.8905591
development_external,0.80032164
development_external,0.78621984
development_external,0.90987563
development_external,0.9463053
development_external,0.98851836
development_external,1.0
development_external,0.76454127
development_external,0.80872506
development_external,0.6865275
development_external,0.74096733
development_external,0.815025
development_external,0.6884376
development_external,0.9999999
development_external,0.8808944
development_external,0.7998949
development_external,0.6644037
development_external,0.9195911
development_external,0.7006241
development_external,0.5166626
development_external,0.97591686
development_external,0.9999999
development_external,0.86024165
development_external,0.8785227
development_external,0.9999979
development_external,0.9540652
development_external,0.8265506
development_external,0.7506136
development_external,0.9999998
development_external,0.7835218
development_external,0.59711325
development_external,0.8826792
development_external,0.99179554
development_external,0.7400434
development_external,0.72861946
development_external,0.8413433
development_external,0.8066586
development_external,0.62025154
development_external,0.99934167
development_external,0.6951219
development_external,0.61339825
development_external,0.7665694
development_external,0.6011189
development_external,0.6613801
development_external,0.68954635
development_external,0.8669808
development_external,0.78104174
development_external,0.7641883
development_external,0.75718385
development_external,0.7011926
development_external,0.6483438
development_external,0.5282377
development_external,0.5955193
development_external,0.73642415
development_external,0.744877
development_external,0.55358547
development_external,0.9032948
development_external,0.7528746
development_external,0.6897923
development_external,0.5680813
development_external,0.92234284
development_external,0.6790828
development_external,0.70034164
development_external,0.8910984
development_external,0.52112573
development_external,0.6028311
development_external,0.56946594
development_external,0.5895144
development_external,0.9995001
development_external,0.75573033
development_external,0.80727196
development_external,0.7342688
development_external,0.9173569
development_external,0.546271
development_external,0.8265671
development_external,0.7048717
development_external,0.5643945
development_external,0.7878201
development_external,0.7605518
development_external,0.9458459
development_external,0.77873814
development_external,0.69218194
development_external,0.67768884
development_external,0.6628052
development_external,0.80187356
development_external,0.79883957
development_external,0.82440627
development_external,0.9260989
development_external,0.57784724
development_external,0.60228413
development_external,0.92281806
development_external,0.8229258
development_external,0.73586786
development_external,0.6517907
development_external,0.6502488
development_external,0.5926336
development_external,0.9195829
development_external,0.59724045
development_external,0.9207135
development_external,0.57758677
development_external,0.6091515
development_external,0.81825584
development_external,0.80015624
development_external,0.65627843
development_external,0.7676176
development_external,0.7158717
development_external,0.5822423
development_external,0.59469366
development_external,0.9582058
development_external,0.69128805
development_external,0.57868254
development_external,0.9494663
development_external,0.7924874
development_external,0.5316494
development_external,0.92819834
development_external,0.45137596
development_external,0.8814007
development_external,0.827551
development_external,0.66572213
development_external,0.6282402
development_external,0.645568
development_external,0.521592
development_external,0.8269109
development_external,0.8051925
development_external,0.8578795
development_external,0.7219312
development_external,0.81277937
development_external,0.7804532
development_external,0.6217177
development_external,0.586807
development_external,0.99880016
development_external,0.6843989
development_external,0.64901716
development_external,0.8354886
development_external,0.9092375
development_external,0.66942286
development_external,0.62430906
development_external,0.5440067
development_external,0.9173079
development_external,0.6594425
development_external,0.6460881
development_external,0.6518826
development_external,0.753719
development_external,0.657007
development_external,0.7637506
development_external,0.68924356
development_external,0.7396587
development_external,0.6908521
development_external,0.7252037
development_external,0.56263375
development_external,0.68787503
development_external,0.8179787
development_external,0.60717595
development_external,0.7285924
development_external,0.91897345
development_external,0.6514716
development_external,0.6252384
development_external,0.778653
development_external,0.6019945
development_external,0.48284328
development_external,0.8893899
development_external,0.68300664
development_external,0.6239153
development_external,0.9133222
development_external,0.58927953
development_external,0.7866574
development_external,0.9291704
development_external,0.7993245
development_external,0.93036485
development_external,0.93534625
development_external,0.9599955
development_external,0.9090923
development_external,0.72418225
development_external,0.9015756
development_external,0.81589735
development_external,0.9452729
development_external,0.9516066
development_external,0.91153
development_external,0.84514606
development_external,0.76003146
development_external,0.7434849
development_external,0.9693203
development_external,0.7931814
development_external,0.95935607
development_external,0.8175447
development_external,0.90476125
development_external,0.51535845
development_external,0.91602886
development_external,0.9733356
development_external,0.9097358
development_external,0.99297756
development_external,0.990203
development_external,0.7159145
development_external,0.8873852
development_external,0.9712206
development_external,0.96631783
development_external,0.9462772
development_external,0.5773232
development_external,0.98368025
development_external,0.94876015
development_external,0.70481884
development_external,0.53681326
development_external,0.89747536
development_external,0.84715706
development_external,0.92708755
development_external,0.71358097
development_external,0.67387784
development_external,0.9386991
development_external,0.79912674
development_external,0.97495824
development_external,0.91729087
development_external,0.9745842
development_external,0.53292644
development_external,0.73141366
development_external,0.9729196
development_external,0.82130307
development_external,0.7847471
development_external,0.60464466
development_external,0.91801614
development_external,0.9533004
development_external,0.605863
development_external,0.75923806
development_external,0.6630224
development_external,0.7318679
development_external,0.9353223
development_external,0.9662872
development_external,0.620898
development_external,0.79300725
development_external,0.942055
development_external,0.9084065
development_external,0.80954134
development_external,0.8295461
development_external,0.93985796
development_external,0.9102091
development_external,0.9754613
development_external,0.99627596
development_external,0.9680544
development_external,0.8817246
development_external,0.9711534
development_external,0.7696024
development_external,0.9116638
development_external,0.645777
development_external,0.5955558
development_external,0.9770303
development_external,0.93301976
development_external,0.9473605
development_external,0.9394494
development_external,0.93035746
development_external,0.7340531
development_external,0.8049991
development_external,0.98232627
development_external,0.72263205
development_external,0.8440311
development_external,0.9167577
development_external,0.76459944
development_external,0.5952958
development_external,0.896538
development_external,0.96417344
development_external,0.5600474
development_external,0.7008466
development_external,0.94959545
development_external,0.7463695
development_external,0.9631676
development_external,0.9029566
development_external,0.8815876
development_external,0.9551661
development_external,0.907753
development_external,0.8766229
development_external,0.9121934
development_external,0.6068546
development_external,0.88488317
development_external,0.9418113
development_external,0.9676492
development_external,0.9226668
development_external,0.70444036
development_external,0.6928526
development_external,0.5421611
development_external,0.94183016
development_external,0.7531296
development_external,0.9969468
development_external,0.9303618
development_external,0.90454125
development_external,0.6775807
development_external,0.9221207
development_external,0.6791942
development_external,0.97187996
development_external,0.86761874
development_external,0.54623437
development_external,0.93121886
development_external,0.94773364
development_external,0.91381
development_external,0.9549588
development_external,0.9510765
development_external,0.83471596
development_external,0.9431587
development_external,0.7593006
development_external,0.9488184
development_external,0.96164906
development_external,0.6919327
development_external,0.92773056
development_external,0.9553392
development_external,0.7544582
development_external,0.86634564
development_external,0.633976
development_external,0.9610168
development_external,0.84416634
development_external,0.9286698
development_external,0.8062153
development_external,0.82700765
development_external,0.98014843
development_external,0.953151
development_external,0.9720929
development_external,0.95429236
development_external,0.91748565
development_external,0.81197315
development_external,0.9486553
development_external,0.99525654
development_external,0.98862493
development_external,0.84595394
development_external,0.9980683
development_external,0.92532986
development_external,0.9281282
development_external,0.83310455
development_external,0.990278
development_external,0.98642874
development_external,0.99972594
development_external,0.9997533
development_external,0.9721445
development_external,0.9678534
development_external,0.85357004
development_external,0.99571484
development_external,0.93164235
development_external,0.9721343
development_external,0.972814
development_external,0.8476694
development_external,0.7854438
development_external,0.9857578
development_external,0.998507
development_external,0.7006255
development_external,0.9608353
development_external,0.9512735
development_external,0.98903555
development_external,0.99971646
development_external,0.9562184
development_external,0.9708219
development_external,0.96766406
development_external,0.92504126
development_external,0.84389824
development_external,0.95487463
development_external,0.98075306
development_external,0.54687726
development_external,0.9677641
development_external,0.97808594
development_external,0.8684829
development_external,0.950663
development_external,0.9879852
development_external,0.8937179
development_external,0.9331758
development_external,0.9488512
development_external,0.9081912
development_external,0.99744016
development_external,0.99850243
development_external,0.97894025
development_external,0.9536805
development_external,0.9985515
development_external,0.9925113
development_external,0.9988382
development_external,0.82766515
development_external,0.9805095
development_external,0.732471
development_external,0.97125816
development_external,0.9994712
development_external,0.9960687
development_external,0.9446045
development_external,0.94828206
development_external,0.99033
development_external,0.99900025
development_external,0.6773313
development_external,0.85798514
development_external,0.9391184
development_external,0.9109615
development_external,0.9856621
development_external,0.98840106
development_external,0.9591389
development_external,0.98312426
development_external,0.91119826
development_external,0.99948287
development_external,0.9568768
development_external,0.7402477
development_external,0.9132197
development_external,0.7832153
development_external,0.9995024
development_external,0.9451256
development_external,0.92089945
development_external,0.72267413
development_external,0.9986146
development_external,0.99118966
development_external,0.7789974
development_external,0.92385614
development_external,0.9736892
development_external,0.9280815
development_external,0.96283543
development_external,0.99369794
development_external,0.945099
development_external,0.7406205
development_external,0.9212854
development_external,0.9997257
development_external,0.9804802
development_external,0.9957212
development_external,0.99933445
development_external,0.9931928
development_external,0.6634698
development_external,0.9023598
development_external,0.83043146
development_external,0.892683
development_external,0.99930894
development_external,0.9341153
development_external,0.99675596
development_external,0.99985874
development_external,0.99949455
development_external,0.93741393
development_external,0.8792911
development_external,0.9375746
development_external,0.9263507
development_external,0.99481416
development_external,0.99821174
development_external,0.99926424
development_external,0.9628793
development_external,0.9084141
development_external,0.91178286
development_external,0.93457687
development_external,0.99963796
development_external,0.9985398
development_external,0.8664756
development_external,0.7540833
development_external,0.9899345
development_external,0.9925374
development_external,0.9080123
development_external,0.9997145
development_external,0.9722705
development_external,0.9521222
development_external,0.998705
development_external,0.99101543
development_external,0.7473954
development_external,0.95938134
development_external,0.9598125
development_external,0.9612229
development_external,0.92385364
development_external,0.9158074
development_external,0.99731755
development_external,0.9888668
development_external,0.9987236
development_external,0.9639608
development_external,0.99478066
development_external,0.898101
development_external,0.57423836
development_external,0.9874563
development_external,0.9585848
development_external,0.91286635
development_external,0.9324915
development_external,0.94190234
development_external,0.8293521
development_external,0.838634
development_external,0.9040425
development_external,0.9286368
development_external,0.8782395
development_external,0.9923174
development_external,0.99932957
development_external,0.99849826
development_external,0.9387206
development_external,0.9146651
development_external,0.9046391
development_external,0.62941337
development_external,0.99864644
development_external,0.91019136
development_external,0.90304303
development_external,0.95790666
development_external,0.998811
development_external,0.99624234
development_external,0.96088755
development_external,0.9195647
development_external,0.88181096
development_external,0.9873221
development_external,0.9774373
development_external,0.9787083
development_external,0.96643126
development_external,0.9019747
development_external,0.9288847
development_external,0.92829037
development_external,0.9951596
development_external,0.97797453
development_external,0.9532547
development_external,0.9335105
development_external,0.9621477
development_external,0.7882794
development_external,0.93633664
development_external,0.99742377
development_external,0.92725074
development_external,0.9586667
development_external,0.9962773
development_external,0.99283314
development_external,0.9303312
development_external,0.7729858
development_external,0.99467444
development_external,0.86765957
development_external,0.85757786
development_external,0.9208915
development_external,0.99713814
development_external,0.96062374
development_external,0.6970911
development_external,0.99792564
development_external,0.96591127
development_external,0.99696535
development_external,0.93937504
development_external,0.8508694
development_external,0.9953635
development_external,0.91503525
development_external,0.9738786
development_external,0.9575725
development_external,0.8227089
development_external,0.9443679
development_external,0.99736387
development_external,0.9906286
development_external,0.9483801
development_external,0.94253236
development_external,0.9857272
development_external,0.9994141
development_external,0.9744945
development_external,0.9503084
development_external,0.91474354
development_external,0.83292484
development_external,0.7879524
development_external,0.9996184
development_external,0.9987607
development_external,0.9352987
development_external,0.9392557
development_external,0.9019228
development_external,0.9790602
development_external,0.6725611
development_external,0.7359531
development_external,0.99076825
development_external,0.98250484
development_external,0.9990676
development_external,0.9189621
development_external,0.9733974
development_external,0.9567884
development_external,0.9662475
development_external,0.95500255
development_external,0.9595993
development_external,0.94540226
development_external,0.9750156
development_external,0.9636713
development_external,0.9946925
development_external,0.9618194
development_external,0.9479942
development_external,0.9453337
development_external,0.9027203
development_external,0.8700459
development_external,0.9908595
development_external,0.9531018
development_external,0.8802281
development_external,0.9966601
development_external,0.9967619
development_external,0.94753236
development_external,0.9216877
development_external,0.992647
development_external,0.9587248
development_external,0.9401869
development_external,0.9786921
development_external,0.9866208
development_external,0.97165686
development_external,0.9039966
development_external,0.9981459
development_external,0.9622908
development_external,0.96214086
development_external,0.9676883
development_external,0.9480228
development_external,0.90857035
development_external,0.9616814
development_external,0.86362886
development_external,0.9395925
development_external,0.932958
development_external,0.91794693
development_external,0.989083
development_external,0.99306786
development_external,0.9674646
development_external,0.9445817
development_external,0.9577811
development_external,0.9730333
development_external,0.94687635
development_external,0.951149
development_external,0.96103495
development_external,0.9988061
development_external,0.96661717
development_external,0.9716055
development_external,0.96832967
development_external,0.988371
development_external,0.951093
development_external,0.9977826
development_external,0.9179427
development_external,0.98974955
development_external,0.97914433
development_external,0.94260776
development_external,0.9662085
development_external,0.99114335
development_external,0.9643868
development_external,0.9879391
development_external,0.97150874
development_external,0.9262724
development_external,0.92585164
development_external,0.9199043
development_external,0.9689391
development_external,0.8421843
development_external,0.96995676
development_external,0.9682698
development_external,0.9545435
development_external,0.9415666
development_external,0.90850806
development_external,0.9721254
development_external,0.8734441
development_external,0.90680265
development_external,0.9513108
development_external,0.9437426
development_external,0.97358763
development_external,0.99355847
development_external,0.97549164
development_external,0.9668842
development_external,0.9669732
development_external,0.99283147
development_external,0.92561865
development_external,0.99973845
development_external,0.998883
development_external,0.9605447
development_external,0.95725435
development_external,0.94699264
development_external,0.98089445
development_external,0.80197287
development_external,0.99722683
development_external,0.9669385
development_external,0.99095607
development_external,0.9546625
development_external,0.9346864
development_external,0.95090437
development_external,0.9662076
development_external,0.96540403
development_external,0.934702
development_external,0.95514464
development_external,0.9646358
development_external,0.9682988
development_external,0.9535165
development_external,0.978042
development_external,0.9759569
development_external,0.9572569
development_external,0.96385586
development_external,0.9542835
development_external,0.9368385
development_external,0.93342924
development_external,0.9546771
development_external,0.95523584
development_external,0.9902476
development_external,0.9993768
development_external,0.9895713
development_external,0.8972159
development_external,0.9280938
development_external,0.9804853
development_external,0.9924125
development_external,0.8151729
development_external,0.93979114
development_external,0.9840157
development_external,0.95340836
development_external,0.9479377
development_external,0.9585341
development_external,0.975273
development_external,0.99907696
development_external,0.95550793
development_external,0.9602022
development_external,0.95685816
development_external,0.9508674
development_external,0.99395955
development_external,0.90379256
development_external,0.97857285
development_external,0.99975944
development_external,0.97453785
development_external,0.9691197
development_external,0.8886056
development_external,0.96223116
development_external,0.9729733
development_external,0.9405264
development_external,0.9653996
development_external,0.9929844
development_external,0.8939603
development_external,0.9595592
development_external,0.8815866
development_external,0.93969095
development_external,0.9995797
development_external,0.9724505
development_external,0.9465405
development_external,0.93014777
development_external,0.97595614
development_external,0.97300667
development_external,0.9955758
development_external,0.94226193
development_external,0.95469666
development_external,0.9834956
development_external,0.960274
development_external,0.9640427
development_external,0.96628106
development_external,0.9729753
development_external,0.9437134
development_external,0.94363916
development_external,0.9913974
development_external,0.998937
development_external,0.9979919
development_external,0.7648673
development_external,0.99947155
development_external,0.75185156
development_external,0.9991545
development_external,0.9974541
development_external,0.9991902
development_external,0.8096608
development_external,0.9999845
development_external,0.99839884
development_external,0.9999998
development_external,0.9252372
development_external,0.9999465
development_external,0.9977365
development_external,0.8182155
development_external,0.73208773
development_external,0.9999783
development_external,0.99893165
development_external,0.99999905
development_external,0.95246994
development_external,0.9998598
development_external,0.99990237
development_external,0.9685101
development_external,0.8802247
development_external,0.7693732
development_external,0.85296786
development_external,0.99999976
development_external,0.99999785
development_external,0.9681906
development_external,0.9839217
development_external,0.99957
development_external,0.93680793
development_external,0.9992578
development_external,0.9974877
development_external,0.93253016
development_external,0.9171789
development_external,0.9536804
development_external,0.95602506
development_external,0.82381463
development_external,0.956483
development_external,0.99998933
development_external,0.800118
development_external,0.9999999
development_external,0.9791956
development_external,0.994596
development_external,0.94890153
development_external,0.9006709
development_external,0.9999281
development_external,1.0
development_external,0.9550081
development_external,0.9152925
development_external,0.9626418
development_external,0.9999825
development_external,0.9999926
development_external,0.8933492
development_external,0.9999875
development_external,0.99997854
development_external,0.9471058
development_external,0.9999993
development_external,0.99998343
development_external,0.9828191
development_external,0.99868536
development_external,0.8446954
development_external,0.9246387
development_external,0.9999566
development_external,0.916586
development_external,0.8737956
development_external,0.861891
development_external,0.90443313
development_external,0.9844387
development_external,0.8078269
development_external,0.999444
development_external,0.9994271
development_external,0.99967694
development_external,0.9999988
development_external,0.99999994
development_external,0.9999949
development_external,0.9987545
development_external,0.9986369
development_external,0.99856824
development_external,0.99817276
development_external,0.9634577
development_external,0.99913275
development_external,0.92585254
development_external,0.9969915
development_external,0.9999999
development_external,0.999919
development_external,0.99920225
development_external,0.961907
development_external,0.9545455
development_external,0.9999764
development_external,0.8626951
development_external,0.9873123
development_external,0.99698603
development_external,0.9968679
development_external,0.9872007
development_external,0.99908006
development_external,0.9938124
development_external,0.9670201
development_external,0.999411
development_external,0.93865836
development_external,0.99930024
development_external,0.99798214
development_external,0.99476016
development_external,0.9911181
development_external,0.99883837
development_external,0.9994841
development_external,0.9991626
development_external,0.96625197
development_external,0.98455566
development_external,0.9986547
development_external,0.9746022
development_external,0.99892235
development_external,0.9922615
development_external,0.9479214
development_external,0.97131777
development_external,0.99307865
development_external,0.9794069
development_external,0.9753503
development_external,0.99961084
development_external,0.98806566
development_external,0.97305727
development_external,0.9962488
development_external,0.9771837
development_external,0.9967779
development_external,0.99713445
development_external,0.9924329
development_external,0.98627096
development_external,0.85059226
development_external,0.99920833
development_external,0.9600269
development_external,0.9978012
development_external,0.9987668
development_external,0.99309736
development_external,0.9788934
development_external,0.9965201
development_external,0.9728935
development_external,0.9933463
development_external,0.97127545
development_external,0.9847606
development_external,0.9952669
development_external,0.98859656
development_external,0.97188383
development_external,0.9203531
development_external,0.9998989
development_external,0.9854339
development_external,0.99546075
development_external,0.9424263
development_external,0.9703106
development_external,0.99450535
development_external,0.9530524
development_external,0.99989355
development_external,0.8529885
development_external,0.96621037
development_external,0.957407
development_external,0.9816887
development_external,0.9986956
development_external,0.9992974
development_external,0.97492754
development_external,0.9688987
development_external,0.99829596
development_external,0.9963487
development_external,0.99944425
development_external,0.9875773
development_external,0.9995631
development_external,0.99791837
development_external,0.9861804
development_external,0.9685978
development_external,0.9860398
development_external,0.98332036
development_external,0.9992556
development_external,0.9981584
development_external,0.9851267
development_external,0.9998189
development_external,0.9665595
development_external,0.99963117
development_external,0.99968374
development_external,0.9848702
development_external,0.99951124
development_external,0.9181117
development_external,0.99942887
development_external,0.9992166
development_external,0.9902394
development_external,0.94094396
development_external,0.99560666
development_external,0.9721
development_external,0.99301213
development_external,0.9795816
development_external,0.88399446
development_external,0.9936136
development_external,0.99829143
development_external,0.9658493
development_external,0.9886556
development_external,0.93499815
development_external,0.95220256
development_external,0.9982464
development_external,0.98742646
development_external,0.9996896
development_external,0.9988455
development_external,0.9703925
development_external,0.99910915
development_external,0.9987264
development_external,0.97739184
development_external,0.9558446
development_external,0.9524939
development_external,0.99962115
development_external,0.8867656
development_external,0.9986876
development_external,0.999619
development_external,0.9874756
development_external,0.9735702
development_external,0.9973005
development_external,0.98612815
development_external,0.9994868
development_external,0.9999974
development_external,0.99837697
development_external,0.861314
development_external,0.9994969
development_external,0.975996
development_external,0.9989141
development_external,0.99999964
development_external,0.9917789
development_external,0.99999785
development_external,0.9999975
development_external,0.99776614
development_external,0.99762034
development_external,0.9987028
development_external,0.99998677
development_external,0.9981956
development_external,0.955539
development_external,0.99069047
development_external,0.9144416
development_external,0.9828281
development_external,0.9995085
development_external,0.9999997
development_external,0.98619366
development_external,0.9994607
development_external,0.7938441
development_external,0.9925369
development_external,0.9997956
development_external,0.9997431
development_external,0.99804705
development_external,0.99578655
development_external,0.99974024
development_external,0.9999987
development_external,0.9549924
development_external,0.99966526
development_external,0.8273822
development_external,0.998762
development_external,0.6599612
development_external,0.84565735
development_external,0.9966944
development_external,0.9990299
development_external,0.9999913
development_external,0.88467157
development_external,0.99999845
development_external,0.9999995
development_external,0.9985378
development_external,0.9457401
development_external,0.9984982
development_external,0.9999994
development_external,0.9999039
development_external,0.9999999
development_external,0.9992107
development_external,0.999996
development_external,0.9134407
development_external,0.99999136
development_external,0.9999942
development_external,0.8940363
development_external,0.9941685
development_external,0.998842
development_external,0.9999772
development_external,0.99609315
development_external,0.89504635
development_external,0.9999392
development_external,0.9976249
development_external,0.9626939
development_external,0.9998547
development_external,0.9994689
development_external,0.99842536
development_external,0.9962213
development_external,0.9978949
development_external,0.9999969
development_external,0.99969053
development_external,0.9646479
development_external,0.99959886
development_external,0.9972288
development_external,0.97748196
development_external,0.9745125
development_external,0.8862463
development_external,0.93803746
development_external,0.99964964
development_external,0.91396093
development_external,0.9472494
development_external,0.9975008
development_external,0.9999878
development_external,0.9997474
development_external,0.9937996
development_external,0.998857
development_external,0.99984014
development_external,0.99998885
development_external,0.99994576
development_external,0.9999993
development_external,0.99948025
development_external,0.99993813
development_external,0.99820906
development_external,0.9999829
development_external,0.9781507
development_external,0.9953728
development_external,0.9933458
development_external,0.9999999
development_external,0.99379754
development_external,0.9993298
development_external,0.94977665
development_external,0.9999865
development_external,0.99999917
development_external,0.99811006
development_external,0.99999976
development_external,0.95213246
development_external,0.99999475
development_external,0.992631
development_external,0.99936223
development_external,0.9566747
development_external,0.99998546
development_external,0.9996493
development_external,0.95233583
development_external,0.9980738
development_external,0.9954734
development_external,0.9999702
development_external,0.8993397
development_external,0.9999999
development_external,0.8483
development_external,0.9999938
development_external,0.9999954
development_external,0.997548
development_external,0.941332
development_external,0.98651534
development_external,0.999378
development_external,0.99896455
development_external,0.99971867
development_external,0.9668079
development_external,0.99788177
development_external,0.99999297
development_external,0.9720862
development_external,0.9689162
development_external,0.8224001
development_external,0.9998008
development_external,0.9992573
development_external,0.9997804
development_external,0.99999964
development_external,0.9995189
development_external,0.99954015
development_external,0.9848032
development_external,0.99956954
development_external,0.9984673
development_external,0.99927026
development_external,0.99990714
development_external,0.998772
development_external,0.9984486
development_external,0.9999996
development_external,0.9999845
development_external,0.99999535
development_external,0.9999997
development_external,0.7768909
development_external,0.999195
development_external,0.99905324
development_external,0.99240637
development_external,0.9993047
development_external,0.9858175
development_external,0.9999992
development_external,0.99776715
development_external,0.83567643
development_external,0.9997953
development_external,0.999953
development_external,0.99801636
development_external,0.9999625
development_external,0.99995995
development_external,0.9999632
development_external,0.9997666
development_external,0.999957
development_external,0.92456836
development_external,0.9995109
development_external,0.8308444
development_external,0.9997146
development_external,0.99764305
development_external,0.99973625
development_external,0.8096224
development_external,0.9990406
development_external,0.892556
development_external,0.804127
development_external,0.99716914
development_external,0.7312951
development_external,0.9999958
development_external,0.99871343
development_external,0.9995383
development_external,0.99912953
development_external,0.99954104
development_external,0.9999976
development_external,0.99997926
development_external,0.7051595
development_external,0.99907637
development_external,0.999788
development_external,0.99888253
development_external,0.9997114
development_external,0.99999726
development_external,0.98054516
development_external,0.99995303
development_external,0.8107743
development_external,0.9992267
development_external,0.99970484
development_external,0.9959024
development_external,1.0
development_external,0.99999124
development_external,0.9999908
development_external,0.9999678
development_external,0.8367566
development_external,0.9990235
development_external,0.9983784
development_external,0.99953854
development_external,0.9994294
development_external,0.9995413
development_external,0.9998666
development_external,0.9999956
development_external,0.8850443
development_external,0.9999204
development_external,0.9999999
development_external,0.9999995
development_external,0.7425852
development_external,0.99999964
development_external,1.0000001
development_external,0.9827592
ood,0.68221486
ood,0.7528189
ood,0.7718686
ood,0.7441666
ood,0.9039
ood,0.5667359
ood,0.7336399
ood,0.6636636
ood,0.5812607
ood,0.64075553
ood,0.7465621
ood,0.7954836
ood,0.91526246
ood,0.845593
ood,0.83183265
ood,0.85489273
ood,0.6776969
ood,0.7537007
ood,0.87804925
ood,0.56114066
ood,0.7384292
ood,0.7328713
ood,0.88805556
ood,0.81771636
ood,0.7971699
ood,0.71232843
ood,0.6038227
ood,0.5660212
ood,0.7643722
ood,0.6696094
ood,0.7831876
ood,0.570334
ood,0.6419406
ood,0.8705745
ood,0.7991412
ood,0.902586
ood,0.8658155
ood,0.7954836
ood,0.7883332
ood,0.7604469
ood,0.79648405
ood,0.6065906
ood,0.91319
ood,0.7998608
ood,0.6363174
ood,0.6477619
ood,0.8849796
ood,0.7102356
ood,0.5657941
ood,0.635903
ood,0.7098128
ood,0.5633648
ood,0.6598263
ood,0.6163914
ood,0.784318
ood,0.73406917
ood,0.6064249
ood,0.81000626
ood,0.74149764
ood,0.608857
ood,0.6116143
ood,0.5907955
ood,0.8576751
ood,0.78340423
ood,0.89143217
ood,0.86260426
ood,0.6026226
ood,0.6700356
ood,0.84986496
ood,0.77891034
ood,0.750101
ood,0.6901349
ood,0.5880732
ood,0.780377
ood,0.6470444
