path,true_species,pred_species,true_disease,pred_disease_raw,pred_disease_pred_species,pred_disease_known,known_confidence,raw_confidence,correct_known
/mnt/e/Ringworm detection project/DFAN-main/evaluation_data/development_external_2026_05_02/Cat/Cat_normal/02968c0c30fc__additional_data_curated__hard_validation__df046b.jpg,Cat,Dog,Cat_normal,Dog_normal,Dog_normal,Ringworm in Cat,0.5972822993597827,0.63850796,False
/mnt/e/Ringworm detection project/DFAN-main/evaluation_data/development_external_2026_05_02/Cat/Cat_normal/0400213391e9__additional_data_curated__hard_validation__b78188.jpg,Cat,Cat,Cat_normal,Cat_normal,Cat_normal,Cat_normal,0.5527096353579017,0.4915142,True
/mnt/e/Ringworm detection project/DFAN-main/evaluation_data/development_external_2026_05_02/Cat/Cat_normal/086ae6615b10__additional_data_curated__hard_validation__d10ef0.jpg,Cat,Cat,Cat_normal,scabies cat,scabies cat,scabies cat,0.3778382980504568,0.25123906,False
/mnt/e/Ringworm detection project/DFAN-main/evaluation_data/development_external_2026_05_02/Cat/Cat_normal/114f09a5f25b__additional_data_curated__hard_validation__de114d.jpg,Cat,Cat,Cat_normal,Skin Allergy in Cat,Skin Allergy in Cat,Skin Allergy in Cat,0.5832020838092129,0.4912128,False
/mnt/e/Ringworm detection project/DFAN-main/evaluation_data/development_external_2026_05_02/Cat/Cat_normal/14a9fe033ee2__additional_data_curated__hard_validation__f663a5.jpg,Cat,Cat,Cat_normal,scabies cat,scabies cat,scabies cat,0.48029264341151834,0.38228562,False
/mnt/e/Ringworm detection project/DFAN-main/evaluation_data/development_external_2026_05_02/Cat/Cat_normal/165b1e659dd7__additional_data_curated__hard_validation__fb72da.jpg,Cat,Cat,Cat_normal,Cat_normal,Cat_normal,Cat_normal,0.966464895919099,0.92867225,True
/mnt/e/Ringworm detection project/DFAN-main/evaluation_data/development_external_2026_05_02/Cat/Cat_normal/168f7da478d9__additional_data_curated__hard_validation__5ece99.jpg,Cat,Cat,Cat_normal,Cat_normal,Cat_normal,Cat_normal,0.9515696541703114,0.90389925,True
/mnt/e/Ringworm detection project/DFAN-main/evaluation_data/development_external_2026_05_02/Cat/Cat_normal/1fcdb5e2565f__additional_data_curated__hard_validation__8242fd.jpg,Cat,Cat,Cat_normal,Skin Allergy in Cat,Skin Allergy in Cat,Skin Allergy in Cat,0.7939476531871872,0.5500087,False
/mnt/e/Ringworm detection project/DFAN-main/evaluation_data/development_external_2026_05_02/Cat/Cat_normal/20ac77a12671__additional_data_curated__hard_validation__284bff.jpg,Cat,Cat,Cat_normal,Cat_normal,Cat_normal,Cat_normal,0.9804261677957606,0.96391064,True
/mnt/e/Ringworm detection project/DFAN-main/evaluation_data/development_external_2026_05_02/Cat/Cat_normal/25f7dbdb18b0__additional_data_curated__hard_validation__8b58b3.jpg,Cat,Cat,Cat_normal,Cat_normal,Cat_normal,Cat_normal,0.9536496410504559,0.9279139,True
/mnt/e/Ringworm detection project/DFAN-main/evaluation_data/development_external_2026_05_02/Cat/Cat_normal/280e472616fb__additional_data_curated__hard_validation__1901f4.jpg,Cat,Cat,Cat_normal,Cat_normal,Cat_normal,Cat_normal,0.6554719386310129,0.5790456,True
/mnt/e/Ringworm detection project/DFAN-main/evaluation_data/development_external_2026_05_02/Cat/Cat_normal/3000bde21a23__additional_data_curated__hard_validation__e780e9.jpg,Cat,Dog,Cat_normal,Dog_normal,Dog_normal,scabies cat,0.31136877497421905,0.97532576,False
/mnt/e/Ringworm detection project/DFAN-main/evaluation_data/development_external_2026_05_02/Cat/Cat_normal/30b4ed870a5a__additional_data_curated__hard_validation__ca0672.jpg,Cat,Cat,Cat_normal,Cat_normal,Cat_normal,Cat_normal,0.977636374811787,0.9569981,True
/mnt/e/Ringworm detection project/DFAN-main/evaluation_data/development_external_2026_05_02/Cat/Cat_normal/33ea72e95438__additional_data_curated__hard_validation__27ef75.jpg,Cat,Dog,Cat_normal,Skin Allergy in Dog,Skin Allergy in Dog,scabies cat,0.43371303057574156,0.47474664,False
/mnt/e/Ringworm detection project/DFAN-main/evaluation_data/development_external_2026_05_02/Cat/Cat_normal/3812f6d21ebf__additional_data_curated__hard_validation__cf34c2.jpg,Cat,Cat,Cat_normal,Cat_normal,Cat_normal,Cat_normal,0.9902086887567061,0.9719409,True
/mnt/e/Ringworm detection project/DFAN-main/evaluation_data/development_external_2026_05_02/Cat/Cat_normal/3a23efdcfaca__additional_data_curated__hard_validation__8e9d40.jpg,Cat,Cat,Cat_normal,Eye Infection in Cat,Eye Infection in Cat,Eye Infection in Cat,0.7732468529598978,0.44705477,False
/mnt/e/Ringworm detection project/DFAN-main/evaluation_data/development_external_2026_05_02/Cat/Cat_normal/3b052d013b76__additional_data_curated__hard_validation__5011b4.jpg,Cat,Cat,Cat_normal,Cat_normal,Cat_normal,Cat_normal,0.8877871577644907,0.8355735,True
/mnt/e/Ringworm detection project/DFAN-main/evaluation_data/development_external_2026_05_02/Cat/Cat_normal/3c9c8cd8a0f7__additional_data_curated__hard_validation__56bc0e.jpg,Cat,Cat,Cat_normal,Cat_normal,Cat_normal,Cat_normal,0.9919870360519376,0.9757127,True
/mnt/e/Ringworm detection project/DFAN-main/evaluation_data/development_external_2026_05_02/Cat/Cat_normal/3e6dab5458ed__additional_data_curated__hard_validation__c66660.jpg,Cat,Cat,Cat_normal,Cat_normal,Cat_normal,Cat_normal,0.9921102499428002,0.9715666,True
/mnt/e/Ringworm detection project/DFAN-main/evaluation_data/development_external_2026_05_02/Cat/Cat_normal/43bbfe7e00f1__additional_data_curated__hard_validation__d6eee2.jpg,Cat,Cat,Cat_normal,Cat_normal,Cat_normal,Cat_normal,0.9942116145899367,0.9684193,True
/mnt/e/Ringworm detection project/DFAN-main/evaluation_data/development_external_2026_05_02/Cat/Cat_normal/456e33f5f715__additional_data_curated__hard_validation__0067f7.jpg,Cat,Cat,Cat_normal,Cat_normal,Cat_normal,Cat_normal,0.9947602994247134,0.9836705,True
/mnt/e/Ringworm detection project/DFAN-main/evaluation_data/development_external_2026_05_02/Cat/Cat_normal/46ba4bc4f5ae__additional_data_curated__hard_validation__1cd015.jpg,Cat,Cat,Cat_normal,Cat_normal,Cat_normal,Cat_normal,0.9960020881263715,0.9887102,True
/mnt/e/Ringworm detection project/DFAN-main/evaluation_data/development_external_2026_05_02/Cat/Cat_normal/4b9a8f5f2308__additional_data_curated__hard_validation__fca7b7.jpg,Cat,Cat,Cat_normal,Cat_normal,Cat_normal,Cat_normal,0.9974412307596968,0.99008805,True
/mnt/e/Ringworm detection project/DFAN-main/evaluation_data/development_external_2026_05_02/Cat/Cat_normal/4d342428d9ae__additional_data_curated__hard_validation__55dbf5.jpg,Cat,Cat,Cat_normal,Cat_normal,Cat_normal,Cat_normal,0.9568406744298082,0.93198687,True
/mnt/e/Ringworm detection project/DFAN-main/evaluation_data/development_external_2026_05_02/Cat/Cat_normal/4e425e051c58__additional_data_curated__hard_validation__d316cf.jpg,Cat,Cat,Cat_normal,Cat_normal,Cat_normal,Cat_normal,0.9964333379930894,0.9851156,True
/mnt/e/Ringworm detection project/DFAN-main/evaluation_data/development_external_2026_05_02/Cat/Cat_normal/4fe3a7c19a1d__additional_data_curated__hard_validation__1fdcc3.jpg,Cat,Cat,Cat_normal,Cat_normal,Cat_normal,Cat_normal,0.9954492380371014,0.98166156,True
/mnt/e/Ringworm detection project/DFAN-main/evaluation_data/development_external_2026_05_02/Cat/Cat_normal/5465106c1bd5__additional_data_curated__hard_validation__4c7a19.jpg,Cat,Cat,Cat_normal,scabies cat,scabies cat,scabies cat,0.8056379252383749,0.7316262,False
/mnt/e/Ringworm detection project/DFAN-main/evaluation_data/development_external_2026_05_02/Cat/Cat_normal/54e81583ce2e__additional_data_curated__hard_validation__8a720c.jpg,Cat,Cat,Cat_normal,scabies cat,scabies cat,scabies cat,0.5883753409370618,0.46010914,False
/mnt/e/Ringworm detection project/DFAN-main/evaluation_data/development_external_2026_05_02/Cat/Cat_normal/5513dc16c837__additional_data_curated__hard_validation__304962.jpg,Cat,Cat,Cat_normal,Cat_normal,Cat_normal,Cat_normal,0.7414620514649144,0.48688534,True
/mnt/e/Ringworm detection project/DFAN-main/evaluation_data/development_external_2026_05_02/Cat/Cat_normal/5d19cb24ba08__additional_data_curated__hard_validation__fe6542.jpg,Cat,Cat,Cat_normal,Cat_normal,Cat_normal,Cat_normal,0.9964943965678827,0.9811648,True
/mnt/e/Ringworm detection project/DFAN-main/evaluation_data/development_external_2026_05_02/Cat/Cat_normal/5dfa5604abab__additional_data_curated__hard_validation__1e8bc4.jpg,Cat,Cat,Cat_normal,Skin Allergy in Cat,Skin Allergy in Cat,Skin Allergy in Cat,0.8945549506650635,0.8088304,False
/mnt/e/Ringworm detection project/DFAN-main/evaluation_data/development_external_2026_05_02/Cat/Cat_normal/63f6f7714c31__additional_data_curated__hard_validation__6f4af9.jpg,Cat,Cat,Cat_normal,Cat_normal,Cat_normal,Cat_normal,0.9753923132278226,0.93831223,True
/mnt/e/Ringworm detection project/DFAN-main/evaluation_data/development_external_2026_05_02/Cat/Cat_normal/644545d7e0e3__additional_data_curated__hard_validation__942662.jpg,Cat,Cat,Cat_normal,Cat_normal,Cat_normal,Cat_normal,0.990857810722214,0.96953875,True
/mnt/e/Ringworm detection project/DFAN-main/evaluation_data/development_external_2026_05_02/Cat/Cat_normal/66f11a8b8e78__additional_data_curated__hard_validation__ee3bbe.jpg,Cat,Cat,Cat_normal,Cat_normal,Cat_normal,Cat_normal,0.9901343190371075,0.97667044,True
/mnt/e/Ringworm detection project/DFAN-main/evaluation_data/development_external_2026_05_02/Cat/Cat_normal/6b9b820a673f__additional_data_curated__hard_validation__3ad78b.jpg,Cat,Cat,Cat_normal,Cat_normal,Cat_normal,Cat_normal,0.41769630367286004,0.36751792,True
/mnt/e/Ringworm detection project/DFAN-main/evaluation_data/development_external_2026_05_02/Cat/Cat_normal/6c4e7b7f8edb__additional_data_curated__hard_validation__111c3b.jpg,Cat,Cat,Cat_normal,Cat_normal,Cat_normal,Cat_normal,0.9957206001165695,0.98366594,True
/mnt/e/Ringworm detection project/DFAN-main/evaluation_data/development_external_2026_05_02/Cat/Cat_normal/6e314f490a7c__additional_data_curated__hard_validation__885a83.jpg,Cat,Cat,Cat_normal,Skin Allergy in Cat,Skin Allergy in Cat,Skin Allergy in Cat,0.5121312728676313,0.39709306,False
/mnt/e/Ringworm detection project/DFAN-main/evaluation_data/development_external_2026_05_02/Cat/Cat_normal/723bbed388c8__additional_data_curated__hard_validation__1d0b87.jpg,Cat,Cat,Cat_normal,Cat_normal,Cat_normal,Cat_normal,0.9934898566231152,0.9780651,True
/mnt/e/Ringworm detection project/DFAN-main/evaluation_data/development_external_2026_05_02/Cat/Cat_normal/73b6129677ba__additional_data_curated__hard_validation__2e6b5b.jpg,Cat,Dog,Cat_normal,Dog_normal,Dog_normal,scabies cat,0.3707408787677328,0.772542,False
/mnt/e/Ringworm detection project/DFAN-main/evaluation_data/development_external_2026_05_02/Cat/Cat_normal/75380f9d531b__additional_data_curated__hard_validation__bfee52.jpg,Cat,Dog,Cat_normal,Dog_normal,Dog_normal,scabies cat,0.33469108007795145,0.8450327,False
/mnt/e/Ringworm detection project/DFAN-main/evaluation_data/development_external_2026_05_02/Cat/Cat_normal/768a22934d2d__additional_data_curated__hard_validation__10bd4a.jpg,Cat,Dog,Cat_normal,Dog_normal,Dog_normal,Cat_normal,0.36443599257494724,0.5847958,True
/mnt/e/Ringworm detection project/DFAN-main/evaluation_data/development_external_2026_05_02/Cat/Cat_normal/7bb668e090ee__additional_data_curated__hard_validation__81d240.jpg,Cat,Cat,Cat_normal,Cat_normal,Cat_normal,Cat_normal,0.9925005082926104,0.9796014,True
/mnt/e/Ringworm detection project/DFAN-main/evaluation_data/development_external_2026_05_02/Cat/Cat_normal/7e02da8e16c9__additional_data_curated__hard_validation__673d20.jpg,Cat,Cat,Cat_normal,Cat_normal,Cat_normal,Cat_normal,0.804273138958764,0.71134526,True
/mnt/e/Ringworm detection project/DFAN-main/evaluation_data/development_external_2026_05_02/Cat/Cat_normal/82eeb5014e5f__additional_data_curated__hard_validation__fba616.jpg,Cat,Cat,Cat_normal,Cat_normal,Cat_normal,Cat_normal,0.9972232061758143,0.9877939,True
/mnt/e/Ringworm detection project/DFAN-main/evaluation_data/development_external_2026_05_02/Cat/Cat_normal/839c10317161__additional_data_curated__hard_validation__10f726.jpg,Cat,Dog,Cat_normal,Dog_normal,Dog_normal,Cat_normal,0.37157361611458206,0.97274417,True
/mnt/e/Ringworm detection project/DFAN-main/evaluation_data/development_external_2026_05_02/Cat/Cat_normal/83a5f34c3964__additional_data_curated__hard_validation__1a8ab0.jpg,Cat,Cat,Cat_normal,Cat_normal,Cat_normal,Cat_normal,0.9963220948186214,0.98700213,True
/mnt/e/Ringworm detection project/DFAN-main/evaluation_data/development_external_2026_05_02/Cat/Cat_normal/83bf55a42c17__additional_data_curated__hard_validation__37c7b2.jpg,Cat,Cat,Cat_normal,Skin Allergy in Cat,Skin Allergy in Cat,Skin Allergy in Cat,0.5447827043039691,0.45421913,False
/mnt/e/Ringworm detection project/DFAN-main/evaluation_data/development_external_2026_05_02/Cat/Cat_normal/8489d9cca654__additional_data_curated__hard_validation__6a1fca.jpg,Cat,Cat,Cat_normal,scabies cat,scabies cat,scabies cat,0.6325878787419945,0.43389255,False
/mnt/e/Ringworm detection project/DFAN-main/evaluation_data/development_external_2026_05_02/Cat/Cat_normal/86e3528a8b26__additional_data_curated__hard_validation__6844c0.jpg,Cat,Dog,Cat_normal,Skin Allergy in Dog,Skin Allergy in Dog,Eye Infection in Cat,0.4539235414582312,0.35220483,False
/mnt/e/Ringworm detection project/DFAN-main/evaluation_data/development_external_2026_05_02/Cat/Cat_normal/87419fea94e4__additional_data_curated__hard_validation__0140e3.jpg,Cat,Cat,Cat_normal,Cat_normal,Cat_normal,Cat_normal,0.9897605449707315,0.96603864,True
/mnt/e/Ringworm detection project/DFAN-main/evaluation_data/development_external_2026_05_02/Cat/Cat_normal/8bcfe4edd93a__additional_data_curated__hard_validation__84479e.jpg,Cat,Dog,Cat_normal,Dog_normal,Dog_normal,Skin Allergy in Cat,0.4013803902914394,0.7475985,False
/mnt/e/Ringworm detection project/DFAN-main/evaluation_data/development_external_2026_05_02/Cat/Cat_normal/8df2e80e10e6__additional_data_curated__hard_validation__db1584.jpg,Cat,Cat,Cat_normal,Cat_normal,Cat_normal,Cat_normal,0.9502505275854658,0.8550196,True
/mnt/e/Ringworm detection project/DFAN-main/evaluation_data/development_external_2026_05_02/Cat/Cat_normal/8f9c191be23e__additional_data_curated__hard_validation__51c0be.jpg,Cat,Dog,Cat_normal,Dog_normal,Dog_normal,scabies cat,0.5916476128025175,0.23922725,False
/mnt/e/Ringworm detection project/DFAN-main/evaluation_data/development_external_2026_05_02/Cat/Cat_normal/90e2fdeb0083__additional_data_curated__hard_validation__b45d93.jpg,Cat,Dog,Cat_normal,Dog_normal,Dog_normal,Cat_normal,0.6359855904600104,0.97296,True
/mnt/e/Ringworm detection project/DFAN-main/evaluation_data/development_external_2026_05_02/Cat/Cat_normal/947273a78960__additional_data_curated__hard_validation__6eb981.jpg,Cat,Cat,Cat_normal,Cat_normal,Cat_normal,Cat_normal,0.9939153654193541,0.9828273,True
/mnt/e/Ringworm detection project/DFAN-main/evaluation_data/development_external_2026_05_02/Cat/Cat_normal/963dc4a6c2b3__additional_data_curated__hard_validation__50d774.jpg,Cat,Cat,Cat_normal,Cat_normal,Cat_normal,Cat_normal,0.6840907641123515,0.51482874,True
/mnt/e/Ringworm detection project/DFAN-main/evaluation_data/development_external_2026_05_02/Cat/Cat_normal/965474db1e9f__additional_data_curated__hard_validation__26e37b.jpg,Cat,Cat,Cat_normal,Cat_normal,Cat_normal,Cat_normal,0.9931126705872739,0.9778334,True
/mnt/e/Ringworm detection project/DFAN-main/evaluation_data/development_external_2026_05_02/Cat/Cat_normal/96a6d55baad6__additional_data_curated__hard_validation__c5e7ab.jpg,Cat,Cat,Cat_normal,Cat_normal,Cat_normal,Cat_normal,0.9936358978194451,0.97842693,True
/mnt/e/Ringworm detection project/DFAN-main/evaluation_data/development_external_2026_05_02/Cat/Cat_normal/974a87700d38__additional_data_curated__hard_validation__832074.jpg,Cat,Dog,Cat_normal,Dog_normal,Dog_normal,Cat_normal,0.555131747503499,0.9068126,True
/mnt/e/Ringworm detection project/DFAN-main/evaluation_data/development_external_2026_05_02/Cat/Cat_normal/98204d5510f9__additional_data_curated__hard_validation__7af4d0.jpg,Cat,Cat,Cat_normal,Cat_normal,Cat_normal,Cat_normal,0.7072082365949973,0.66071355,True
/mnt/e/Ringworm detection project/DFAN-main/evaluation_data/development_external_2026_05_02/Cat/Cat_normal/9a302af1e99c__additional_data_curated__hard_validation__1d973d.jpg,Cat,Cat,Cat_normal,Ringworm in Cat,Ringworm in Cat,Ringworm in Cat,0.5169022324718313,0.3104157,False
/mnt/e/Ringworm detection project/DFAN-main/evaluation_data/development_external_2026_05_02/Cat/Cat_normal/9a7009d9f867__additional_data_curated__hard_validation__2d97b2.jpg,Cat,Cat,Cat_normal,Cat_normal,Cat_normal,Cat_normal,0.9304776990104534,0.8452323,True
/mnt/e/Ringworm detection project/DFAN-main/evaluation_data/development_external_2026_05_02/Cat/Cat_normal/9e3c4b163472__additional_data_curated__hard_validation__188acc.jpg,Cat,Cat,Cat_normal,Cat_normal,Cat_normal,Cat_normal,0.9975503497650293,0.98714954,True
/mnt/e/Ringworm detection project/DFAN-main/evaluation_data/development_external_2026_05_02/Cat/Cat_normal/a5b373b9ddff__additional_data_curated__hard_validation__c6e7e0.jpg,Cat,Dog,Cat_normal,Dog_normal,Dog_normal,scabies cat,0.2687039659581716,0.9560055,False
/mnt/e/Ringworm detection project/DFAN-main/evaluation_data/development_external_2026_05_02/Cat/Cat_normal/a69dc64b588a__additional_data_curated__hard_validation__aeb65b.jpg,Cat,Cat,Cat_normal,Cat_normal,Cat_normal,Cat_normal,0.5724592813959827,0.49361688,True
/mnt/e/Ringworm detection project/DFAN-main/evaluation_data/development_external_2026_05_02/Cat/Cat_normal/a8d0ab3a02b8__additional_data_curated__hard_validation__dd3a6b.jpg,Cat,Cat,Cat_normal,Cat_normal,Cat_normal,Cat_normal,0.9203961063063855,0.68132377,True
/mnt/e/Ringworm detection project/DFAN-main/evaluation_data/development_external_2026_05_02/Cat/Cat_normal/a975ed21ea74__additional_data_curated__hard_validation__74e2c5.jpg,Cat,Cat,Cat_normal,Cat_normal,Cat_normal,Cat_normal,0.9859084238742197,0.96851003,True
/mnt/e/Ringworm detection project/DFAN-main/evaluation_data/development_external_2026_05_02/Cat/Cat_normal/aa0aef8c5917__additional_data_curated__hard_validation__965d04.jpg,Cat,Cat,Cat_normal,Cat_normal,Cat_normal,Cat_normal,0.9867635024206041,0.9581048,True
/mnt/e/Ringworm detection project/DFAN-main/evaluation_data/development_external_2026_05_02/Cat/Cat_normal/acc1f5c42860__additional_data_curated__hard_validation__18f09c.jpg,Cat,Cat,Cat_normal,Cat_normal,Cat_normal,Cat_normal,0.4953400253655309,0.40566808,True
/mnt/e/Ringworm detection project/DFAN-main/evaluation_data/development_external_2026_05_02/Cat/Cat_normal/b150468241e2__additional_data_curated__hard_validation__037244.jpg,Cat,Cat,Cat_normal,Cat_normal,Cat_normal,Cat_normal,0.5385018070678554,0.4608732,True
/mnt/e/Ringworm detection project/DFAN-main/evaluation_data/development_external_2026_05_02/Cat/Cat_normal/b1634e64d743__additional_data_curated__hard_validation__45ca80.jpg,Cat,Cat,Cat_normal,Cat_normal,Cat_normal,Cat_normal,0.9845634469233793,0.9573726,True
/mnt/e/Ringworm detection project/DFAN-main/evaluation_data/development_external_2026_05_02/Cat/Cat_normal/b3291af2cdce__additional_data_curated__hard_validation__da7053.jpg,Cat,Cat,Cat_normal,Cat_normal,Cat_normal,Cat_normal,0.9344989573013294,0.9087877,True
/mnt/e/Ringworm detection project/DFAN-main/evaluation_data/development_external_2026_05_02/Cat/Cat_normal/b3f01f96d722__additional_data_curated__hard_validation__54d227.jpg,Cat,Cat,Cat_normal,Cat_normal,Cat_normal,Cat_normal,0.9971277396824038,0.98800397,True
/mnt/e/Ringworm detection project/DFAN-main/evaluation_data/development_external_2026_05_02/Cat/Cat_normal/b4c7598c790a__additional_data_curated__hard_validation__732712.jpg,Cat,Cat,Cat_normal,Cat_normal,Cat_normal,Cat_normal,0.9751483209480291,0.93073535,True
/mnt/e/Ringworm detection project/DFAN-main/evaluation_data/development_external_2026_05_02/Cat/Cat_normal/b640a003bcfc__additional_data_curated__hard_validation__5a42e5.jpg,Cat,Cat,Cat_normal,Cat_normal,Cat_normal,Cat_normal,0.9134414855007772,0.7891019,True
/mnt/e/Ringworm detection project/DFAN-main/evaluation_data/development_external_2026_05_02/Cat/Cat_normal/b80506d23b18__additional_data_curated__hard_validation__8c195e.jpg,Cat,Cat,Cat_normal,Cat_normal,Cat_normal,Cat_normal,0.9966649617320987,0.9881048,True
/mnt/e/Ringworm detection project/DFAN-main/evaluation_data/development_external_2026_05_02/Cat/Cat_normal/ba33262a2f9f__additional_data_curated__hard_validation__d4c3c5.jpg,Cat,Cat,Cat_normal,Cat_normal,Cat_normal,Cat_normal,0.9099620075340874,0.8729653,True
/mnt/e/Ringworm detection project/DFAN-main/evaluation_data/development_external_2026_05_02/Cat/Cat_normal/ba4e03749494__additional_data_curated__hard_validation__3ff7a1.jpg,Cat,Cat,Cat_normal,Skin Allergy in Cat,Skin Allergy in Cat,Skin Allergy in Cat,0.96468952673323,0.91125906,False
/mnt/e/Ringworm detection project/DFAN-main/evaluation_data/development_external_2026_05_02/Cat/Cat_normal/bcbd190a4559__additional_data_curated__hard_validation__2657f0.jpg,Cat,Cat,Cat_normal,Cat_normal,Cat_normal,Cat_normal,0.9948952543492889,0.9828545,True
/mnt/e/Ringworm detection project/DFAN-main/evaluation_data/development_external_2026_05_02/Cat/Cat_normal/be727939d125__additional_data_curated__hard_validation__0d97b9.jpg,Cat,Cat,Cat_normal,Cat_normal,Cat_normal,Cat_normal,0.8707969565006528,0.8057529,True
/mnt/e/Ringworm detection project/DFAN-main/evaluation_data/development_external_2026_05_02/Cat/Cat_normal/c2f23a40a330__additional_data_curated__hard_validation__7aab1a.jpg,Cat,Cat,Cat_normal,Cat_normal,Cat_normal,Cat_normal,0.7356044546328976,0.6200773,True
/mnt/e/Ringworm detection project/DFAN-main/evaluation_data/development_external_2026_05_02/Cat/Cat_normal/c45bb300cd2c__additional_data_curated__hard_validation__5f47e8.jpg,Cat,Cat,Cat_normal,Cat_normal,Cat_normal,Cat_normal,0.7868701635158128,0.6884958,True
/mnt/e/Ringworm detection project/DFAN-main/evaluation_data/development_external_2026_05_02/Cat/Cat_normal/c4e78f077fb3__additional_data_curated__hard_validation__c9666b.jpg,Cat,Cat,Cat_normal,Cat_normal,Cat_normal,Cat_normal,0.9422594562095672,0.89966077,True
/mnt/e/Ringworm detection project/DFAN-main/evaluation_data/development_external_2026_05_02/Cat/Cat_normal/c543767acf24__additional_data_curated__hard_validation__c60f7a.jpg,Cat,Cat,Cat_normal,Cat_normal,Cat_normal,Cat_normal,0.9382366787326286,0.73490137,True
/mnt/e/Ringworm detection project/DFAN-main/evaluation_data/development_external_2026_05_02/Cat/Cat_normal/c8340e7b96a6__additional_data_curated__hard_validation__5797e9.jpg,Cat,Cat,Cat_normal,Cat_normal,Cat_normal,Cat_normal,0.896549130295268,0.8385242,True
/mnt/e/Ringworm detection project/DFAN-main/evaluation_data/development_external_2026_05_02/Cat/Cat_normal/caaf6f872036__additional_data_curated__hard_validation__d67c55.jpg,Cat,Cat,Cat_normal,Cat_normal,Cat_normal,Cat_normal,0.8316733264929714,0.67527676,True
/mnt/e/Ringworm detection project/DFAN-main/evaluation_data/development_external_2026_05_02/Cat/Cat_normal/cad0b165e550__additional_data_curated__hard_validation__cd5e70.jpg,Cat,Cat,Cat_normal,Cat_normal,Cat_normal,Cat_normal,0.6959097510613284,0.6260165,True
/mnt/e/Ringworm detection project/DFAN-main/evaluation_data/development_external_2026_05_02/Cat/Cat_normal/cbc45aa65bb7__additional_data_curated__hard_validation__2330e8.jpg,Cat,Cat,Cat_normal,Cat_normal,Cat_normal,Cat_normal,0.9974335037026191,0.9907064,True
/mnt/e/Ringworm detection project/DFAN-main/evaluation_data/development_external_2026_05_02/Cat/Cat_normal/cc26f648010b__additional_data_curated__hard_validation__6fe2d9.jpg,Cat,Cat,Cat_normal,Cat_normal,Cat_normal,Cat_normal,0.7967619339338552,0.6990145,True
/mnt/e/Ringworm detection project/DFAN-main/evaluation_data/development_external_2026_05_02/Cat/Cat_normal/d0c50cbf930a__additional_data_curated__hard_validation__567bda.jpg,Cat,Cat,Cat_normal,Cat_normal,Cat_normal,Cat_normal,0.9961987051207855,0.98446,True
/mnt/e/Ringworm detection project/DFAN-main/evaluation_data/development_external_2026_05_02/Cat/Cat_normal/d6e12e410213__additional_data_curated__hard_validation__de3061.jpg,Cat,Cat,Cat_normal,Cat_normal,Cat_normal,Cat_normal,0.9773326993907834,0.9511066,True
/mnt/e/Ringworm detection project/DFAN-main/evaluation_data/development_external_2026_05_02/Cat/Cat_normal/d6e6b86ad517__additional_data_curated__hard_validation__110ce9.jpg,Cat,Cat,Cat_normal,Cat_normal,Cat_normal,Cat_normal,0.8988597203430144,0.8041626,True
/mnt/e/Ringworm detection project/DFAN-main/evaluation_data/development_external_2026_05_02/Cat/Cat_normal/d723709c2a35__additional_data_curated__hard_validation__be6548.jpg,Cat,Cat,Cat_normal,Cat_normal,Cat_normal,Cat_normal,0.7304338495082863,0.49368066,True
/mnt/e/Ringworm detection project/DFAN-main/evaluation_data/development_external_2026_05_02/Cat/Cat_normal/d7fabaf526e0__additional_data_curated__hard_validation__362dd7.jpg,Cat,Dog,Cat_normal,Dog_normal,Dog_normal,Cat_normal,0.400489255786492,0.31103355,True
/mnt/e/Ringworm detection project/DFAN-main/evaluation_data/development_external_2026_05_02/Cat/Cat_normal/da70fb356dfd__additional_data_curated__hard_validation__894778.jpg,Cat,Cat,Cat_normal,Cat_normal,Cat_normal,Cat_normal,0.9007959977380604,0.8394535,True
/mnt/e/Ringworm detection project/DFAN-main/evaluation_data/development_external_2026_05_02/Cat/Cat_normal/df0929e35f1e__additional_data_curated__hard_validation__7c4beb.jpg,Cat,Cat,Cat_normal,Cat_normal,Cat_normal,Cat_normal,0.850637400437768,0.80150086,True
/mnt/e/Ringworm detection project/DFAN-main/evaluation_data/development_external_2026_05_02/Cat/Cat_normal/df477530de22__additional_data_curated__hard_validation__2188aa.jpg,Cat,Cat,Cat_normal,Cat_normal,Cat_normal,Cat_normal,0.9879416159855612,0.9650437,True
/mnt/e/Ringworm detection project/DFAN-main/evaluation_data/development_external_2026_05_02/Cat/Cat_normal/e017050e3b83__additional_data_curated__hard_validation__f23a24.jpg,Cat,Cat,Cat_normal,Cat_normal,Cat_normal,Cat_normal,0.9915157595918457,0.9772185,True
/mnt/e/Ringworm detection project/DFAN-main/evaluation_data/development_external_2026_05_02/Cat/Cat_normal/e82d1e60d4c7__additional_data_curated__hard_validation__7e83d5.jpg,Cat,Cat,Cat_normal,Cat_normal,Cat_normal,Cat_normal,0.9961890161367184,0.9853736,True
/mnt/e/Ringworm detection project/DFAN-main/evaluation_data/development_external_2026_05_02/Cat/Cat_normal/e86ebeafb23d__additional_data_curated__hard_validation__cd8403.jpg,Cat,Dog,Cat_normal,Dog_normal,Dog_normal,Cat_normal,0.5627329174912102,0.5686808,True
/mnt/e/Ringworm detection project/DFAN-main/evaluation_data/development_external_2026_05_02/Cat/Cat_normal/e8ed02a56163__additional_data_curated__hard_validation__da9359.jpg,Cat,Cat,Cat_normal,Cat_normal,Cat_normal,Cat_normal,0.9948352699844404,0.95642245,True
/mnt/e/Ringworm detection project/DFAN-main/evaluation_data/development_external_2026_05_02/Cat/Cat_normal/e9b9dcc55be8__additional_data_curated__hard_validation__13e96d.jpg,Cat,Cat,Cat_normal,Cat_normal,Cat_normal,Cat_normal,0.9974669182782495,0.9894665,True
/mnt/e/Ringworm detection project/DFAN-main/evaluation_data/development_external_2026_05_02/Cat/Cat_normal/ecd388efb315__additional_data_curated__hard_validation__2a7388.jpg,Cat,Cat,Cat_normal,Cat_normal,Cat_normal,Cat_normal,0.9664199344005672,0.7622384,True
/mnt/e/Ringworm detection project/DFAN-main/evaluation_data/development_external_2026_05_02/Cat/Cat_normal/edfff77a6f86__additional_data_curated__hard_validation__c7dc97.png,Cat,Dog,Cat_normal,Hot Spots in Dog,Hot Spots in Dog,Skin Allergy in Cat,0.6968199625112468,0.36165673,False
/mnt/e/Ringworm detection project/DFAN-main/evaluation_data/development_external_2026_05_02/Cat/Cat_normal/f09fa260f546__additional_data_curated__hard_validation__be6d19.jpg,Cat,Cat,Cat_normal,Eye Infection in Cat,Eye Infection in Cat,Eye Infection in Cat,0.9927620415158196,0.9690091,False
/mnt/e/Ringworm detection project/DFAN-main/evaluation_data/development_external_2026_05_02/Cat/Cat_normal/f4f832f04d70__additional_data_curated__hard_validation__6155f7.jpg,Cat,Cat,Cat_normal,Cat_normal,Cat_normal,Cat_normal,0.9926431655620287,0.9707944,True
/mnt/e/Ringworm detection project/DFAN-main/evaluation_data/development_external_2026_05_02/Cat/Cat_normal/f92142da1869__additional_data_curated__hard_validation__cceb88.jpg,Cat,Cat,Cat_normal,Cat_normal,Cat_normal,Cat_normal,0.9912206350966755,0.98047125,True
/mnt/e/Ringworm detection project/DFAN-main/evaluation_data/development_external_2026_05_02/Cat/Cat_normal/fcb82309f533__additional_data_curated__hard_validation__871e28.jpg,Cat,Dog,Cat_normal,Dog_normal,Dog_normal,Cat_normal,0.7443899854214443,0.45125446,True
/mnt/e/Ringworm detection project/DFAN-main/evaluation_data/development_external_2026_05_02/Cat/Cat_normal/fd84cbb143fc__additional_data_curated__hard_validation__38d393.jpg,Cat,Cat,Cat_normal,Cat_normal,Cat_normal,Cat_normal,0.997375626585372,0.98832846,True
/mnt/e/Ringworm detection project/DFAN-main/evaluation_data/development_external_2026_05_02/Cat/Cat_normal/fe00a19cf90e__additional_data_curated__hard_validation__1e5912.jpg,Cat,Cat,Cat_normal,Cat_normal,Cat_normal,Cat_normal,0.9912669781130523,0.96147525,True
/mnt/e/Ringworm detection project/DFAN-main/evaluation_data/development_external_2026_05_02/Cat/Cat_normal/ff363e0504cf__additional_data_curated__hard_validation__272ffe.jpg,Cat,Cat,Cat_normal,Cat_normal,Cat_normal,Cat_normal,0.994712088005544,0.9845851,True
/mnt/e/Ringworm detection project/DFAN-main/evaluation_data/development_external_2026_05_02/Cat/Ringworm in Cat/0a0da7101af9__additional_data_curated__hard_validation__4320a2.jpg,Cat,Cat,Ringworm in Cat,Dermatitis in Dog,Skin Allergy in Cat,Skin Allergy in Cat,0.6446987552675708,0.30069673,False
/mnt/e/Ringworm detection project/DFAN-main/evaluation_data/development_external_2026_05_02/Cat/Ringworm in Cat/0b47a0b6b59a__additional_data_curated__hard_validation__673413.png,Cat,Cat,Ringworm in Cat,Ringworm in Cat,Ringworm in Cat,Ringworm in Cat,0.439534599221264,0.26777837,True
/mnt/e/Ringworm detection project/DFAN-main/evaluation_data/development_external_2026_05_02/Cat/Ringworm in Cat/0bc0ffd5f412__additional_data_curated__hard_validation__c12f1f.png,Cat,Dog,Ringworm in Cat,Hot Spots in Dog,Hot Spots in Dog,Ringworm in Cat,0.4793537482687927,0.84110165,True
/mnt/e/Ringworm detection project/DFAN-main/evaluation_data/development_external_2026_05_02/Cat/Ringworm in Cat/0dab784810dd__additional_data_curated__hard_validation__811ddd.jpg,Cat,Dog,Ringworm in Cat,Ringworm in Cat,Dog_normal,Ringworm in Cat,0.6434857562896544,0.27612218,True
/mnt/e/Ringworm detection project/DFAN-main/evaluation_data/development_external_2026_05_02/Cat/Ringworm in Cat/1097cf906556__additional_data_curated__hard_validation__8c3d0e.jpg,Cat,Dog,Ringworm in Cat,Ringworm in Cat,Dog_normal,Ringworm in Cat,0.8432297230618571,0.31836024,True
/mnt/e/Ringworm detection project/DFAN-main/evaluation_data/development_external_2026_05_02/Cat/Ringworm in Cat/11258c546bd6__additional_data_curated__hard_validation__c80972.png,Cat,Cat,Ringworm in Cat,Ringworm in Cat,Ringworm in Cat,Ringworm in Cat,0.6241723031627835,0.41832933,True
/mnt/e/Ringworm detection project/DFAN-main/evaluation_data/development_external_2026_05_02/Cat/Ringworm in Cat/13624849df57__additional_data_curated__hard_validation__41101e.jpg,Cat,Cat,Ringworm in Cat,Skin Allergy in Cat,Skin Allergy in Cat,Skin Allergy in Cat,0.9101452249808507,0.6272102,False
/mnt/e/Ringworm detection project/DFAN-main/evaluation_data/development_external_2026_05_02/Cat/Ringworm in Cat/155ab74058bb__additional_data_curated__hard_validation__40281e.jpg,Cat,Dog,Ringworm in Cat,Dermatitis in Dog,Dermatitis in Dog,Ringworm in Cat,0.5339976778780333,0.97039604,True
/mnt/e/Ringworm detection project/DFAN-main/evaluation_data/development_external_2026_05_02/Cat/Ringworm in Cat/15746536780e__additional_data_curated__hard_validation__38752f.jpg,Cat,Dog,Ringworm in Cat,Dermatitis in Dog,Dermatitis in Dog,Skin Allergy in Cat,0.6325150829057672,0.35532898,False
/mnt/e/Ringworm detection project/DFAN-main/evaluation_data/development_external_2026_05_02/Cat/Ringworm in Cat/1660a5fea982__additional_data_curated__hard_validation__f8ed5d.jpg,Cat,Dog,Ringworm in Cat,Skin Allergy in Dog,Skin Allergy in Dog,Cat_normal,0.3865907688685943,0.51842177,False
/mnt/e/Ringworm detection project/DFAN-main/evaluation_data/development_external_2026_05_02/Cat/Ringworm in Cat/18d7df3828d5__additional_data_curated__hard_validation__87ee01.jpg,Cat,Dog,Ringworm in Cat,Dermatitis in Dog,Dermatitis in Dog,Skin Allergy in Cat,0.6167903417260211,0.85697126,False
/mnt/e/Ringworm detection project/DFAN-main/evaluation_data/development_external_2026_05_02/Cat/Ringworm in Cat/1bc4343b41ee__additional_data_curated__hard_validation__0e5523.jpg,Cat,Dog,Ringworm in Cat,Dog_normal,Dog_normal,Ringworm in Cat,0.47976979807566333,0.4832557,True
/mnt/e/Ringworm detection project/DFAN-main/evaluation_data/development_external_2026_05_02/Cat/Ringworm in Cat/1ed57ef9a436__additional_data_curated__hard_validation__e87a15.jpg,Cat,Dog,Ringworm in Cat,Hot Spots in Dog,Hot Spots in Dog,Cat_normal,0.27700248988558007,0.92461497,False
/mnt/e/Ringworm detection project/DFAN-main/evaluation_data/development_external_2026_05_02/Cat/Ringworm in Cat/1f93d4fe1820__additional_data_curated__hard_validation__235a48.jpg,Cat,Dog,Ringworm in Cat,Dermatitis in Dog,Dermatitis in Dog,Ringworm in Cat,0.7327405944933482,0.9024248,True
/mnt/e/Ringworm detection project/DFAN-main/evaluation_data/development_external_2026_05_02/Cat/Ringworm in Cat/212b42211ce0__additional_data_curated__hard_validation__dfce27.jpg,Cat,Cat,Ringworm in Cat,Ringworm in Cat,Ringworm in Cat,Ringworm in Cat,0.992547481249751,0.96556616,True
/mnt/e/Ringworm detection project/DFAN-main/evaluation_data/development_external_2026_05_02/Cat/Ringworm in Cat/243bbc09aa5b__additional_data_curated__hard_validation__d1f6d5.jpg,Cat,Dog,Ringworm in Cat,Dermatitis in Dog,Dermatitis in Dog,Ringworm in Cat,0.7450759282668579,0.97011715,True
/mnt/e/Ringworm detection project/DFAN-main/evaluation_data/development_external_2026_05_02/Cat/Ringworm in Cat/2c297296c6c1__additional_data_curated__hard_validation__e3f07b.jpg,Cat,Cat,Ringworm in Cat,Ringworm in Cat,Ringworm in Cat,Ringworm in Cat,0.9947361587833212,0.9524342,True
/mnt/e/Ringworm detection project/DFAN-main/evaluation_data/development_external_2026_05_02/Cat/Ringworm in Cat/2cac20fa0ab2__additional_data_curated__hard_validation__e74e19.jpg,Cat,Dog,Ringworm in Cat,Dermatitis in Dog,Dermatitis in Dog,Ringworm in Cat,0.5948246559872369,0.98318374,True
/mnt/e/Ringworm detection project/DFAN-main/evaluation_data/development_external_2026_05_02/Cat/Ringworm in Cat/2cdbbadecbe3__additional_data_curated__hard_validation__f0d51f.jpg,Cat,Cat,Ringworm in Cat,scabies cat,scabies cat,scabies cat,0.5539352856310761,0.30799866,False
/mnt/e/Ringworm detection project/DFAN-main/evaluation_data/development_external_2026_05_02/Cat/Ringworm in Cat/2dbd46b4a8f4__additional_data_curated__hard_validation__c2c2d3.png,Cat,Cat,Ringworm in Cat,Ringworm in Cat,Ringworm in Cat,Ringworm in Cat,0.9962253892588976,0.9823385,True
/mnt/e/Ringworm detection project/DFAN-main/evaluation_data/development_external_2026_05_02/Cat/Ringworm in Cat/2e32396161e6__additional_data_curated__hard_validation__ed3cb7.jpg,Cat,Cat,Ringworm in Cat,Ringworm in Cat,Ringworm in Cat,Ringworm in Cat,0.9129246466312839,0.6678797,True
/mnt/e/Ringworm detection project/DFAN-main/evaluation_data/development_external_2026_05_02/Cat/Ringworm in Cat/2e8bca3d7f73__additional_data_curated__hard_validation__e77e33.png,Cat,Dog,Ringworm in Cat,Dermatitis in Dog,Dermatitis in Dog,Ringworm in Cat,0.7457014877137276,0.94144464,True
/mnt/e/Ringworm detection project/DFAN-main/evaluation_data/development_external_2026_05_02/Cat/Ringworm in Cat/2fdf3939ae0f__additional_data_curated__hard_validation__4e2ffb.jpg,Cat,Cat,Ringworm in Cat,Ringworm in Cat,Ringworm in Cat,Ringworm in Cat,0.7492468554632065,0.48971218,True
/mnt/e/Ringworm detection project/DFAN-main/evaluation_data/development_external_2026_05_02/Cat/Ringworm in Cat/319b3e8cd53a__additional_data_curated__hard_validation__96366f.png,Cat,Cat,Ringworm in Cat,Ringworm in Cat,Ringworm in Cat,Ringworm in Cat,0.9981560478062792,0.9917772,True
/mnt/e/Ringworm detection project/DFAN-main/evaluation_data/development_external_2026_05_02/Cat/Ringworm in Cat/32afa4e5b0e6__additional_data_curated__hard_validation__068749.png,Cat,Dog,Ringworm in Cat,Ringworm in Dog,Ringworm in Dog,Ringworm in Cat,0.6670369718450239,0.8129592,True
/mnt/e/Ringworm detection project/DFAN-main/evaluation_data/development_external_2026_05_02/Cat/Ringworm in Cat/33c23e5af247__additional_data_curated__hard_validation__4c4466.jpg,Cat,Dog,Ringworm in Cat,Dermatitis in Dog,Dermatitis in Dog,Ringworm in Cat,0.7564498697643789,0.70326734,True
/mnt/e/Ringworm detection project/DFAN-main/evaluation_data/development_external_2026_05_02/Cat/Ringworm in Cat/360eed952c37__additional_data_curated__hard_validation__fb50f2.jpg,Cat,Cat,Ringworm in Cat,Ringworm in Cat,Ringworm in Cat,Ringworm in Cat,0.8520668930239992,0.75194776,True
/mnt/e/Ringworm detection project/DFAN-main/evaluation_data/development_external_2026_05_02/Cat/Ringworm in Cat/36213b2c880f__additional_data_curated__hard_validation__f361bb.jpg,Cat,Dog,Ringworm in Cat,Ringworm in Dog,Ringworm in Dog,Ringworm in Cat,0.6204007801791014,0.57060355,True
/mnt/e/Ringworm detection project/DFAN-main/evaluation_data/development_external_2026_05_02/Cat/Ringworm in Cat/3870f3591eb8__additional_data_curated__hard_validation__02af75.jpg,Cat,Dog,Ringworm in Cat,Ringworm in Dog,Ringworm in Dog,scabies cat,0.34144743658701615,0.8376067,False
/mnt/e/Ringworm detection project/DFAN-main/evaluation_data/development_external_2026_05_02/Cat/Ringworm in Cat/3a10b8b36646__additional_data_curated__hard_validation__c96bec.jpg,Cat,Cat,Ringworm in Cat,Skin Allergy in Cat,Skin Allergy in Cat,Skin Allergy in Cat,0.9011921739928455,0.83689594,False
/mnt/e/Ringworm detection project/DFAN-main/evaluation_data/development_external_2026_05_02/Cat/Ringworm in Cat/3a23394ae35b__additional_data_curated__hard_validation__706a99.jpg,Cat,Dog,Ringworm in Cat,Ringworm in Dog,Ringworm in Dog,Ringworm in Cat,0.7410186689665148,0.7197775,True
/mnt/e/Ringworm detection project/DFAN-main/evaluation_data/development_external_2026_05_02/Cat/Ringworm in Cat/3dbc2732e1f1__additional_data_curated__hard_validation__f1e2f8.jpg,Cat,Cat,Ringworm in Cat,Ringworm in Cat,Ringworm in Cat,Ringworm in Cat,0.9950665591806666,0.9800424,True
/mnt/e/Ringworm detection project/DFAN-main/evaluation_data/development_external_2026_05_02/Cat/Ringworm in Cat/3f9d969ac767__additional_data_curated__hard_validation__5af0ab.jpg,Cat,Dog,Ringworm in Cat,Dermatitis in Dog,Dermatitis in Dog,Ringworm in Cat,0.8635841589708669,0.37559146,True
/mnt/e/Ringworm detection project/DFAN-main/evaluation_data/development_external_2026_05_02/Cat/Ringworm in Cat/430fef304a6b__additional_data_curated__hard_validation__38e868.jpg,Cat,Dog,Ringworm in Cat,Dermatitis in Dog,Dermatitis in Dog,Ringworm in Cat,0.8566863583880638,0.87534875,True
/mnt/e/Ringworm detection project/DFAN-main/evaluation_data/development_external_2026_05_02/Cat/Ringworm in Cat/44c69d80f629__additional_data_curated__hard_validation__18183a.jpg,Cat,Dog,Ringworm in Cat,Hot Spots in Dog,Hot Spots in Dog,Ringworm in Cat,0.9174533015375876,0.4130767,True
/mnt/e/Ringworm detection project/DFAN-main/evaluation_data/development_external_2026_05_02/Cat/Ringworm in Cat/457cc78c355e__additional_data_curated__hard_validation__e061ec.jpg,Cat,Dog,Ringworm in Cat,Dermatitis in Dog,Dermatitis in Dog,Ringworm in Cat,0.5766924196585328,0.94247925,True
/mnt/e/Ringworm detection project/DFAN-main/evaluation_data/development_external_2026_05_02/Cat/Ringworm in Cat/461b9fa7fe4b__additional_data_curated__hard_validation__8c8f83.jpg,Cat,Cat,Ringworm in Cat,Skin Allergy in Cat,Skin Allergy in Cat,Skin Allergy in Cat,0.7137549574918121,0.55279225,False
/mnt/e/Ringworm detection project/DFAN-main/evaluation_data/development_external_2026_05_02/Cat/Ringworm in Cat/467f2757a4f4__additional_data_curated__hard_validation__ecaa65.jpg,Cat,Dog,Ringworm in Cat,Dermatitis in Dog,Dermatitis in Dog,Ringworm in Cat,0.9745294489180927,0.5343321,True
/mnt/e/Ringworm detection project/DFAN-main/evaluation_data/development_external_2026_05_02/Cat/Ringworm in Cat/46c85ec5b0f5__additional_data_curated__hard_validation__857d03.jpg,Cat,Dog,Ringworm in Cat,Ringworm in Dog,Ringworm in Dog,Ringworm in Cat,0.759991448550909,0.48527202,True
/mnt/e/Ringworm detection project/DFAN-main/evaluation_data/development_external_2026_05_02/Cat/Ringworm in Cat/4bcf09b9a2d5__additional_data_curated__hard_validation__b283f6.png,Cat,Cat,Ringworm in Cat,Ringworm in Cat,Ringworm in Cat,Ringworm in Cat,0.9961379292218383,0.98488945,True
/mnt/e/Ringworm detection project/DFAN-main/evaluation_data/development_external_2026_05_02/Cat/Ringworm in Cat/4cb4f6395dd5__additional_data_curated__hard_validation__cb9855.png,Cat,Cat,Ringworm in Cat,Ringworm in Cat,Ringworm in Cat,Ringworm in Cat,0.9919502424012026,0.9741208,True
/mnt/e/Ringworm detection project/DFAN-main/evaluation_data/development_external_2026_05_02/Cat/Ringworm in Cat/4cc6da15ea1f__additional_data_curated__hard_validation__5e6e2a.jpg,Cat,Dog,Ringworm in Cat,Dermatitis in Dog,Dermatitis in Dog,Ringworm in Cat,0.44788022035249214,0.7725571,True
/mnt/e/Ringworm detection project/DFAN-main/evaluation_data/development_external_2026_05_02/Cat/Ringworm in Cat/4dc4813cd260__additional_data_curated__hard_validation__7dca90.jpg,Cat,Dog,Ringworm in Cat,Dermatitis in Dog,Dermatitis in Dog,Ringworm in Cat,0.708607168220044,0.97642535,True
/mnt/e/Ringworm detection project/DFAN-main/evaluation_data/development_external_2026_05_02/Cat/Ringworm in Cat/4e29a40cf9e2__additional_data_curated__hard_validation__606d86.png,Cat,Dog,Ringworm in Cat,Ringworm in Cat,Dog_normal,Ringworm in Cat,0.8759542986374488,0.5538852,True
/mnt/e/Ringworm detection project/DFAN-main/evaluation_data/development_external_2026_05_02/Cat/Ringworm in Cat/516c84ae857b__additional_data_curated__hard_validation__304b06.jpg,Cat,Dog,Ringworm in Cat,Ringworm in Dog,Ringworm in Dog,Ringworm in Cat,0.9392108780581347,0.6545466,True
/mnt/e/Ringworm detection project/DFAN-main/evaluation_data/development_external_2026_05_02/Cat/Ringworm in Cat/5585745d9d0c__additional_data_curated__hard_validation__63e094.jpg,Cat,Dog,Ringworm in Cat,Ringworm in Cat,Skin Allergy in Dog,Ringworm in Cat,0.8963449365147279,0.42255706,True
/mnt/e/Ringworm detection project/DFAN-main/evaluation_data/development_external_2026_05_02/Cat/Ringworm in Cat/5711b28b583f__additional_data_curated__hard_validation__026df6.jpg,Cat,Dog,Ringworm in Cat,Dermatitis in Dog,Dermatitis in Dog,Ringworm in Cat,0.5154282855595296,0.44352254,True
/mnt/e/Ringworm detection project/DFAN-main/evaluation_data/development_external_2026_05_02/Cat/Ringworm in Cat/5aed5be0cc7e__additional_data_curated__hard_validation__e67df2.png,Cat,Dog,Ringworm in Cat,Dermatitis in Dog,Dermatitis in Dog,Ringworm in Cat,0.5550806147140572,0.43312928,True
/mnt/e/Ringworm detection project/DFAN-main/evaluation_data/development_external_2026_05_02/Cat/Ringworm in Cat/5bb81a6f6855__additional_data_curated__hard_validation__851e3c.png,Cat,Cat,Ringworm in Cat,Ringworm in Cat,Ringworm in Cat,Ringworm in Cat,0.9959762972410442,0.9808935,True
/mnt/e/Ringworm detection project/DFAN-main/evaluation_data/development_external_2026_05_02/Cat/Ringworm in Cat/60ad398cf994__additional_data_curated__hard_validation__e19be4.jpg,Cat,Dog,Ringworm in Cat,Dermatitis in Dog,Dermatitis in Dog,Cat_normal,0.4921324863695386,0.35539934,False
/mnt/e/Ringworm detection project/DFAN-main/evaluation_data/development_external_2026_05_02/Cat/Ringworm in Cat/61910b4b4201__additional_data_curated__hard_validation__c8e5e7.jpg,Cat,Dog,Ringworm in Cat,Dermatitis in Dog,Dermatitis in Dog,Ringworm in Cat,0.24319175084405883,0.8458641,True
/mnt/e/Ringworm detection project/DFAN-main/evaluation_data/development_external_2026_05_02/Cat/Ringworm in Cat/62c58721fef7__additional_data_curated__hard_validation__ff04cb.jpg,Cat,Dog,Ringworm in Cat,Dermatitis in Dog,Dermatitis in Dog,scabies cat,0.43533866008307703,0.45539263,False
/mnt/e/Ringworm detection project/DFAN-main/evaluation_data/development_external_2026_05_02/Cat/Ringworm in Cat/649ea175e043__additional_data_curated__hard_validation__762042.jpg,Cat,Cat,Ringworm in Cat,Ringworm in Cat,Ringworm in Cat,Ringworm in Cat,0.6768838053060681,0.5621974,True
/mnt/e/Ringworm detection project/DFAN-main/evaluation_data/development_external_2026_05_02/Cat/Ringworm in Cat/65a6df4f5201__additional_data_curated__hard_validation__e3a1aa.jpg,Cat,Dog,Ringworm in Cat,Ringworm in Dog,Ringworm in Dog,Ringworm in Cat,0.36612166128253115,0.7285456,True
/mnt/e/Ringworm detection project/DFAN-main/evaluation_data/development_external_2026_05_02/Cat/Ringworm in Cat/69cc3efadb94__additional_data_curated__hard_validation__e4a5d4.jpeg,Cat,Dog,Ringworm in Cat,Dermatitis in Dog,Dermatitis in Dog,Ringworm in Cat,0.6888952257054024,0.71145386,True
/mnt/e/Ringworm detection project/DFAN-main/evaluation_data/development_external_2026_05_02/Cat/Ringworm in Cat/6cbe6f23280b__additional_data_curated__hard_validation__2ec892.png,Cat,Cat,Ringworm in Cat,Eye Infection in Cat,Eye Infection in Cat,Eye Infection in Cat,0.6007736836775873,0.51376754,False
/mnt/e/Ringworm detection project/DFAN-main/evaluation_data/development_external_2026_05_02/Cat/Ringworm in Cat/6d010d7ddb2b__additional_data_curated__hard_validation__7982e3.png,Cat,Cat,Ringworm in Cat,Ringworm in Cat,Ringworm in Cat,Ringworm in Cat,0.9955932846189485,0.9848274,True
/mnt/e/Ringworm detection project/DFAN-main/evaluation_data/development_external_2026_05_02/Cat/Ringworm in Cat/6dc5a5a8cfb9__additional_data_curated__hard_validation__845483.jpg,Cat,Cat,Ringworm in Cat,Ringworm in Cat,Ringworm in Cat,Ringworm in Cat,0.9971324179363983,0.9858786,True
/mnt/e/Ringworm detection project/DFAN-main/evaluation_data/development_external_2026_05_02/Cat/Ringworm in Cat/6faaaa126238__additional_data_curated__hard_validation__45e9c0.jpg,Cat,Cat,Ringworm in Cat,Ringworm in Cat,Ringworm in Cat,Ringworm in Cat,0.9669905633733673,0.74849635,True
/mnt/e/Ringworm detection project/DFAN-main/evaluation_data/development_external_2026_05_02/Cat/Ringworm in Cat/6ffda0083edc__additional_data_curated__hard_validation__c58853.png,Cat,Dog,Ringworm in Cat,Ringworm in Cat,Ringworm in Dog,Ringworm in Cat,0.7836656732792932,0.36942604,True
/mnt/e/Ringworm detection project/DFAN-main/evaluation_data/development_external_2026_05_02/Cat/Ringworm in Cat/7190d74ce2e0__additional_data_curated__hard_validation__094d26.png,Cat,Cat,Ringworm in Cat,Ringworm in Cat,Ringworm in Cat,Ringworm in Cat,0.9944744691587688,0.9736482,True
/mnt/e/Ringworm detection project/DFAN-main/evaluation_data/development_external_2026_05_02/Cat/Ringworm in Cat/74fecedf857c__additional_data_curated__hard_validation__f0b856.jpg,Cat,Dog,Ringworm in Cat,Dermatitis in Dog,Dermatitis in Dog,Ringworm in Cat,0.7920822855180297,0.97391915,True
/mnt/e/Ringworm detection project/DFAN-main/evaluation_data/development_external_2026_05_02/Cat/Ringworm in Cat/75a69080323d__additional_data_curated__hard_validation__1ee78a.webp,Cat,Cat,Ringworm in Cat,Skin Allergy in Cat,Skin Allergy in Cat,Skin Allergy in Cat,0.9836086022392603,0.8337933,False
/mnt/e/Ringworm detection project/DFAN-main/evaluation_data/development_external_2026_05_02/Cat/Ringworm in Cat/7753e24b4f07__additional_data_curated__hard_validation__3f5dde.jpg,Cat,Dog,Ringworm in Cat,Dermatitis in Dog,Dermatitis in Dog,Ringworm in Cat,0.880456369615906,0.8688214,True
/mnt/e/Ringworm detection project/DFAN-main/evaluation_data/development_external_2026_05_02/Cat/Ringworm in Cat/78ca5c49609d__additional_data_curated__hard_validation__e6ab6c.jpg,Cat,Cat,Ringworm in Cat,Skin Allergy in Cat,Skin Allergy in Cat,Skin Allergy in Cat,0.9745655463260285,0.9530105,False
/mnt/e/Ringworm detection project/DFAN-main/evaluation_data/development_external_2026_05_02/Cat/Ringworm in Cat/7aee51e8576f__additional_data_curated__hard_validation__94cd04.jpg,Cat,Dog,Ringworm in Cat,Dermatitis in Dog,Dermatitis in Dog,Ringworm in Cat,0.562299669090538,0.666404,True
/mnt/e/Ringworm detection project/DFAN-main/evaluation_data/development_external_2026_05_02/Cat/Ringworm in Cat/7c7d68f3876a__additional_data_curated__hard_validation__ab6040.jpg,Cat,Dog,Ringworm in Cat,Dog_normal,Dog_normal,Ringworm in Cat,0.4446356309148428,0.62631506,True
/mnt/e/Ringworm detection project/DFAN-main/evaluation_data/development_external_2026_05_02/Cat/Ringworm in Cat/7e524ba296e7__additional_data_curated__hard_validation__e59c1e.jpg,Cat,Dog,Ringworm in Cat,Dermatitis in Dog,Dermatitis in Dog,Ringworm in Cat,0.6256509071250349,0.98887223,True
/mnt/e/Ringworm detection project/DFAN-main/evaluation_data/development_external_2026_05_02/Cat/Ringworm in Cat/7ec8da3550e5__additional_data_curated__hard_validation__79289b.jpg,Cat,Cat,Ringworm in Cat,scabies cat,scabies cat,scabies cat,0.9766026189044277,0.81987554,False
/mnt/e/Ringworm detection project/DFAN-main/evaluation_data/development_external_2026_05_02/Cat/Ringworm in Cat/7f5be81ff162__additional_data_curated__hard_validation__d69d0e.jpg,Cat,Dog,Ringworm in Cat,Foot and Mouth disease,Dermatitis in Dog,Ringworm in Cat,0.3164722342377604,0.53340584,True
/mnt/e/Ringworm detection project/DFAN-main/evaluation_data/development_external_2026_05_02/Cat/Ringworm in Cat/7ff95f210693__additional_data_curated__hard_validation__882fd2.jpg,Cat,Cat,Ringworm in Cat,Ringworm in Cat,Ringworm in Cat,Ringworm in Cat,0.9878123653077702,0.96425223,True
/mnt/e/Ringworm detection project/DFAN-main/evaluation_data/development_external_2026_05_02/Cat/Ringworm in Cat/80934e431d59__additional_data_curated__hard_validation__e9ab43.jpg,Cat,Dog,Ringworm in Cat,Fungal Infection in Dog,Fungal Infection in Dog,Ringworm in Cat,0.5573032947360259,0.51572067,True
/mnt/e/Ringworm detection project/DFAN-main/evaluation_data/development_external_2026_05_02/Cat/Ringworm in Cat/8117feb50757__additional_data_curated__hard_validation__d57c67.jpg,Cat,Cat,Ringworm in Cat,Ringworm in Cat,Ringworm in Cat,Ringworm in Cat,0.9571181587136494,0.81532156,True
/mnt/e/Ringworm detection project/DFAN-main/evaluation_data/development_external_2026_05_02/Cat/Ringworm in Cat/83cebef2b94e__additional_data_curated__hard_validation__7fac6c.jpg,Cat,Dog,Ringworm in Cat,Dermatitis in Dog,Dermatitis in Dog,Ringworm in Cat,0.8518360533356222,0.9554502,True
/mnt/e/Ringworm detection project/DFAN-main/evaluation_data/development_external_2026_05_02/Cat/Ringworm in Cat/847a20393cca__additional_data_curated__hard_validation__0168ad.jpg,Cat,Dog,Ringworm in Cat,Dermatitis in Dog,Dermatitis in Dog,Ringworm in Cat,0.6230694704103441,0.9790623,True
/mnt/e/Ringworm detection project/DFAN-main/evaluation_data/development_external_2026_05_02/Cat/Ringworm in Cat/852d8365a3e6__additional_data_curated__hard_validation__de5d57.jpg,Cat,Dog,Ringworm in Cat,Skin Allergy in Dog,Skin Allergy in Dog,Eye Infection in Cat,0.3057908899074114,0.95869464,False
/mnt/e/Ringworm detection project/DFAN-main/evaluation_data/development_external_2026_05_02/Cat/Ringworm in Cat/8ac46759387b__additional_data_curated__hard_validation__376c54.jpg,Cat,Cat,Ringworm in Cat,Ringworm in Cat,Ringworm in Cat,Ringworm in Cat,0.9936250197196604,0.9783634,True
/mnt/e/Ringworm detection project/DFAN-main/evaluation_data/development_external_2026_05_02/Cat/Ringworm in Cat/8c9fcbdac5e4__additional_data_curated__hard_validation__424753.jpg,Cat,Dog,Ringworm in Cat,Dermatitis in Dog,Dermatitis in Dog,Ringworm in Cat,0.5874488594751509,0.9746823,True
/mnt/e/Ringworm detection project/DFAN-main/evaluation_data/development_external_2026_05_02/Cat/Ringworm in Cat/8edf0f469bb6__additional_data_curated__hard_validation__3709d9.png,Cat,Cat,Ringworm in Cat,Ringworm in Cat,Ringworm in Cat,Ringworm in Cat,0.993731630782505,0.98178035,True
/mnt/e/Ringworm detection project/DFAN-main/evaluation_data/development_external_2026_05_02/Cat/Ringworm in Cat/9031598b6fd0__additional_data_curated__hard_validation__694c91.png,Cat,Cat,Ringworm in Cat,Ringworm in Cat,Ringworm in Cat,Ringworm in Cat,0.6350306423145535,0.5336229,True
/mnt/e/Ringworm detection project/DFAN-main/evaluation_data/development_external_2026_05_02/Cat/Ringworm in Cat/941926839b5e__additional_data_curated__hard_validation__9e3ec8.jpg,Cat,Dog,Ringworm in Cat,papiloma,Dermatitis in Dog,scabies cat,0.5374250196869371,0.26318595,False
/mnt/e/Ringworm detection project/DFAN-main/evaluation_data/development_external_2026_05_02/Cat/Ringworm in Cat/961ef2952c07__additional_data_curated__hard_validation__dd4405.jpg,Cat,Dog,Ringworm in Cat,Ringworm in Dog,Ringworm in Dog,Ringworm in Cat,0.8209345827398257,0.44102484,True
/mnt/e/Ringworm detection project/DFAN-main/evaluation_data/development_external_2026_05_02/Cat/Ringworm in Cat/970089c16d8d__additional_data_curated__hard_validation__72f13f.jpg,Cat,Cat,Ringworm in Cat,Skin Allergy in Cat,Skin Allergy in Cat,Skin Allergy in Cat,0.5308992504797466,0.42467698,False
/mnt/e/Ringworm detection project/DFAN-main/evaluation_data/development_external_2026_05_02/Cat/Ringworm in Cat/974977c09046__additional_data_curated__hard_validation__d57fba.jpg,Cat,Cat,Ringworm in Cat,Ringworm in Cat,Ringworm in Cat,Ringworm in Cat,0.995027288189176,0.9784217,True
/mnt/e/Ringworm detection project/DFAN-main/evaluation_data/development_external_2026_05_02/Cat/Ringworm in Cat/98352da1fb38__additional_data_curated__hard_validation__87f032.jpg,Cat,Dog,Ringworm in Cat,Hot Spots in Dog,Hot Spots in Dog,Ringworm in Cat,0.3889688785721824,0.61307514,True
/mnt/e/Ringworm detection project/DFAN-main/evaluation_data/development_external_2026_05_02/Cat/Ringworm in Cat/9c29092315a1__additional_data_curated__hard_validation__b7139f.jpg,Cat,Cat,Ringworm in Cat,Ringworm in Cat,Ringworm in Cat,Ringworm in Cat,0.9917004274466918,0.97237635,True
/mnt/e/Ringworm detection project/DFAN-main/evaluation_data/development_external_2026_05_02/Cat/Ringworm in Cat/9d46c2663dd3__additional_data_curated__hard_validation__371a53.png,Cat,Dog,Ringworm in Cat,Ringworm in Dog,Ringworm in Dog,Ringworm in Cat,0.4893488793420755,0.8208165,True
/mnt/e/Ringworm detection project/DFAN-main/evaluation_data/development_external_2026_05_02/Cat/Ringworm in Cat/9fe5b492bb7a__additional_data_curated__hard_validation__783390.jpg,Cat,Cat,Ringworm in Cat,scabies cat,scabies cat,scabies cat,0.4696313137818721,0.24268101,False
/mnt/e/Ringworm detection project/DFAN-main/evaluation_data/development_external_2026_05_02/Cat/Ringworm in Cat/a3051c1d3ce9__additional_data_curated__hard_validation__469f59.jpg,Cat,Cat,Ringworm in Cat,Cat_normal,Cat_normal,Cat_normal,0.4898044646635495,0.23511563,False
/mnt/e/Ringworm detection project/DFAN-main/evaluation_data/development_external_2026_05_02/Cat/Ringworm in Cat/a44e97cf7682__additional_data_curated__hard_validation__10263c.jpg,Cat,Dog,Ringworm in Cat,Ringworm in Dog,Ringworm in Dog,Ringworm in Cat,0.8129325593679495,0.9478457,True
/mnt/e/Ringworm detection project/DFAN-main/evaluation_data/development_external_2026_05_02/Cat/Ringworm in Cat/a46b23d12861__additional_data_curated__hard_validation__12a106.png,Cat,Cat,Ringworm in Cat,Eye Infection in Cat,Eye Infection in Cat,Eye Infection in Cat,0.6818460951188283,0.58810335,False
/mnt/e/Ringworm detection project/DFAN-main/evaluation_data/development_external_2026_05_02/Cat/Ringworm in Cat/a68d6c039a6b__additional_data_curated__hard_validation__83fd46.jpg,Cat,Dog,Ringworm in Cat,Dermatitis in Dog,Dermatitis in Dog,Ringworm in Cat,0.6706097340445697,0.97115254,True
/mnt/e/Ringworm detection project/DFAN-main/evaluation_data/development_external_2026_05_02/Cat/Ringworm in Cat/a75c55d93b5b__additional_data_curated__hard_validation__f3667b.jpg,Cat,Cat,Ringworm in Cat,Ringworm in Cat,Ringworm in Cat,Ringworm in Cat,0.8683983594905003,0.75357056,True
/mnt/e/Ringworm detection project/DFAN-main/evaluation_data/development_external_2026_05_02/Cat/Ringworm in Cat/a8ad41f432ea__additional_data_curated__hard_validation__0ad298.jpg,Cat,Dog,Ringworm in Cat,Ringworm in Cat,Ringworm in Dog,Ringworm in Cat,0.7678982627312277,0.24153143,True
/mnt/e/Ringworm detection project/DFAN-main/evaluation_data/development_external_2026_05_02/Cat/Ringworm in Cat/a9a6c7e8429a__additional_data_curated__hard_validation__1ae69b.jpg,Cat,Dog,Ringworm in Cat,Ringworm in Dog,Ringworm in Dog,Ringworm in Cat,0.7465356575260161,0.58379126,True
/mnt/e/Ringworm detection project/DFAN-main/evaluation_data/development_external_2026_05_02/Cat/Ringworm in Cat/ace7acd730c8__additional_data_curated__hard_validation__688f32.jpg,Cat,Dog,Ringworm in Cat,Dog_normal,Dog_normal,Ringworm in Cat,0.6753501920290784,0.64793485,True
/mnt/e/Ringworm detection project/DFAN-main/evaluation_data/development_external_2026_05_02/Cat/Ringworm in Cat/ae867fbe1eb8__additional_data_curated__hard_validation__ec38f7.jpg,Cat,Dog,Ringworm in Cat,Dermatitis in Dog,Dermatitis in Dog,Ringworm in Cat,0.9537666301544101,0.83284557,True
/mnt/e/Ringworm detection project/DFAN-main/evaluation_data/development_external_2026_05_02/Cat/Ringworm in Cat/af5cffbe7012__additional_data_curated__hard_validation__e62dba.jpg,Cat,Dog,Ringworm in Cat,Dermatitis in Dog,Dermatitis in Dog,Ringworm in Cat,0.6284082865406901,0.97364646,True
/mnt/e/Ringworm detection project/DFAN-main/evaluation_data/development_external_2026_05_02/Cat/Ringworm in Cat/b45004de953d__additional_data_curated__hard_validation__1ec8a1.jpg,Cat,Cat,Ringworm in Cat,Ringworm in Cat,Ringworm in Cat,Ringworm in Cat,0.9534954858114167,0.8520902,True
/mnt/e/Ringworm detection project/DFAN-main/evaluation_data/development_external_2026_05_02/Cat/Ringworm in Cat/b7856c39c223__additional_data_curated__hard_validation__05c01c.png,Cat,Dog,Ringworm in Cat,Tick Infestation in Dog,Tick Infestation in Dog,Skin Allergy in Cat,0.36975835183082484,0.9276302,False
/mnt/e/Ringworm detection project/DFAN-main/evaluation_data/development_external_2026_05_02/Cat/Ringworm in Cat/b7b36ef8d345__additional_data_curated__hard_validation__e1de67.jpg,Cat,Dog,Ringworm in Cat,Dermatitis in Dog,Dermatitis in Dog,Ringworm in Cat,0.632177019159792,0.96775657,True
/mnt/e/Ringworm detection project/DFAN-main/evaluation_data/development_external_2026_05_02/Cat/Ringworm in Cat/b9b5d4a934f6__additional_data_curated__hard_validation__0d6671.jpg,Cat,Dog,Ringworm in Cat,Dermatitis in Dog,Dermatitis in Dog,Ringworm in Cat,0.4739082924204183,0.95643157,True
/mnt/e/Ringworm detection project/DFAN-main/evaluation_data/development_external_2026_05_02/Cat/Ringworm in Cat/bdf294eee7d3__additional_data_curated__hard_validation__74a38d.png,Cat,Cat,Ringworm in Cat,Ringworm in Cat,Ringworm in Cat,Ringworm in Cat,0.996248483194538,0.9841262,True
/mnt/e/Ringworm detection project/DFAN-main/evaluation_data/development_external_2026_05_02/Cat/Ringworm in Cat/bf95358bd0a1__additional_data_curated__hard_validation__b26bc3.jpg,Cat,Dog,Ringworm in Cat,Dermatitis in Dog,Dermatitis in Dog,Ringworm in Cat,0.7538279904417851,0.9684418,True
/mnt/e/Ringworm detection project/DFAN-main/evaluation_data/development_external_2026_05_02/Cat/Ringworm in Cat/c43f21b26be5__additional_data_curated__hard_validation__fb195d.jpg,Cat,Dog,Ringworm in Cat,Ringworm in Dog,Ringworm in Dog,Ringworm in Cat,0.7367222173134469,0.8844149,True
/mnt/e/Ringworm detection project/DFAN-main/evaluation_data/development_external_2026_05_02/Cat/Ringworm in Cat/c6c00b3305c1__additional_data_curated__hard_validation__a565cc.jpg,Cat,Dog,Ringworm in Cat,Dermatitis in Dog,Dermatitis in Dog,Ringworm in Cat,0.41138896112080775,0.9361303,True
/mnt/e/Ringworm detection project/DFAN-main/evaluation_data/development_external_2026_05_02/Cat/Ringworm in Cat/c78ef9a6c9a2__additional_data_curated__hard_validation__a2a386.jpg,Cat,Dog,Ringworm in Cat,Hot Spots in Dog,Hot Spots in Dog,Ringworm in Cat,0.5075384930413557,0.71661526,True
/mnt/e/Ringworm detection project/DFAN-main/evaluation_data/development_external_2026_05_02/Cat/Ringworm in Cat/c9c0d7e8c66c__additional_data_curated__hard_validation__c3ed74.jpg,Cat,Dog,Ringworm in Cat,Dermatitis in Dog,Dermatitis in Dog,Ringworm in Cat,0.521295331850738,0.8834471,True
/mnt/e/Ringworm detection project/DFAN-main/evaluation_data/development_external_2026_05_02/Cat/Ringworm in Cat/cbb3df51b0d8__additional_data_curated__hard_validation__13e9fd.jpg,Cat,Dog,Ringworm in Cat,Dermatitis in Dog,Dermatitis in Dog,Ringworm in Cat,0.8324029741126044,0.93635887,True
/mnt/e/Ringworm detection project/DFAN-main/evaluation_data/development_external_2026_05_02/Cat/Ringworm in Cat/ce1cf73cc917__additional_data_curated__hard_validation__b422b1.jpg,Cat,Dog,Ringworm in Cat,Ringworm in Dog,Ringworm in Dog,Ringworm in Cat,0.8795116263612196,0.55501986,True
/mnt/e/Ringworm detection project/DFAN-main/evaluation_data/development_external_2026_05_02/Cat/Ringworm in Cat/ce3ab4235dc0__additional_data_curated__hard_validation__c3f159.jpg,Cat,Dog,Ringworm in Cat,Dermatitis in Dog,Dermatitis in Dog,Ringworm in Cat,0.8986944679028568,0.9564401,True
/mnt/e/Ringworm detection project/DFAN-main/evaluation_data/development_external_2026_05_02/Cat/Ringworm in Cat/d1de0d94393d__additional_data_curated__hard_validation__03769e.jpg,Cat,Dog,Ringworm in Cat,Dermatitis in Dog,Dermatitis in Dog,Ringworm in Cat,0.4012163742616065,0.9882917,True
/mnt/e/Ringworm detection project/DFAN-main/evaluation_data/development_external_2026_05_02/Cat/Ringworm in Cat/d4f4ade917d9__additional_data_curated__hard_validation__d93c16.jpg,Cat,Cat,Ringworm in Cat,Eye Infection in Cat,Eye Infection in Cat,Eye Infection in Cat,0.9065808921171569,0.8360441,False
/mnt/e/Ringworm detection project/DFAN-main/evaluation_data/development_external_2026_05_02/Cat/Ringworm in Cat/dba0521b2f8b__additional_data_curated__hard_validation__007c75.jpg,Cat,Cat,Ringworm in Cat,Ringworm in Cat,Ringworm in Cat,Ringworm in Cat,0.8546945948856346,0.6141294,True
/mnt/e/Ringworm detection project/DFAN-main/evaluation_data/development_external_2026_05_02/Cat/Ringworm in Cat/e109a7565adb__additional_data_curated__hard_validation__698249.jpg,Cat,Cat,Ringworm in Cat,Ringworm in Cat,Ringworm in Cat,Ringworm in Cat,0.9966018444684641,0.9845717,True
/mnt/e/Ringworm detection project/DFAN-main/evaluation_data/development_external_2026_05_02/Cat/Ringworm in Cat/e32e8e9c6cd5__additional_data_curated__hard_validation__99941e.jpg,Cat,Dog,Ringworm in Cat,Dermatitis in Dog,Dermatitis in Dog,Ringworm in Cat,0.4002131902970193,0.9118288,True
/mnt/e/Ringworm detection project/DFAN-main/evaluation_data/development_external_2026_05_02/Cat/Ringworm in Cat/e550a2cde2d8__additional_data_curated__hard_validation__298828.jpg,Cat,Cat,Ringworm in Cat,Dermatitis in Dog,Cat_normal,Cat_normal,0.5224326493702659,0.6850522,False
/mnt/e/Ringworm detection project/DFAN-main/evaluation_data/development_external_2026_05_02/Cat/Ringworm in Cat/e67398e7100f__additional_data_curated__hard_validation__728df8.png,Cat,Cat,Ringworm in Cat,Ringworm in Cat,Ringworm in Cat,Ringworm in Cat,0.9956561541110542,0.9795985,True
/mnt/e/Ringworm detection project/DFAN-main/evaluation_data/development_external_2026_05_02/Cat/Ringworm in Cat/e6a3ae768c6a__additional_data_curated__hard_validation__a68610.jpg,Cat,Dog,Ringworm in Cat,Dermatitis in Dog,Dermatitis in Dog,Ringworm in Cat,0.7282787291930011,0.97649354,True
/mnt/e/Ringworm detection project/DFAN-main/evaluation_data/development_external_2026_05_02/Cat/Ringworm in Cat/e81e225328b7__additional_data_curated__hard_validation__0c450a.jpg,Cat,Dog,Ringworm in Cat,Ringworm in Dog,Ringworm in Dog,Ringworm in Cat,0.8170323615711698,0.916213,True
/mnt/e/Ringworm detection project/DFAN-main/evaluation_data/development_external_2026_05_02/Cat/Ringworm in Cat/e83a72fd4f31__additional_data_curated__hard_validation__3f5e99.jpg,Cat,Cat,Ringworm in Cat,Cat_normal,Cat_normal,Cat_normal,0.9729271440967991,0.9426618,False
/mnt/e/Ringworm detection project/DFAN-main/evaluation_data/development_external_2026_05_02/Cat/Ringworm in Cat/e8d573fc8cf0__additional_data_curated__hard_validation__69f9e3.jpg,Cat,Dog,Ringworm in Cat,Dermatitis in Dog,Dermatitis in Dog,Ringworm in Cat,0.6974259996413879,0.9714065,True
/mnt/e/Ringworm detection project/DFAN-main/evaluation_data/development_external_2026_05_02/Cat/Ringworm in Cat/ef6c64900773__additional_data_curated__hard_validation__34f8e8.png,Cat,Cat,Ringworm in Cat,Skin Allergy in Cat,Skin Allergy in Cat,Skin Allergy in Cat,0.9916153329885209,0.9790567,False
/mnt/e/Ringworm detection project/DFAN-main/evaluation_data/development_external_2026_05_02/Cat/Ringworm in Cat/f04c279ef793__additional_data_curated__hard_validation__87454a.png,Cat,Cat,Ringworm in Cat,Ringworm in Cat,Ringworm in Cat,Ringworm in Cat,0.968248340139718,0.747304,True
/mnt/e/Ringworm detection project/DFAN-main/evaluation_data/development_external_2026_05_02/Cat/Ringworm in Cat/f0ac4a5c0194__additional_data_curated__hard_validation__a7c34e.png,Cat,Dog,Ringworm in Cat,Ringworm in Dog,Ringworm in Dog,Ringworm in Cat,0.5204987701408722,0.7973415,True
/mnt/e/Ringworm detection project/DFAN-main/evaluation_data/development_external_2026_05_02/Cat/Ringworm in Cat/f58672e91af3__additional_data_curated__hard_validation__8a7ee6.jpg,Cat,Dog,Ringworm in Cat,Dermatitis in Dog,Dermatitis in Dog,Ringworm in Cat,0.7902053952038873,0.98363066,True
/mnt/e/Ringworm detection project/DFAN-main/evaluation_data/development_external_2026_05_02/Cat/Ringworm in Cat/f73695dec797__additional_data_curated__hard_validation__b5e55c.jpg,Cat,Cat,Ringworm in Cat,Skin Allergy in Cat,Skin Allergy in Cat,Skin Allergy in Cat,0.9165653438948209,0.81229174,False
/mnt/e/Ringworm detection project/DFAN-main/evaluation_data/development_external_2026_05_02/Cat/Ringworm in Cat/f9c3156d36fc__additional_data_curated__hard_validation__c2eddd.jpg,Cat,Dog,Ringworm in Cat,Dermatitis in Dog,Dermatitis in Dog,scabies cat,0.30490460148747345,0.22914876,False
/mnt/e/Ringworm detection project/DFAN-main/evaluation_data/development_external_2026_05_02/Cat/Ringworm in Cat/fab958d4ffb7__additional_data_curated__hard_validation__f8b019.jpg,Cat,Dog,Ringworm in Cat,Ringworm in Dog,Ringworm in Dog,Ringworm in Cat,0.458093916110114,0.9723263,True
/mnt/e/Ringworm detection project/DFAN-main/evaluation_data/development_external_2026_05_02/Cat/Ringworm in Cat/fe5c354869ed__additional_data_curated__hard_validation__15aace.png,Cat,Cat,Ringworm in Cat,Ringworm in Cat,Ringworm in Cat,Ringworm in Cat,0.9963834065397882,0.98336536,True
/mnt/e/Ringworm detection project/DFAN-main/evaluation_data/development_external_2026_05_02/Cat/Ringworm in Cat/fe8c98c46bfb__additional_data_curated__hard_validation__7a96bf.jpg,Cat,Dog,Ringworm in Cat,Dog_normal,Dog_normal,Cat_normal,0.40910592349520386,0.7524781,False
/mnt/e/Ringworm detection project/DFAN-main/evaluation_data/development_external_2026_05_02/Cat/Skin Allergy in Cat/06c51c23d285__additional_data_curated__hard_validation__415837.jpg,Cat,Dog,Skin Allergy in Cat,Skin Allergy in Dog,Skin Allergy in Dog,Eye Infection in Cat,0.2662054608064895,0.80780107,False
/mnt/e/Ringworm detection project/DFAN-main/evaluation_data/development_external_2026_05_02/Cat/Skin Allergy in Cat/073507ff408b__additional_data_curated__hard_validation__882fc6.jpeg,Cat,Cat,Skin Allergy in Cat,Skin Allergy in Cat,Skin Allergy in Cat,Skin Allergy in Cat,0.9682054471418354,0.8645781,True
/mnt/e/Ringworm detection project/DFAN-main/evaluation_data/development_external_2026_05_02/Cat/Skin Allergy in Cat/078d1cec777b__additional_data_curated__hard_validation__814496.jpg,Cat,Dog,Skin Allergy in Cat,Skin Allergy in Dog,Skin Allergy in Dog,Eye Infection in Cat,0.28035828590988265,0.5644897,False
/mnt/e/Ringworm detection project/DFAN-main/evaluation_data/development_external_2026_05_02/Cat/Skin Allergy in Cat/0f578efe5784__additional_data_curated__hard_validation__1d7ef3.jpeg,Cat,Dog,Skin Allergy in Cat,Skin Allergy in Dog,Skin Allergy in Dog,Skin Allergy in Cat,0.7609532008666644,0.22411865,True
/mnt/e/Ringworm detection project/DFAN-main/evaluation_data/development_external_2026_05_02/Cat/Skin Allergy in Cat/102485f8248c__additional_data_curated__hard_validation__bed3cb.jpg,Cat,Cat,Skin Allergy in Cat,Skin Allergy in Cat,Skin Allergy in Cat,Skin Allergy in Cat,0.9954611769704009,0.9806819,True
/mnt/e/Ringworm detection project/DFAN-main/evaluation_data/development_external_2026_05_02/Cat/Skin Allergy in Cat/11119b039129__additional_data_curated__hard_validation__dfe41c.jpg,Cat,Cat,Skin Allergy in Cat,Ringworm in Cat,Ringworm in Cat,Ringworm in Cat,0.7685025929469813,0.54863995,False
/mnt/e/Ringworm detection project/DFAN-main/evaluation_data/development_external_2026_05_02/Cat/Skin Allergy in Cat/12e06b4d0438__additional_data_curated__hard_validation__86bb31.jpeg,Cat,Dog,Skin Allergy in Cat,Fungal Infection in Dog,Fungal Infection in Dog,Skin Allergy in Cat,0.7838487708053169,0.44238248,True
/mnt/e/Ringworm detection project/DFAN-main/evaluation_data/development_external_2026_05_02/Cat/Skin Allergy in Cat/14368205ad83__additional_data_curated__hard_validation__82e5db.png,Cat,Dog,Skin Allergy in Cat,Fungal Infection in Dog,Fungal Infection in Dog,scabies cat,0.8562757212792574,0.8638729,False
/mnt/e/Ringworm detection project/DFAN-main/evaluation_data/development_external_2026_05_02/Cat/Skin Allergy in Cat/17f8624ed1c5__additional_data_curated__hard_validation__33c5ea.jpeg,Cat,Dog,Skin Allergy in Cat,Hot Spots in Dog,Hot Spots in Dog,Skin Allergy in Cat,0.42956409225937076,0.20485927,True
/mnt/e/Ringworm detection project/DFAN-main/evaluation_data/development_external_2026_05_02/Cat/Skin Allergy in Cat/18be6e45d523__additional_data_curated__hard_validation__91e007.jpg,Cat,Dog,Skin Allergy in Cat,Hot Spots in Dog,Hot Spots in Dog,Skin Allergy in Cat,0.7578446342379862,0.33562422,True
/mnt/e/Ringworm detection project/DFAN-main/evaluation_data/development_external_2026_05_02/Cat/Skin Allergy in Cat/19dc5d0163cc__additional_data_curated__hard_validation__e2bb82.jpg,Cat,Cat,Skin Allergy in Cat,Skin Allergy in Cat,Skin Allergy in Cat,Skin Allergy in Cat,0.9476129935333906,0.82251924,True
/mnt/e/Ringworm detection project/DFAN-main/evaluation_data/development_external_2026_05_02/Cat/Skin Allergy in Cat/1a265224fe47__additional_data_curated__hard_validation__e397ff.jpeg,Cat,Cat,Skin Allergy in Cat,Skin Allergy in Cat,Skin Allergy in Cat,Skin Allergy in Cat,0.9824860332285332,0.925864,True
/mnt/e/Ringworm detection project/DFAN-main/evaluation_data/development_external_2026_05_02/Cat/Skin Allergy in Cat/1a2d4a8dc3be__additional_data_curated__hard_validation__bd47c7.jpg,Cat,Dog,Skin Allergy in Cat,Fungal Infection in Dog,Fungal Infection in Dog,Ringworm in Cat,0.5587066029814826,0.73032784,False
/mnt/e/Ringworm detection project/DFAN-main/evaluation_data/development_external_2026_05_02/Cat/Skin Allergy in Cat/1af8cecdaba6__additional_data_curated__hard_validation__81a00a.jpg,Cat,Dog,Skin Allergy in Cat,Skin Allergy in Dog,Skin Allergy in Dog,Cat_normal,0.3791566094564563,0.8728196,False
/mnt/e/Ringworm detection project/DFAN-main/evaluation_data/development_external_2026_05_02/Cat/Skin Allergy in Cat/1be7c2ca9630__additional_data_curated__hard_validation__536d66.jpg,Cat,Cat,Skin Allergy in Cat,Skin Allergy in Cat,Skin Allergy in Cat,Skin Allergy in Cat,0.8560936914718291,0.6878696,True
/mnt/e/Ringworm detection project/DFAN-main/evaluation_data/development_external_2026_05_02/Cat/Skin Allergy in Cat/1d28bbcdfe50__additional_data_curated__hard_validation__a68017.jpg,Cat,Dog,Skin Allergy in Cat,Dermatitis in Dog,Dermatitis in Dog,Ringworm in Cat,0.5638154144609502,0.44833744,False
/mnt/e/Ringworm detection project/DFAN-main/evaluation_data/development_external_2026_05_02/Cat/Skin Allergy in Cat/1f76534f8b81__additional_data_curated__hard_validation__fc9af1.jpeg,Cat,Dog,Skin Allergy in Cat,Skin Allergy in Cat,Fungal Infection in Dog,Skin Allergy in Cat,0.8580702041803918,0.28429896,True
/mnt/e/Ringworm detection project/DFAN-main/evaluation_data/development_external_2026_05_02/Cat/Skin Allergy in Cat/20030c907834__additional_data_curated__hard_validation__77e975.jpeg,Cat,Dog,Skin Allergy in Cat,Fungal Infection in Dog,Fungal Infection in Dog,Skin Allergy in Cat,0.4396269175766123,0.16980293,True
/mnt/e/Ringworm detection project/DFAN-main/evaluation_data/development_external_2026_05_02/Cat/Skin Allergy in Cat/23fe27e41eaf__additional_data_curated__hard_validation__a2cca7.jpg,Cat,Cat,Skin Allergy in Cat,scabies cat,scabies cat,scabies cat,0.4942753936287693,0.3009828,False
/mnt/e/Ringworm detection project/DFAN-main/evaluation_data/development_external_2026_05_02/Cat/Skin Allergy in Cat/2646ca0c5e76__additional_data_curated__hard_validation__8f859b.jpg,Cat,Dog,Skin Allergy in Cat,Fungal Infection in Dog,Fungal Infection in Dog,Ringworm in Cat,0.6727354097120719,0.51606816,False
/mnt/e/Ringworm detection project/DFAN-main/evaluation_data/development_external_2026_05_02/Cat/Skin Allergy in Cat/26c51f72c2b5__additional_data_curated__hard_validation__14e2bd.png,Cat,Cat,Skin Allergy in Cat,Eye Infection in Cat,Eye Infection in Cat,Eye Infection in Cat,0.9031594995905712,0.71060616,False
/mnt/e/Ringworm detection project/DFAN-main/evaluation_data/development_external_2026_05_02/Cat/Skin Allergy in Cat/26f49f673538__additional_data_curated__hard_validation__a46ea0.jpeg,Cat,Dog,Skin Allergy in Cat,Fungal Infection in Dog,Fungal Infection in Dog,Skin Allergy in Cat,0.6962870033850673,0.2899153,True
/mnt/e/Ringworm detection project/DFAN-main/evaluation_data/development_external_2026_05_02/Cat/Skin Allergy in Cat/30243b59ef60__additional_data_curated__hard_validation__d10a88.jpg,Cat,Dog,Skin Allergy in Cat,Ringworm in Dog,Ringworm in Dog,Skin Allergy in Cat,0.18980198420489422,0.991959,True
/mnt/e/Ringworm detection project/DFAN-main/evaluation_data/development_external_2026_05_02/Cat/Skin Allergy in Cat/30c7895c178e__additional_data_curated__hard_validation__772a92.jpg,Cat,Dog,Skin Allergy in Cat,Skin Allergy in Dog,Skin Allergy in Dog,Skin Allergy in Cat,0.9150835428856661,0.5476754,True
/mnt/e/Ringworm detection project/DFAN-main/evaluation_data/development_external_2026_05_02/Cat/Skin Allergy in Cat/310e4d7ade7b__additional_data_curated__hard_validation__8f875c.jpg,Cat,Dog,Skin Allergy in Cat,Tick Infestation in Dog,Tick Infestation in Dog,Ear Mites in Cat,0.3260215767086175,0.63687164,False
/mnt/e/Ringworm detection project/DFAN-main/evaluation_data/development_external_2026_05_02/Cat/Skin Allergy in Cat/3315cfe46b7c__additional_data_curated__hard_validation__dda9d9.jpeg,Cat,Dog,Skin Allergy in Cat,Fungal Infection in Dog,Fungal Infection in Dog,Skin Allergy in Cat,0.8321022494767002,0.34294555,True
/mnt/e/Ringworm detection project/DFAN-main/evaluation_data/development_external_2026_05_02/Cat/Skin Allergy in Cat/33a2c9130386__additional_data_curated__hard_validation__7b9363.jpg,Cat,Cat,Skin Allergy in Cat,Skin Allergy in Cat,Skin Allergy in Cat,Skin Allergy in Cat,0.9933228564372903,0.9776015,True
/mnt/e/Ringworm detection project/DFAN-main/evaluation_data/development_external_2026_05_02/Cat/Skin Allergy in Cat/34a55c119399__additional_data_curated__hard_validation__2cc87d.jpeg,Cat,Dog,Skin Allergy in Cat,Fungal Infection in Dog,Fungal Infection in Dog,Skin Allergy in Cat,0.5650807339422973,0.5065685,True
/mnt/e/Ringworm detection project/DFAN-main/evaluation_data/development_external_2026_05_02/Cat/Skin Allergy in Cat/375b359c3980__additional_data_curated__hard_validation__9d6258.jpg,Cat,Cat,Skin Allergy in Cat,Skin Allergy in Cat,Skin Allergy in Cat,Skin Allergy in Cat,0.44735967951831096,0.33737716,True
/mnt/e/Ringworm detection project/DFAN-main/evaluation_data/development_external_2026_05_02/Cat/Skin Allergy in Cat/39396b5c2bfd__additional_data_curated__hard_validation__0fd44e.jpeg,Cat,Cat,Skin Allergy in Cat,Skin Allergy in Cat,Skin Allergy in Cat,Skin Allergy in Cat,0.9462256893242309,0.8556428,True
/mnt/e/Ringworm detection project/DFAN-main/evaluation_data/development_external_2026_05_02/Cat/Skin Allergy in Cat/3986447a657b__additional_data_curated__hard_validation__93c1d9.jpeg,Cat,Dog,Skin Allergy in Cat,Ringworm in Cat,Hot Spots in Dog,Ringworm in Cat,0.5770528139245499,0.1926303,False
/mnt/e/Ringworm detection project/DFAN-main/evaluation_data/development_external_2026_05_02/Cat/Skin Allergy in Cat/3c1a9da95e1a__additional_data_curated__hard_validation__a895ad.jpeg,Cat,Dog,Skin Allergy in Cat,Ringworm in Cat,Dermatitis in Dog,Ringworm in Cat,0.5198475055772254,0.21148483,False
/mnt/e/Ringworm detection project/DFAN-main/evaluation_data/development_external_2026_05_02/Cat/Skin Allergy in Cat/3d73c48a964a__additional_data_curated__hard_validation__48fe8d.jpg,Cat,Dog,Skin Allergy in Cat,Tick Infestation in Dog,Tick Infestation in Dog,Eye Infection in Cat,0.5160420230495587,0.31925058,False
/mnt/e/Ringworm detection project/DFAN-main/evaluation_data/development_external_2026_05_02/Cat/Skin Allergy in Cat/3eca1c74fe1f__additional_data_curated__hard_validation__f2852e.jpg,Cat,Cat,Skin Allergy in Cat,Dermatitis in Dog,Ear Mites in Cat,Ear Mites in Cat,0.5494709531733333,0.52227825,False
/mnt/e/Ringworm detection project/DFAN-main/evaluation_data/development_external_2026_05_02/Cat/Skin Allergy in Cat/3f1239fdb888__additional_data_curated__hard_validation__8285eb.jpg,Cat,Cat,Skin Allergy in Cat,Skin Allergy in Cat,Skin Allergy in Cat,Skin Allergy in Cat,0.9883600430993865,0.941783,True
/mnt/e/Ringworm detection project/DFAN-main/evaluation_data/development_external_2026_05_02/Cat/Skin Allergy in Cat/4044b0a8e3b2__additional_data_curated__hard_validation__17767a.jpg,Cat,Dog,Skin Allergy in Cat,Tick Infestation in Dog,Tick Infestation in Dog,Cat_normal,0.3534880930003227,0.9266171,False
/mnt/e/Ringworm detection project/DFAN-main/evaluation_data/development_external_2026_05_02/Cat/Skin Allergy in Cat/44f77f3d6b27__additional_data_curated__hard_validation__7452e3.jpeg,Cat,Dog,Skin Allergy in Cat,Dermatitis in Dog,Dermatitis in Dog,Ringworm in Cat,0.5810314178263318,0.8979611,False
/mnt/e/Ringworm detection project/DFAN-main/evaluation_data/development_external_2026_05_02/Cat/Skin Allergy in Cat/45aa9d2bd580__additional_data_curated__hard_validation__eda267.jpg,Cat,Dog,Skin Allergy in Cat,Tick Infestation in Dog,Tick Infestation in Dog,scabies cat,0.3583778719396332,0.6592632,False
/mnt/e/Ringworm detection project/DFAN-main/evaluation_data/development_external_2026_05_02/Cat/Skin Allergy in Cat/4774a9830b4c__additional_data_curated__hard_validation__6b2300.jpg,Cat,Cat,Skin Allergy in Cat,Skin Allergy in Cat,Skin Allergy in Cat,Skin Allergy in Cat,0.9902104921565361,0.9656363,True
/mnt/e/Ringworm detection project/DFAN-main/evaluation_data/development_external_2026_05_02/Cat/Skin Allergy in Cat/48bc310ed07b__additional_data_curated__hard_validation__754130.jpg,Cat,Dog,Skin Allergy in Cat,Ringworm in Cat,Hot Spots in Dog,Ringworm in Cat,0.4136171404604346,0.14751172,False
/mnt/e/Ringworm detection project/DFAN-main/evaluation_data/development_external_2026_05_02/Cat/Skin Allergy in Cat/48dea02e59ec__additional_data_curated__hard_validation__4ea922.jpg,Cat,Dog,Skin Allergy in Cat,Mange in Dog,Mange in Dog,scabies cat,0.2745787022220432,0.92416817,False
/mnt/e/Ringworm detection project/DFAN-main/evaluation_data/development_external_2026_05_02/Cat/Skin Allergy in Cat/53bec09a41fa__additional_data_curated__hard_validation__91b5e5.jpg,Cat,Dog,Skin Allergy in Cat,Fungal Infection in Dog,Fungal Infection in Dog,Skin Allergy in Cat,0.5385891897647631,0.75834924,True
/mnt/e/Ringworm detection project/DFAN-main/evaluation_data/development_external_2026_05_02/Cat/Skin Allergy in Cat/56a3d0c7e2ef__additional_data_curated__hard_validation__82c18d.jpeg,Cat,Dog,Skin Allergy in Cat,Dermatitis in Dog,Dermatitis in Dog,scabies cat,0.320743005048925,0.28042763,False
/mnt/e/Ringworm detection project/DFAN-main/evaluation_data/development_external_2026_05_02/Cat/Skin Allergy in Cat/57886ac226c8__additional_data_curated__hard_validation__499c28.png,Cat,Dog,Skin Allergy in Cat,Tick Infestation in Dog,Tick Infestation in Dog,Eye Infection in Cat,0.6061142457076607,0.55439854,False
/mnt/e/Ringworm detection project/DFAN-main/evaluation_data/development_external_2026_05_02/Cat/Skin Allergy in Cat/586bc294d209__additional_data_curated__hard_validation__0e279e.jpg,Cat,Cattles,Skin Allergy in Cat,Lumpy Skin,Lumpy Skin,Ringworm in Cat,0.25364954895446223,0.84656274,False
/mnt/e/Ringworm detection project/DFAN-main/evaluation_data/development_external_2026_05_02/Cat/Skin Allergy in Cat/58e19c63ab14__additional_data_curated__hard_validation__663597.jpg,Cat,Dog,Skin Allergy in Cat,Dermatitis in Dog,Dermatitis in Dog,Ringworm in Cat,0.7460583401900412,0.98631674,False
/mnt/e/Ringworm detection project/DFAN-main/evaluation_data/development_external_2026_05_02/Cat/Skin Allergy in Cat/596878e97481__additional_data_curated__hard_validation__618975.jpg,Cat,Dog,Skin Allergy in Cat,Fungal Infection in Dog,Fungal Infection in Dog,Ringworm in Cat,0.42783474913734526,0.9285755,False
/mnt/e/Ringworm detection project/DFAN-main/evaluation_data/development_external_2026_05_02/Cat/Skin Allergy in Cat/63553bc8ec6b__additional_data_curated__hard_validation__692470.jpeg,Cat,Cat,Skin Allergy in Cat,Skin Allergy in Cat,Skin Allergy in Cat,Skin Allergy in Cat,0.4383416483890838,0.2801147,True
/mnt/e/Ringworm detection project/DFAN-main/evaluation_data/development_external_2026_05_02/Cat/Skin Allergy in Cat/6955e4fea2b0__additional_data_curated__hard_validation__ff14c4.jpeg,Cat,Cat,Skin Allergy in Cat,scabies cat,scabies cat,scabies cat,0.6209344401853423,0.4334528,False
/mnt/e/Ringworm detection project/DFAN-main/evaluation_data/development_external_2026_05_02/Cat/Skin Allergy in Cat/6979aa35306e__additional_data_curated__hard_validation__49762d.jpg,Cat,Dog,Skin Allergy in Cat,Mange in Dog,Mange in Dog,Skin Allergy in Cat,0.8199038032840062,0.3838746,True
/mnt/e/Ringworm detection project/DFAN-main/evaluation_data/development_external_2026_05_02/Cat/Skin Allergy in Cat/6af608cf0369__additional_data_curated__hard_validation__a11caa.jpg,Cat,Cat,Skin Allergy in Cat,Ringworm in Cat,Ringworm in Cat,Ringworm in Cat,0.9475139402302264,0.91084623,False
/mnt/e/Ringworm detection project/DFAN-main/evaluation_data/development_external_2026_05_02/Cat/Skin Allergy in Cat/6c2cf2d2b5ae__additional_data_curated__hard_validation__66619a.jpg,Cat,Cat,Skin Allergy in Cat,Skin Allergy in Cat,Skin Allergy in Cat,Skin Allergy in Cat,0.8513949097022104,0.7547869,True
/mnt/e/Ringworm detection project/DFAN-main/evaluation_data/development_external_2026_05_02/Cat/Skin Allergy in Cat/6c992f36d36f__additional_data_curated__hard_validation__113060.jpeg,Cat,Cat,Skin Allergy in Cat,Skin Allergy in Cat,Skin Allergy in Cat,Skin Allergy in Cat,0.9863594368809491,0.91280913,True
/mnt/e/Ringworm detection project/DFAN-main/evaluation_data/development_external_2026_05_02/Cat/Skin Allergy in Cat/6f4e8777e7c7__additional_data_curated__hard_validation__213f5a.jpeg,Cat,Cat,Skin Allergy in Cat,Skin Allergy in Cat,Skin Allergy in Cat,Skin Allergy in Cat,0.9929440859683325,0.9755078,True
/mnt/e/Ringworm detection project/DFAN-main/evaluation_data/development_external_2026_05_02/Cat/Skin Allergy in Cat/72b4eae80dc1__additional_data_curated__hard_validation__102318.jpg,Cat,Dog,Skin Allergy in Cat,Skin Allergy in Dog,Skin Allergy in Dog,Skin Allergy in Cat,0.49360370981974555,0.3132142,True
/mnt/e/Ringworm detection project/DFAN-main/evaluation_data/development_external_2026_05_02/Cat/Skin Allergy in Cat/737d05f10535__additional_data_curated__hard_validation__b37460.jpg,Cat,Dog,Skin Allergy in Cat,Mange in Dog,Mange in Dog,Ringworm in Cat,0.5125079013493542,0.3645416,False
/mnt/e/Ringworm detection project/DFAN-main/evaluation_data/development_external_2026_05_02/Cat/Skin Allergy in Cat/7392b1e87708__additional_data_curated__hard_validation__d32c1b.jpg,Cat,Dog,Skin Allergy in Cat,Tick Infestation in Dog,Tick Infestation in Dog,Eye Infection in Cat,0.33267817765222324,0.94274986,False
/mnt/e/Ringworm detection project/DFAN-main/evaluation_data/development_external_2026_05_02/Cat/Skin Allergy in Cat/778031c66d5b__additional_data_curated__hard_validation__e03e7b.jpg,Cat,Dog,Skin Allergy in Cat,Skin Allergy in Dog,Skin Allergy in Dog,Cat_normal,0.31802325191469083,0.9666197,False
/mnt/e/Ringworm detection project/DFAN-main/evaluation_data/development_external_2026_05_02/Cat/Skin Allergy in Cat/7c6c9847ebf8__additional_data_curated__hard_validation__0412c4.jpeg,Cat,Cat,Skin Allergy in Cat,Ringworm in Cat,Ringworm in Cat,Ringworm in Cat,0.7936825108232374,0.730769,False
/mnt/e/Ringworm detection project/DFAN-main/evaluation_data/development_external_2026_05_02/Cat/Skin Allergy in Cat/7d9c63df6c46__additional_data_curated__hard_validation__ed97bc.jpeg,Cat,Dog,Skin Allergy in Cat,Fungal Infection in Dog,Fungal Infection in Dog,Cat_normal,0.35045795594335466,0.598333,False
/mnt/e/Ringworm detection project/DFAN-main/evaluation_data/development_external_2026_05_02/Cat/Skin Allergy in Cat/7e5d530588ae__additional_data_curated__hard_validation__ffa7ea.jpg,Cat,Cat,Skin Allergy in Cat,Ringworm in Cat,Ringworm in Cat,Ringworm in Cat,0.7797049984512704,0.57871985,False
/mnt/e/Ringworm detection project/DFAN-main/evaluation_data/development_external_2026_05_02/Cat/Skin Allergy in Cat/832e3ea864e0__additional_data_curated__hard_validation__9f36f6.jpg,Cat,Dog,Skin Allergy in Cat,Skin Allergy in Cat,Dermatitis in Dog,Skin Allergy in Cat,0.9654236122591683,0.452384,True
/mnt/e/Ringworm detection project/DFAN-main/evaluation_data/development_external_2026_05_02/Cat/Skin Allergy in Cat/83bf160cdf06__additional_data_curated__hard_validation__7e804b.jpg,Cat,Dog,Skin Allergy in Cat,Dermatitis in Dog,Dermatitis in Dog,Ringworm in Cat,0.8135167817420341,0.9826506,False
/mnt/e/Ringworm detection project/DFAN-main/evaluation_data/development_external_2026_05_02/Cat/Skin Allergy in Cat/85c1960f2fbb__additional_data_curated__hard_validation__3f0007.jpg,Cat,Dog,Skin Allergy in Cat,Dermatitis in Dog,Dermatitis in Dog,Skin Allergy in Cat,0.42802573322127385,0.66241413,True
/mnt/e/Ringworm detection project/DFAN-main/evaluation_data/development_external_2026_05_02/Cat/Skin Allergy in Cat/885f22f8694d__additional_data_curated__hard_validation__abdcf3.jpg,Cat,Dog,Skin Allergy in Cat,Skin Allergy in Dog,Skin Allergy in Dog,Skin Allergy in Cat,0.23203677390503152,0.99084747,True
/mnt/e/Ringworm detection project/DFAN-main/evaluation_data/development_external_2026_05_02/Cat/Skin Allergy in Cat/92415a4c1ae0__additional_data_curated__hard_validation__fc0540.jpg,Cat,Dog,Skin Allergy in Cat,Tick Infestation in Dog,Tick Infestation in Dog,Eye Infection in Cat,0.4358269319588154,0.36722714,False
/mnt/e/Ringworm detection project/DFAN-main/evaluation_data/development_external_2026_05_02/Cat/Skin Allergy in Cat/93d483deb77d__additional_data_curated__hard_validation__f5e481.jpg,Cat,Cat,Skin Allergy in Cat,Hot Spots in Dog,Ringworm in Cat,Ringworm in Cat,0.3102900099275008,0.1509836,False
/mnt/e/Ringworm detection project/DFAN-main/evaluation_data/development_external_2026_05_02/Cat/Skin Allergy in Cat/97cd463bbcee__additional_data_curated__hard_validation__28b66c.jpg,Cat,Cat,Skin Allergy in Cat,Skin Allergy in Cat,Skin Allergy in Cat,Skin Allergy in Cat,0.9068473473506043,0.7714582,True
/mnt/e/Ringworm detection project/DFAN-main/evaluation_data/development_external_2026_05_02/Cat/Skin Allergy in Cat/98dd453c2a51__additional_data_curated__hard_validation__c03ff3.jpeg,Cat,Cat,Skin Allergy in Cat,Skin Allergy in Cat,Skin Allergy in Cat,Skin Allergy in Cat,0.6476325742747959,0.5741863,True
/mnt/e/Ringworm detection project/DFAN-main/evaluation_data/development_external_2026_05_02/Cat/Skin Allergy in Cat/992a895d89ff__additional_data_curated__hard_validation__d44c20.jpg,Cat,Dog,Skin Allergy in Cat,Skin Allergy in Dog,Skin Allergy in Dog,Skin Allergy in Cat,0.7785684207392669,0.40425947,True
/mnt/e/Ringworm detection project/DFAN-main/evaluation_data/development_external_2026_05_02/Cat/Skin Allergy in Cat/9aca618f0928__additional_data_curated__hard_validation__510baf.png,Cat,Cat,Skin Allergy in Cat,Eye Infection in Cat,Eye Infection in Cat,Eye Infection in Cat,0.9288409088567169,0.77285886,False
/mnt/e/Ringworm detection project/DFAN-main/evaluation_data/development_external_2026_05_02/Cat/Skin Allergy in Cat/9bbb69f78a21__additional_data_curated__hard_validation__28dd31.jpeg,Cat,Dog,Skin Allergy in Cat,Skin Allergy in Cat,Hot Spots in Dog,Skin Allergy in Cat,0.9175934408960552,0.5778212,True
/mnt/e/Ringworm detection project/DFAN-main/evaluation_data/development_external_2026_05_02/Cat/Skin Allergy in Cat/9d5d747ebea4__additional_data_curated__hard_validation__03ac42.jpg,Cat,Dog,Skin Allergy in Cat,Ringworm in Dog,Ringworm in Dog,Skin Allergy in Cat,0.4939605302110928,0.5195167,True
/mnt/e/Ringworm detection project/DFAN-main/evaluation_data/development_external_2026_05_02/Cat/Skin Allergy in Cat/a1ee0603d6a9__additional_data_curated__hard_validation__169970.jpeg,Cat,Dog,Skin Allergy in Cat,Hot Spots in Dog,Hot Spots in Dog,Ringworm in Cat,0.3387826514041148,0.16192043,False
/mnt/e/Ringworm detection project/DFAN-main/evaluation_data/development_external_2026_05_02/Cat/Skin Allergy in Cat/a551f4db1a89__additional_data_curated__hard_validation__d10a26.jpg,Cat,Dog,Skin Allergy in Cat,Skin Allergy in Dog,Skin Allergy in Dog,Cat_normal,0.188203562698973,0.98798555,False
/mnt/e/Ringworm detection project/DFAN-main/evaluation_data/development_external_2026_05_02/Cat/Skin Allergy in Cat/a7a4f56d3fc5__additional_data_curated__hard_validation__b935fa.jpeg,Cat,Dog,Skin Allergy in Cat,Fungal Infection in Dog,Fungal Infection in Dog,Skin Allergy in Cat,0.5994865757977892,0.6845861,True
/mnt/e/Ringworm detection project/DFAN-main/evaluation_data/development_external_2026_05_02/Cat/Skin Allergy in Cat/a7b12c7108d5__additional_data_curated__hard_validation__54e8db.jpeg,Cat,Dog,Skin Allergy in Cat,Fungal Infection in Dog,Fungal Infection in Dog,Skin Allergy in Cat,0.5669685479375458,0.20060162,True
/mnt/e/Ringworm detection project/DFAN-main/evaluation_data/development_external_2026_05_02/Cat/Skin Allergy in Cat/a8a92cdda104__additional_data_curated__hard_validation__6143e4.jpg,Cat,Dog,Skin Allergy in Cat,Skin Allergy in Dog,Skin Allergy in Dog,Cat_normal,0.27096572196165025,0.9905702,False
/mnt/e/Ringworm detection project/DFAN-main/evaluation_data/development_external_2026_05_02/Cat/Skin Allergy in Cat/adb3e7157656__additional_data_curated__hard_validation__f12989.jpg,Cat,Dog,Skin Allergy in Cat,Dermatitis in Dog,Dermatitis in Dog,Ringworm in Cat,0.5997876473352931,0.73719054,False
/mnt/e/Ringworm detection project/DFAN-main/evaluation_data/development_external_2026_05_02/Cat/Skin Allergy in Cat/af62d1e5c888__additional_data_curated__hard_validation__40a825.jpg,Cat,Dog,Skin Allergy in Cat,Dermatitis in Dog,Dermatitis in Dog,Skin Allergy in Cat,0.3334849993267901,0.40456954,True
/mnt/e/Ringworm detection project/DFAN-main/evaluation_data/development_external_2026_05_02/Cat/Skin Allergy in Cat/afbd8e9bcae1__additional_data_curated__hard_validation__d500dd.jpg,Cat,Dog,Skin Allergy in Cat,Tick Infestation in Dog,Tick Infestation in Dog,Eye Infection in Cat,0.23645604049709104,0.9786568,False
/mnt/e/Ringworm detection project/DFAN-main/evaluation_data/development_external_2026_05_02/Cat/Skin Allergy in Cat/afbdd1c89a56__additional_data_curated__hard_validation__a92cd8.jpg,Cat,Dog,Skin Allergy in Cat,scabies cattle,Dermatitis in Dog,Ringworm in Cat,0.4518367889964687,0.147482,False
/mnt/e/Ringworm detection project/DFAN-main/evaluation_data/development_external_2026_05_02/Cat/Skin Allergy in Cat/b088eae519ae__additional_data_curated__hard_validation__77d70f.jpg,Cat,Dog,Skin Allergy in Cat,Dermatitis in Dog,Dermatitis in Dog,Ringworm in Cat,0.45413536173289965,0.9749724,False
/mnt/e/Ringworm detection project/DFAN-main/evaluation_data/development_external_2026_05_02/Cat/Skin Allergy in Cat/b0e2252a0204__additional_data_curated__hard_validation__6b87d1.jpg,Cat,Dog,Skin Allergy in Cat,Tick Infestation in Dog,Tick Infestation in Dog,Eye Infection in Cat,0.44797486025997485,0.8869013,False
/mnt/e/Ringworm detection project/DFAN-main/evaluation_data/development_external_2026_05_02/Cat/Skin Allergy in Cat/b32c6d52d125__additional_data_curated__hard_validation__dcfb22.jpg,Cat,Dog,Skin Allergy in Cat,Skin Allergy in Dog,Skin Allergy in Dog,Skin Allergy in Cat,0.678273050231416,0.61981475,True
/mnt/e/Ringworm detection project/DFAN-main/evaluation_data/development_external_2026_05_02/Cat/Skin Allergy in Cat/b3ac958a5edf__additional_data_curated__hard_validation__d685e9.jpg,Cat,Dog,Skin Allergy in Cat,Skin Allergy in Dog,Skin Allergy in Dog,Cat_normal,0.5396972751778243,0.4472276,False
/mnt/e/Ringworm detection project/DFAN-main/evaluation_data/development_external_2026_05_02/Cat/Skin Allergy in Cat/b413c114aef5__additional_data_curated__hard_validation__ba11d0.jpeg,Cat,Dog,Skin Allergy in Cat,Skin Allergy in Dog,Skin Allergy in Dog,Skin Allergy in Cat,0.681806131677384,0.45977497,True
/mnt/e/Ringworm detection project/DFAN-main/evaluation_data/development_external_2026_05_02/Cat/Skin Allergy in Cat/b51ed56fc272__additional_data_curated__hard_validation__6eedff.jpeg,Cat,Dog,Skin Allergy in Cat,Fungal Infection in Dog,Fungal Infection in Dog,Skin Allergy in Cat,0.6792903787985407,0.24687651,True
/mnt/e/Ringworm detection project/DFAN-main/evaluation_data/development_external_2026_05_02/Cat/Skin Allergy in Cat/b5e07b566797__additional_data_curated__hard_validation__97b992.jpg,Cat,Dog,Skin Allergy in Cat,Dermatitis in Dog,Dermatitis in Dog,Ringworm in Cat,0.5658931108538625,0.9391659,False
/mnt/e/Ringworm detection project/DFAN-main/evaluation_data/development_external_2026_05_02/Cat/Skin Allergy in Cat/bb1ab41e77d6__additional_data_curated__hard_validation__85141d.jpg,Cat,Cat,Skin Allergy in Cat,Cat_normal,Cat_normal,Cat_normal,0.9791268809679962,0.93354195,False
/mnt/e/Ringworm detection project/DFAN-main/evaluation_data/development_external_2026_05_02/Cat/Skin Allergy in Cat/bf1c33f1cd83__additional_data_curated__hard_validation__32f263.jpeg,Cat,Cat,Skin Allergy in Cat,Skin Allergy in Cat,Skin Allergy in Cat,Skin Allergy in Cat,0.9550275596408985,0.8396147,True
/mnt/e/Ringworm detection project/DFAN-main/evaluation_data/development_external_2026_05_02/Cat/Skin Allergy in Cat/c08c3ebb3022__additional_data_curated__hard_validation__18f96d.jpg,Cat,Dog,Skin Allergy in Cat,Ringworm in Dog,Ringworm in Dog,Ringworm in Cat,0.6765011843371193,0.8306923,False
/mnt/e/Ringworm detection project/DFAN-main/evaluation_data/development_external_2026_05_02/Cat/Skin Allergy in Cat/c08e4f37e610__additional_data_curated__hard_validation__cc4aae.jpg,Cat,Dog,Skin Allergy in Cat,Tick Infestation in Dog,Tick Infestation in Dog,Eye Infection in Cat,0.4431866313847535,0.8766606,False
/mnt/e/Ringworm detection project/DFAN-main/evaluation_data/development_external_2026_05_02/Cat/Skin Allergy in Cat/c1db8f8d1ca1__additional_data_curated__hard_validation__4e31fb.jpeg,Cat,Cat,Skin Allergy in Cat,Skin Allergy in Cat,Skin Allergy in Cat,Skin Allergy in Cat,0.9787358603528131,0.79947424,True
/mnt/e/Ringworm detection project/DFAN-main/evaluation_data/development_external_2026_05_02/Cat/Skin Allergy in Cat/c2f303bb56c1__additional_data_curated__hard_validation__3eac7e.jpg,Cat,Dog,Skin Allergy in Cat,Fungal Infection in Dog,Fungal Infection in Dog,Skin Allergy in Cat,0.7169677963646499,0.21072751,True
/mnt/e/Ringworm detection project/DFAN-main/evaluation_data/development_external_2026_05_02/Cat/Skin Allergy in Cat/c5be18b17ced__additional_data_curated__hard_validation__4e2381.jpeg,Cat,Dog,Skin Allergy in Cat,Skin Allergy in Cat,Fungal Infection in Dog,Skin Allergy in Cat,0.5044752802049731,0.2153494,True
/mnt/e/Ringworm detection project/DFAN-main/evaluation_data/development_external_2026_05_02/Cat/Skin Allergy in Cat/c749590b9d0e__additional_data_curated__hard_validation__a15fb0.jpg,Cat,Cat,Skin Allergy in Cat,Skin Allergy in Cat,Skin Allergy in Cat,Skin Allergy in Cat,0.99391111693929,0.9806457,True
/mnt/e/Ringworm detection project/DFAN-main/evaluation_data/development_external_2026_05_02/Cat/Skin Allergy in Cat/c796a8540a57__additional_data_curated__hard_validation__edb539.jpeg,Cat,Dog,Skin Allergy in Cat,Fungal Infection in Dog,Fungal Infection in Dog,Skin Allergy in Cat,0.37715865952772987,0.6356995,True
/mnt/e/Ringworm detection project/DFAN-main/evaluation_data/development_external_2026_05_02/Cat/Skin Allergy in Cat/c82d0d188dd5__additional_data_curated__hard_validation__cc0777.jpg,Cat,Dog,Skin Allergy in Cat,Mange in Dog,Mange in Dog,scabies cat,0.36018847072992005,0.8660264,False
/mnt/e/Ringworm detection project/DFAN-main/evaluation_data/development_external_2026_05_02/Cat/Skin Allergy in Cat/c9f166391c96__additional_data_curated__hard_validation__9b8f69.jpg,Cat,Dog,Skin Allergy in Cat,Fungal Infection in Dog,Fungal Infection in Dog,Ringworm in Cat,0.28231834931203154,0.9650351,False
/mnt/e/Ringworm detection project/DFAN-main/evaluation_data/development_external_2026_05_02/Cat/Skin Allergy in Cat/caf4bd45be07__additional_data_curated__hard_validation__677f2b.jpg,Cat,Dog,Skin Allergy in Cat,Dermatitis in Dog,Dermatitis in Dog,Ringworm in Cat,0.7038225303659724,0.97488075,False
/mnt/e/Ringworm detection project/DFAN-main/evaluation_data/development_external_2026_05_02/Cat/Skin Allergy in Cat/cd88bad3b10c__additional_data_curated__hard_validation__5bdf88.jpg,Cat,Dog,Skin Allergy in Cat,Fungal Infection in Dog,Fungal Infection in Dog,Skin Allergy in Cat,0.3171861786551463,0.6585591,True
/mnt/e/Ringworm detection project/DFAN-main/evaluation_data/development_external_2026_05_02/Cat/Skin Allergy in Cat/d1ec0e452e31__additional_data_curated__hard_validation__94b605.jpg,Cat,Dog,Skin Allergy in Cat,Tick Infestation in Dog,Tick Infestation in Dog,Eye Infection in Cat,0.3123071023067885,0.37020975,False
/mnt/e/Ringworm detection project/DFAN-main/evaluation_data/development_external_2026_05_02/Cat/Skin Allergy in Cat/d5052180250c__additional_data_curated__hard_validation__33c137.jpg,Cat,Dog,Skin Allergy in Cat,Ringworm in Cat,Hot Spots in Dog,Ringworm in Cat,0.6600773592126694,0.27328315,False
/mnt/e/Ringworm detection project/DFAN-main/evaluation_data/development_external_2026_05_02/Cat/Skin Allergy in Cat/d87b85694c74__additional_data_curated__hard_validation__8c8279.jpg,Cat,Dog,Skin Allergy in Cat,Skin Allergy in Dog,Skin Allergy in Dog,Eye Infection in Cat,0.23382705604628318,0.96652806,False
/mnt/e/Ringworm detection project/DFAN-main/evaluation_data/development_external_2026_05_02/Cat/Skin Allergy in Cat/d978b900b97d__additional_data_curated__hard_validation__e0f163.jpg,Cat,Dog,Skin Allergy in Cat,Fungal Infection in Dog,Fungal Infection in Dog,Ringworm in Cat,0.26701276178504696,0.512086,False
/mnt/e/Ringworm detection project/DFAN-main/evaluation_data/development_external_2026_05_02/Cat/Skin Allergy in Cat/dbe892bc2f0e__additional_data_curated__hard_validation__3f398e.jpg,Cat,Dog,Skin Allergy in Cat,Fungal Infection in Dog,Fungal Infection in Dog,Skin Allergy in Cat,0.747737999819486,0.48837715,True
/mnt/e/Ringworm detection project/DFAN-main/evaluation_data/development_external_2026_05_02/Cat/Skin Allergy in Cat/dc60136284e3__additional_data_curated__hard_validation__82aa41.jpg,Cat,Dog,Skin Allergy in Cat,Fungal Infection in Dog,Fungal Infection in Dog,Skin Allergy in Cat,0.38343992947948924,0.5070798,True
/mnt/e/Ringworm detection project/DFAN-main/evaluation_data/development_external_2026_05_02/Cat/Skin Allergy in Cat/dce4d9f54ca8__additional_data_curated__hard_validation__b21049.jpg,Cat,Dog,Skin Allergy in Cat,Fungal Infection in Dog,Fungal Infection in Dog,Eye Infection in Cat,0.31512985449639375,0.6882696,False
/mnt/e/Ringworm detection project/DFAN-main/evaluation_data/development_external_2026_05_02/Cat/Skin Allergy in Cat/ddc9c7973cb0__additional_data_curated__hard_validation__8c37ce.jpeg,Cat,Dog,Skin Allergy in Cat,Fungal Infection in Dog,Fungal Infection in Dog,Skin Allergy in Cat,0.556588249206147,0.43973997,True
/mnt/e/Ringworm detection project/DFAN-main/evaluation_data/development_external_2026_05_02/Cat/Skin Allergy in Cat/de077a124aa6__additional_data_curated__hard_validation__16acc7.jpg,Cat,Dog,Skin Allergy in Cat,Dermatitis in Dog,Dermatitis in Dog,Ringworm in Cat,0.3520770269823142,0.9588956,False
/mnt/e/Ringworm detection project/DFAN-main/evaluation_data/development_external_2026_05_02/Cat/Skin Allergy in Cat/de5578e176fa__additional_data_curated__hard_validation__d6ee87.jpg,Cat,Dog,Skin Allergy in Cat,Dog_normal,Dog_normal,Skin Allergy in Cat,0.33476511661398994,0.32153738,True
/mnt/e/Ringworm detection project/DFAN-main/evaluation_data/development_external_2026_05_02/Cat/Skin Allergy in Cat/e3a93a8e44f9__additional_data_curated__hard_validation__6ec5a7.jpeg,Cat,Dog,Skin Allergy in Cat,Fungal Infection in Dog,Fungal Infection in Dog,Cat_normal,0.28088422299178084,0.8516415,False
/mnt/e/Ringworm detection project/DFAN-main/evaluation_data/development_external_2026_05_02/Cat/Skin Allergy in Cat/e5fbb3e97760__additional_data_curated__hard_validation__13bcfc.jpg,Cat,Dog,Skin Allergy in Cat,Tick Infestation in Dog,Tick Infestation in Dog,scabies cat,0.22584794599941244,0.48842883,False
/mnt/e/Ringworm detection project/DFAN-main/evaluation_data/development_external_2026_05_02/Cat/Skin Allergy in Cat/e7a759a5a6e7__additional_data_curated__hard_validation__2991c5.jpg,Cat,Dog,Skin Allergy in Cat,Mange in Dog,Mange in Dog,Cat_normal,0.26486696190427894,0.657448,False
/mnt/e/Ringworm detection project/DFAN-main/evaluation_data/development_external_2026_05_02/Cat/Skin Allergy in Cat/e81334ba3feb__additional_data_curated__hard_validation__d4d00d.jpg,Cat,Dog,Skin Allergy in Cat,Fungal Infection in Dog,Fungal Infection in Dog,Skin Allergy in Cat,0.5168508824000159,0.27235386,True
/mnt/e/Ringworm detection project/DFAN-main/evaluation_data/development_external_2026_05_02/Cat/Skin Allergy in Cat/ea11000f1709__additional_data_curated__hard_validation__a5d865.jpg,Cat,Dog,Skin Allergy in Cat,Dermatitis in Dog,Dermatitis in Dog,Ringworm in Cat,0.6325704329055851,0.49823126,False
/mnt/e/Ringworm detection project/DFAN-main/evaluation_data/development_external_2026_05_02/Cat/Skin Allergy in Cat/ea60fdb0f890__additional_data_curated__hard_validation__85870d.jpg,Cat,Cat,Skin Allergy in Cat,Skin Allergy in Cat,Skin Allergy in Cat,Skin Allergy in Cat,0.9669425474238951,0.84126735,True
/mnt/e/Ringworm detection project/DFAN-main/evaluation_data/development_external_2026_05_02/Cat/Skin Allergy in Cat/ed2ff1b3956a__additional_data_curated__hard_validation__dd920c.jpeg,Cat,Cat,Skin Allergy in Cat,Ringworm in Cat,Ringworm in Cat,Ringworm in Cat,0.6790938547435568,0.47452074,False
/mnt/e/Ringworm detection project/DFAN-main/evaluation_data/development_external_2026_05_02/Cat/Skin Allergy in Cat/ed90c718fd06__additional_data_curated__hard_validation__7322b8.jpg,Cat,Dog,Skin Allergy in Cat,Ringworm in Dog,Ringworm in Dog,Ringworm in Cat,0.360761519984098,0.6676071,False
/mnt/e/Ringworm detection project/DFAN-main/evaluation_data/development_external_2026_05_02/Cat/Skin Allergy in Cat/ef3092b6d733__additional_data_curated__hard_validation__efb949.jpg,Cat,Dog,Skin Allergy in Cat,Skin Allergy in Dog,Skin Allergy in Dog,Cat_normal,0.19707473312100482,0.9899906,False
/mnt/e/Ringworm detection project/DFAN-main/evaluation_data/development_external_2026_05_02/Cat/Skin Allergy in Cat/f3f0c94caba1__additional_data_curated__hard_validation__25ee57.jpg,Cat,Dog,Skin Allergy in Cat,Skin Allergy in Dog,Skin Allergy in Dog,Skin Allergy in Cat,0.683706516258291,0.4958481,True
/mnt/e/Ringworm detection project/DFAN-main/evaluation_data/development_external_2026_05_02/Cat/Skin Allergy in Cat/f48ef3d27d8c__additional_data_curated__hard_validation__458d4c.jpg,Cat,Dog,Skin Allergy in Cat,Dermatitis in Dog,Dermatitis in Dog,Skin Allergy in Cat,0.4231899631044511,0.77951956,True
/mnt/e/Ringworm detection project/DFAN-main/evaluation_data/development_external_2026_05_02/Cat/Skin Allergy in Cat/f4f233da5717__additional_data_curated__hard_validation__052f6e.jpg,Cat,Dog,Skin Allergy in Cat,Skin Allergy in Dog,Skin Allergy in Dog,Skin Allergy in Cat,0.9213924845696951,0.41756475,True
/mnt/e/Ringworm detection project/DFAN-main/evaluation_data/development_external_2026_05_02/Cat/Skin Allergy in Cat/f53cc00f6924__additional_data_curated__hard_validation__2051a3.jpeg,Cat,Dog,Skin Allergy in Cat,scabies cattle,Fungal Infection in Dog,Skin Allergy in Cat,0.5104188666465089,0.33293194,True
/mnt/e/Ringworm detection project/DFAN-main/evaluation_data/development_external_2026_05_02/Cat/Skin Allergy in Cat/f55cec93b83f__additional_data_curated__hard_validation__d4afdd.jpg,Cat,Cat,Skin Allergy in Cat,Tick Infestation in Dog,Ringworm in Cat,Ringworm in Cat,0.547242176679912,0.33491927,False
/mnt/e/Ringworm detection project/DFAN-main/evaluation_data/development_external_2026_05_02/Cat/Skin Allergy in Cat/f5a62384c0d5__additional_data_curated__hard_validation__aadeb0.jpg,Cat,Dog,Skin Allergy in Cat,Fungal Infection in Dog,Fungal Infection in Dog,Ringworm in Cat,0.29307276765715434,0.9705311,False
/mnt/e/Ringworm detection project/DFAN-main/evaluation_data/development_external_2026_05_02/Cat/Skin Allergy in Cat/f9096b6c9823__additional_data_curated__hard_validation__4543fb.jpeg,Cat,Dog,Skin Allergy in Cat,Fungal Infection in Dog,Fungal Infection in Dog,Skin Allergy in Cat,0.3365478357578,0.669286,True
/mnt/e/Ringworm detection project/DFAN-main/evaluation_data/development_external_2026_05_02/Cat/Skin Allergy in Cat/fa653acfbe84__additional_data_curated__hard_validation__c29d0d.jpeg,Cat,Dog,Skin Allergy in Cat,scabies cattle,Skin Allergy in Dog,Skin Allergy in Cat,0.6438663942137294,0.41567314,True
/mnt/e/Ringworm detection project/DFAN-main/evaluation_data/development_external_2026_05_02/Cat/Skin Allergy in Cat/fcf1d1af915f__additional_data_curated__hard_validation__fb3e03.jpg,Cat,Dog,Skin Allergy in Cat,Skin Allergy in Dog,Skin Allergy in Dog,Skin Allergy in Cat,0.2179438850482093,0.97211015,True
/mnt/e/Ringworm detection project/DFAN-main/evaluation_data/development_external_2026_05_02/Cat/Skin Allergy in Cat/fcf463ebe2eb__additional_data_curated__hard_validation__3cad27.jpeg,Cat,Cat,Skin Allergy in Cat,scabies cat,scabies cat,scabies cat,0.5482561932033699,0.3234031,False
/mnt/e/Ringworm detection project/DFAN-main/evaluation_data/development_external_2026_05_02/Cat/Skin Allergy in Cat/ff09508fbc6f__additional_data_curated__hard_validation__187e78.jpg,Cat,Dog,Skin Allergy in Cat,Fungal Infection in Dog,Fungal Infection in Dog,scabies cat,0.2815574821055892,0.69366497,False
/mnt/e/Ringworm detection project/DFAN-main/evaluation_data/development_external_2026_05_02/Cat/scabies cat/028a4cd1daec__additional_data_curated__hard_validation__e62a81.jpg,Cat,Cat,scabies cat,scabies cat,scabies cat,scabies cat,0.9949840870116278,0.9816473,True
/mnt/e/Ringworm detection project/DFAN-main/evaluation_data/development_external_2026_05_02/Cat/scabies cat/02fcb99d277f__additional_data_curated__hard_validation__119780.png,Cat,Cat,scabies cat,Eye Infection in Cat,Eye Infection in Cat,Eye Infection in Cat,0.9063470943428549,0.8144818,False
/mnt/e/Ringworm detection project/DFAN-main/evaluation_data/development_external_2026_05_02/Cat/scabies cat/0606e7a7ca87__additional_data_curated__hard_validation__d11e49.jpg,Cat,Cat,scabies cat,scabies cat,scabies cat,scabies cat,0.9939270650275088,0.9796694,True
/mnt/e/Ringworm detection project/DFAN-main/evaluation_data/development_external_2026_05_02/Cat/scabies cat/063e9ad5fec8__additional_data_curated__hard_validation__bff51d.jpg,Cat,Cat,scabies cat,scabies cat,scabies cat,scabies cat,0.9968012311908508,0.98691106,True
/mnt/e/Ringworm detection project/DFAN-main/evaluation_data/development_external_2026_05_02/Cat/scabies cat/09996ef5ed0a__additional_data_curated__hard_validation__e128a2.jpg,Cat,Cat,scabies cat,scabies cat,scabies cat,scabies cat,0.9962787279443814,0.9857172,True
/mnt/e/Ringworm detection project/DFAN-main/evaluation_data/development_external_2026_05_02/Cat/scabies cat/1213bed6ae88__additional_data_curated__hard_validation__ff2243.jpg,Cat,Cat,scabies cat,scabies cat,scabies cat,scabies cat,0.9964502550328742,0.9880255,True
/mnt/e/Ringworm detection project/DFAN-main/evaluation_data/development_external_2026_05_02/Cat/scabies cat/1400c4750217__additional_data_curated__hard_validation__9bb1f4.jpg,Cat,Cat,scabies cat,scabies cat,scabies cat,scabies cat,0.9144924196099867,0.46909928,True
/mnt/e/Ringworm detection project/DFAN-main/evaluation_data/development_external_2026_05_02/Cat/scabies cat/146e0640611a__additional_data_curated__hard_validation__3caa78.jpg,Cat,Cat,scabies cat,scabies cat,scabies cat,scabies cat,0.987823787252673,0.9671406,True
/mnt/e/Ringworm detection project/DFAN-main/evaluation_data/development_external_2026_05_02/Cat/scabies cat/15e0d1250458__additional_data_curated__hard_validation__1b9709.jpg,Cat,Cat,scabies cat,scabies cat,scabies cat,scabies cat,0.7593945561483453,0.676119,True
/mnt/e/Ringworm detection project/DFAN-main/evaluation_data/development_external_2026_05_02/Cat/scabies cat/176385c16a9f__additional_data_curated__hard_validation__ad5f91.jpg,Cat,Cat,scabies cat,scabies cat,scabies cat,scabies cat,0.9961147487891037,0.9856441,True
/mnt/e/Ringworm detection project/DFAN-main/evaluation_data/development_external_2026_05_02/Cat/scabies cat/18588ac10af5__additional_data_curated__hard_validation__2b86e4.jpg,Cat,Cat,scabies cat,scabies cat,scabies cat,scabies cat,0.9890088866603536,0.953131,True
/mnt/e/Ringworm detection project/DFAN-main/evaluation_data/development_external_2026_05_02/Cat/scabies cat/1aecefe54646__additional_data_curated__hard_validation__4bb69b.jpg,Cat,Cat,scabies cat,scabies cat,scabies cat,scabies cat,0.9733449760545384,0.9494127,True
/mnt/e/Ringworm detection project/DFAN-main/evaluation_data/development_external_2026_05_02/Cat/scabies cat/1afee01bb52b__additional_data_curated__hard_validation__fed632.png,Cat,Dog,scabies cat,Mange in Dog,Mange in Dog,scabies cat,0.798979770325868,0.9686442,True
/mnt/e/Ringworm detection project/DFAN-main/evaluation_data/development_external_2026_05_02/Cat/scabies cat/1c8f6b799557__additional_data_curated__hard_validation__5ff4b3.jpg,Cat,Cat,scabies cat,scabies cat,scabies cat,scabies cat,0.931579250300698,0.81715155,True
/mnt/e/Ringworm detection project/DFAN-main/evaluation_data/development_external_2026_05_02/Cat/scabies cat/1cb83bcf779c__additional_data_curated__hard_validation__d62656.jpg,Cat,Cat,scabies cat,Eye Infection in Cat,Eye Infection in Cat,Eye Infection in Cat,0.6399726030221518,0.589362,False
/mnt/e/Ringworm detection project/DFAN-main/evaluation_data/development_external_2026_05_02/Cat/scabies cat/213ce49bee77__additional_data_curated__hard_validation__2b73c1.jpg,Cat,Cat,scabies cat,scabies cat,scabies cat,scabies cat,0.9909078425555885,0.9500471,True
/mnt/e/Ringworm detection project/DFAN-main/evaluation_data/development_external_2026_05_02/Cat/scabies cat/236d93e1ec67__additional_data_curated__hard_validation__dd76fd.jpg,Cat,Cat,scabies cat,scabies cat,scabies cat,scabies cat,0.9752722730117455,0.9421674,True
/mnt/e/Ringworm detection project/DFAN-main/evaluation_data/development_external_2026_05_02/Cat/scabies cat/245587abfde7__additional_data_curated__hard_validation__4841ed.jpg,Cat,Cat,scabies cat,scabies cat,scabies cat,scabies cat,0.9918803086023344,0.9665309,True
/mnt/e/Ringworm detection project/DFAN-main/evaluation_data/development_external_2026_05_02/Cat/scabies cat/258372facbf2__additional_data_curated__hard_validation__ade9ba.jpg,Cat,Cat,scabies cat,scabies cat,scabies cat,scabies cat,0.9632998756790678,0.8114218,True
/mnt/e/Ringworm detection project/DFAN-main/evaluation_data/development_external_2026_05_02/Cat/scabies cat/2706b2f0efc6__additional_data_curated__hard_validation__941fe4.jpg,Cat,Cat,scabies cat,scabies cat,scabies cat,scabies cat,0.9763718810386063,0.92088133,True
/mnt/e/Ringworm detection project/DFAN-main/evaluation_data/development_external_2026_05_02/Cat/scabies cat/2a0e17466bf0__additional_data_curated__hard_validation__6b1d77.jpg,Cat,Cat,scabies cat,scabies cat,scabies cat,scabies cat,0.5675410938622688,0.18318611,True
/mnt/e/Ringworm detection project/DFAN-main/evaluation_data/development_external_2026_05_02/Cat/scabies cat/2a14b9e65541__additional_data_curated__hard_validation__e45a1b.jpg,Cat,Cat,scabies cat,scabies cat,scabies cat,scabies cat,0.9949064326898109,0.9830914,True
/mnt/e/Ringworm detection project/DFAN-main/evaluation_data/development_external_2026_05_02/Cat/scabies cat/2fbb122218cf__additional_data_curated__hard_validation__95f6d1.jpg,Cat,Cat,scabies cat,scabies cat,scabies cat,scabies cat,0.996504714635759,0.9839228,True
/mnt/e/Ringworm detection project/DFAN-main/evaluation_data/development_external_2026_05_02/Cat/scabies cat/2fd354d27b9b__additional_data_curated__hard_validation__8f4b81.jpg,Cat,Cat,scabies cat,scabies cat,scabies cat,scabies cat,0.9931608683800685,0.9807818,True
/mnt/e/Ringworm detection project/DFAN-main/evaluation_data/development_external_2026_05_02/Cat/scabies cat/30c123e1db06__additional_data_curated__hard_validation__6e0567.png,Cat,Cat,scabies cat,scabies cat,scabies cat,scabies cat,0.9952130616523311,0.9809512,True
/mnt/e/Ringworm detection project/DFAN-main/evaluation_data/development_external_2026_05_02/Cat/scabies cat/31ad5d55ef23__additional_data_curated__hard_validation__8efff3.jpg,Cat,Cat,scabies cat,scabies cat,scabies cat,scabies cat,0.9954641510163692,0.98293144,True
/mnt/e/Ringworm detection project/DFAN-main/evaluation_data/development_external_2026_05_02/Cat/scabies cat/343a11dd4460__additional_data_curated__hard_validation__772c90.jpg,Cat,Cat,scabies cat,scabies cat,scabies cat,scabies cat,0.8247375180615375,0.50854695,True
/mnt/e/Ringworm detection project/DFAN-main/evaluation_data/development_external_2026_05_02/Cat/scabies cat/382b8b01bfda__additional_data_curated__hard_validation__878c14.png,Cat,Cat,scabies cat,scabies cat,scabies cat,scabies cat,0.9871442414596113,0.9709128,True
/mnt/e/Ringworm detection project/DFAN-main/evaluation_data/development_external_2026_05_02/Cat/scabies cat/398e918f960f__additional_data_curated__hard_validation__415e7f.jpg,Cat,Cat,scabies cat,scabies cat,scabies cat,scabies cat,0.994493156240606,0.9785903,True
/mnt/e/Ringworm detection project/DFAN-main/evaluation_data/development_external_2026_05_02/Cat/scabies cat/3a92b296bd17__additional_data_curated__hard_validation__7a0f79.jpg,Cat,Cat,scabies cat,scabies cat,scabies cat,scabies cat,0.9951931743776321,0.9790082,True
/mnt/e/Ringworm detection project/DFAN-main/evaluation_data/development_external_2026_05_02/Cat/scabies cat/3afa7fcca0f5__additional_data_curated__hard_validation__58e475.jpg,Cat,Cat,scabies cat,scabies cat,scabies cat,scabies cat,0.9931650587069852,0.9660175,True
/mnt/e/Ringworm detection project/DFAN-main/evaluation_data/development_external_2026_05_02/Cat/scabies cat/3b9d9c2db34a__additional_data_curated__hard_validation__addfd0.jpg,Cat,Cat,scabies cat,scabies cat,scabies cat,scabies cat,0.4223224272256501,0.20662934,True
/mnt/e/Ringworm detection project/DFAN-main/evaluation_data/development_external_2026_05_02/Cat/scabies cat/3e1e2e2b6db2__additional_data_curated__hard_validation__dd9a26.jpg,Cat,Cat,scabies cat,scabies cat,scabies cat,scabies cat,0.9946810200455201,0.979153,True
/mnt/e/Ringworm detection project/DFAN-main/evaluation_data/development_external_2026_05_02/Cat/scabies cat/3f5b539d0f72__additional_data_curated__hard_validation__4882a1.jpg,Cat,Cat,scabies cat,scabies cat,scabies cat,scabies cat,0.9977617998018857,0.99078006,True
/mnt/e/Ringworm detection project/DFAN-main/evaluation_data/development_external_2026_05_02/Cat/scabies cat/4024a5d77238__additional_data_curated__hard_validation__08203a.jpg,Cat,Dog,scabies cat,scabies cat,Dog_normal,scabies cat,0.8971358619730962,0.44589564,True
/mnt/e/Ringworm detection project/DFAN-main/evaluation_data/development_external_2026_05_02/Cat/scabies cat/402ad970807a__additional_data_curated__hard_validation__774f25.jpg,Cat,Cattles,scabies cat,Eye Infection in Cat,Normal Skin,Eye Infection in Cat,0.7934900288650488,0.47638652,False
/mnt/e/Ringworm detection project/DFAN-main/evaluation_data/development_external_2026_05_02/Cat/scabies cat/403e65c9e568__additional_data_curated__hard_validation__4dc75c.jpg,Cat,Cat,scabies cat,scabies cat,scabies cat,scabies cat,0.9946015464631832,0.98313487,True
/mnt/e/Ringworm detection project/DFAN-main/evaluation_data/development_external_2026_05_02/Cat/scabies cat/423e1c6b37fc__additional_data_curated__hard_validation__115a77.jpg,Cat,Cat,scabies cat,scabies cat,scabies cat,scabies cat,0.9907727846602133,0.96423465,True
/mnt/e/Ringworm detection project/DFAN-main/evaluation_data/development_external_2026_05_02/Cat/scabies cat/425e757b121e__additional_data_curated__hard_validation__d71667.jpg,Cat,Cat,scabies cat,scabies cat,scabies cat,scabies cat,0.997475539925006,0.9890416,True
/mnt/e/Ringworm detection project/DFAN-main/evaluation_data/development_external_2026_05_02/Cat/scabies cat/44601bd83622__additional_data_curated__hard_validation__1c2338.jpg,Cat,Cat,scabies cat,scabies cat,scabies cat,scabies cat,0.7162481003457415,0.56360775,True
/mnt/e/Ringworm detection project/DFAN-main/evaluation_data/development_external_2026_05_02/Cat/scabies cat/46d4edbc14db__additional_data_curated__hard_validation__0ba5af.jpg,Cat,Dog,scabies cat,Mange in Dog,Mange in Dog,scabies cat,0.892120753263001,0.77561116,True
/mnt/e/Ringworm detection project/DFAN-main/evaluation_data/development_external_2026_05_02/Cat/scabies cat/471bba8df98c__additional_data_curated__hard_validation__a01902.png,Cat,Cat,scabies cat,scabies cat,scabies cat,scabies cat,0.9921353408296866,0.96835697,True
/mnt/e/Ringworm detection project/DFAN-main/evaluation_data/development_external_2026_05_02/Cat/scabies cat/487a02cbc7c4__additional_data_curated__hard_validation__f44737.jpg,Cat,Cat,scabies cat,scabies cat,scabies cat,scabies cat,0.9582269746588367,0.9100316,True
/mnt/e/Ringworm detection project/DFAN-main/evaluation_data/development_external_2026_05_02/Cat/scabies cat/48a6a868f040__additional_data_curated__hard_validation__514574.jpg,Cat,Cat,scabies cat,scabies cat,scabies cat,scabies cat,0.9961584528192663,0.98061484,True
/mnt/e/Ringworm detection project/DFAN-main/evaluation_data/development_external_2026_05_02/Cat/scabies cat/52bdb4d585d1__additional_data_curated__hard_validation__93330c.jpg,Cat,Cat,scabies cat,scabies cat,scabies cat,scabies cat,0.9894616651120176,0.96616846,True
/mnt/e/Ringworm detection project/DFAN-main/evaluation_data/development_external_2026_05_02/Cat/scabies cat/582d5d5bc2f3__additional_data_curated__hard_validation__9b063e.jpg,Cat,Cat,scabies cat,scabies cat,scabies cat,scabies cat,0.9961280693101902,0.98524636,True
/mnt/e/Ringworm detection project/DFAN-main/evaluation_data/development_external_2026_05_02/Cat/scabies cat/58e70d94cdcf__additional_data_curated__hard_validation__64b4ea.jpg,Cat,Cat,scabies cat,Fungal Infection in Dog,scabies cat,scabies cat,0.5656665473437772,0.2845351,True
/mnt/e/Ringworm detection project/DFAN-main/evaluation_data/development_external_2026_05_02/Cat/scabies cat/5e3477fc113e__additional_data_curated__hard_validation__a48e2c.png,Cat,Cat,scabies cat,scabies cat,scabies cat,scabies cat,0.950049733419715,0.8095917,True
/mnt/e/Ringworm detection project/DFAN-main/evaluation_data/development_external_2026_05_02/Cat/scabies cat/5fdcd4402235__additional_data_curated__hard_validation__d412e4.jpg,Cat,Cat,scabies cat,scabies cat,scabies cat,scabies cat,0.9915269370319291,0.9553959,True
/mnt/e/Ringworm detection project/DFAN-main/evaluation_data/development_external_2026_05_02/Cat/scabies cat/657717976fce__additional_data_curated__hard_validation__726426.jpg,Cat,Cat,scabies cat,scabies cat,scabies cat,scabies cat,0.9899383843885399,0.95499474,True
/mnt/e/Ringworm detection project/DFAN-main/evaluation_data/development_external_2026_05_02/Cat/scabies cat/669e1c12a61c__additional_data_curated__hard_validation__bdd784.jpg,Cat,Cat,scabies cat,scabies cat,scabies cat,scabies cat,0.9807047513165246,0.85611755,True
/mnt/e/Ringworm detection project/DFAN-main/evaluation_data/development_external_2026_05_02/Cat/scabies cat/672d0c0855de__additional_data_curated__hard_validation__eacb04.jpg,Cat,Cat,scabies cat,scabies cat,scabies cat,scabies cat,0.4235580763804491,0.27432927,True
/mnt/e/Ringworm detection project/DFAN-main/evaluation_data/development_external_2026_05_02/Cat/scabies cat/68f3c89bffe2__additional_data_curated__hard_validation__5dbb68.png,Cat,Cat,scabies cat,scabies cat,scabies cat,scabies cat,0.9893899195934053,0.9549306,True
/mnt/e/Ringworm detection project/DFAN-main/evaluation_data/development_external_2026_05_02/Cat/scabies cat/6a4f9d8a5743__additional_data_curated__hard_validation__7440ea.jpg,Cat,Cat,scabies cat,scabies cat,scabies cat,scabies cat,0.9962942791690477,0.9852195,True
/mnt/e/Ringworm detection project/DFAN-main/evaluation_data/development_external_2026_05_02/Cat/scabies cat/6c5ebcef56e5__additional_data_curated__hard_validation__fc9135.jpg,Cat,Cat,scabies cat,scabies cat,scabies cat,scabies cat,0.5800703079117986,0.3416562,True
/mnt/e/Ringworm detection project/DFAN-main/evaluation_data/development_external_2026_05_02/Cat/scabies cat/6ee6688c39c9__additional_data_curated__hard_validation__55941c.jpg,Cat,Cat,scabies cat,scabies cat,scabies cat,scabies cat,0.9780520322845091,0.82997674,True
/mnt/e/Ringworm detection project/DFAN-main/evaluation_data/development_external_2026_05_02/Cat/scabies cat/6f47145aa44c__additional_data_curated__hard_validation__f7af05.jpg,Cat,Cat,scabies cat,scabies cat,scabies cat,scabies cat,0.6701989780866217,0.53679097,True
/mnt/e/Ringworm detection project/DFAN-main/evaluation_data/development_external_2026_05_02/Cat/scabies cat/71f2348f16d3__additional_data_curated__hard_validation__fcf7f3.png,Cat,Cat,scabies cat,scabies cat,scabies cat,scabies cat,0.7824408866573432,0.6530114,True
/mnt/e/Ringworm detection project/DFAN-main/evaluation_data/development_external_2026_05_02/Cat/scabies cat/72f28e5e28a8__additional_data_curated__hard_validation__b01066.jpg,Cat,Cat,scabies cat,scabies cat,scabies cat,scabies cat,0.9944945903616238,0.97838,True
/mnt/e/Ringworm detection project/DFAN-main/evaluation_data/development_external_2026_05_02/Cat/scabies cat/73a8e6025281__additional_data_curated__hard_validation__a1997f.jpg,Cat,Cat,scabies cat,scabies cat,scabies cat,scabies cat,0.9967519467408601,0.9847452,True
/mnt/e/Ringworm detection project/DFAN-main/evaluation_data/development_external_2026_05_02/Cat/scabies cat/751bd3af200d__additional_data_curated__hard_validation__be75c4.jpg,Cat,Cat,scabies cat,Skin Allergy in Cat,Skin Allergy in Cat,Skin Allergy in Cat,0.46244721805683214,0.32908523,False
/mnt/e/Ringworm detection project/DFAN-main/evaluation_data/development_external_2026_05_02/Cat/scabies cat/768c58b0eb2b__additional_data_curated__hard_validation__1313f9.jpg,Cat,Cat,scabies cat,scabies cat,scabies cat,scabies cat,0.9090389296354311,0.79858935,True
/mnt/e/Ringworm detection project/DFAN-main/evaluation_data/development_external_2026_05_02/Cat/scabies cat/77c44a147c7f__additional_data_curated__hard_validation__3baa31.jpg,Cat,Cat,scabies cat,scabies cat,scabies cat,scabies cat,0.9957149898964683,0.9842078,True
/mnt/e/Ringworm detection project/DFAN-main/evaluation_data/development_external_2026_05_02/Cat/scabies cat/79cb1a32a3d6__additional_data_curated__hard_validation__a25670.jpg,Cat,Cat,scabies cat,scabies cat,scabies cat,scabies cat,0.986637870677874,0.97227466,True
/mnt/e/Ringworm detection project/DFAN-main/evaluation_data/development_external_2026_05_02/Cat/scabies cat/7d4da371fa76__additional_data_curated__hard_validation__bd6604.jpg,Cat,Cat,scabies cat,scabies cat,scabies cat,scabies cat,0.8065490868380647,0.74229765,True
/mnt/e/Ringworm detection project/DFAN-main/evaluation_data/development_external_2026_05_02/Cat/scabies cat/7d54acbd374c__additional_data_curated__hard_validation__f35118.jpg,Cat,Cat,scabies cat,scabies cat,scabies cat,scabies cat,0.9907069246812636,0.9601423,True
/mnt/e/Ringworm detection project/DFAN-main/evaluation_data/development_external_2026_05_02/Cat/scabies cat/7fdc67200723__additional_data_curated__hard_validation__d17ab6.jpg,Cat,Cat,scabies cat,scabies cat,scabies cat,scabies cat,0.9958035925486745,0.98403335,True
/mnt/e/Ringworm detection project/DFAN-main/evaluation_data/development_external_2026_05_02/Cat/scabies cat/81bcc9a4da14__additional_data_curated__hard_validation__be26b4.jpg,Cat,Cat,scabies cat,scabies cat,scabies cat,scabies cat,0.9894010855455079,0.9543143,True
/mnt/e/Ringworm detection project/DFAN-main/evaluation_data/development_external_2026_05_02/Cat/scabies cat/830e36a67651__additional_data_curated__hard_validation__3a1823.jpg,Cat,Cat,scabies cat,scabies cat,scabies cat,scabies cat,0.9960729133822234,0.98413944,True
/mnt/e/Ringworm detection project/DFAN-main/evaluation_data/development_external_2026_05_02/Cat/scabies cat/843a96e6debf__additional_data_curated__hard_validation__de1ecb.jpg,Cat,Cat,scabies cat,scabies cat,scabies cat,scabies cat,0.9950502501671089,0.9798601,True
/mnt/e/Ringworm detection project/DFAN-main/evaluation_data/development_external_2026_05_02/Cat/scabies cat/8457facdc66c__additional_data_curated__hard_validation__a9818a.jpg,Cat,Cat,scabies cat,scabies cat,scabies cat,scabies cat,0.9956701433815424,0.9824249,True
/mnt/e/Ringworm detection project/DFAN-main/evaluation_data/development_external_2026_05_02/Cat/scabies cat/86d5269f43d7__additional_data_curated__hard_validation__c42787.jpg,Cat,Cat,scabies cat,scabies cat,scabies cat,scabies cat,0.9946081323505658,0.97783434,True
/mnt/e/Ringworm detection project/DFAN-main/evaluation_data/development_external_2026_05_02/Cat/scabies cat/87eb8b85dbe8__additional_data_curated__hard_validation__bf8431.jpg,Cat,Cat,scabies cat,scabies cat,scabies cat,scabies cat,0.9943429478345764,0.97664934,True
/mnt/e/Ringworm detection project/DFAN-main/evaluation_data/development_external_2026_05_02/Cat/scabies cat/8940dd4c2603__additional_data_curated__hard_validation__b164c7.jpg,Cat,Cat,scabies cat,scabies cat,scabies cat,scabies cat,0.9611315584802944,0.7101459,True
/mnt/e/Ringworm detection project/DFAN-main/evaluation_data/development_external_2026_05_02/Cat/scabies cat/8f4a3e3f2e8c__additional_data_curated__hard_validation__e4cf93.jpg,Cat,Cat,scabies cat,scabies cat,scabies cat,scabies cat,0.9940564003581382,0.98302,True
/mnt/e/Ringworm detection project/DFAN-main/evaluation_data/development_external_2026_05_02/Cat/scabies cat/9048687357c5__additional_data_curated__hard_validation__1c032e.jpg,Cat,Cat,scabies cat,scabies cat,scabies cat,scabies cat,0.6647670519556059,0.4403647,True
/mnt/e/Ringworm detection project/DFAN-main/evaluation_data/development_external_2026_05_02/Cat/scabies cat/92960f44e7f9__additional_data_curated__hard_validation__5e0edc.jpg,Cat,Cat,scabies cat,scabies cat,scabies cat,scabies cat,0.622065771592962,0.29124403,True
/mnt/e/Ringworm detection project/DFAN-main/evaluation_data/development_external_2026_05_02/Cat/scabies cat/92d1efc95869__additional_data_curated__hard_validation__3e257b.jpg,Cat,Cat,scabies cat,scabies cat,scabies cat,scabies cat,0.9954147535913586,0.97997516,True
/mnt/e/Ringworm detection project/DFAN-main/evaluation_data/development_external_2026_05_02/Cat/scabies cat/96187df39d18__additional_data_curated__hard_validation__74f098.jpg,Cat,Cat,scabies cat,scabies cat,scabies cat,scabies cat,0.9939434752850183,0.98085356,True
/mnt/e/Ringworm detection project/DFAN-main/evaluation_data/development_external_2026_05_02/Cat/scabies cat/98366d67e646__additional_data_curated__hard_validation__9ef744.png,Cat,Cat,scabies cat,scabies cat,scabies cat,scabies cat,0.9949770031261497,0.98550564,True
/mnt/e/Ringworm detection project/DFAN-main/evaluation_data/development_external_2026_05_02/Cat/scabies cat/9c5c4bc87ad6__additional_data_curated__hard_validation__91ea33.jpg,Cat,Cat,scabies cat,scabies cat,scabies cat,scabies cat,0.9957705312054578,0.9841493,True
/mnt/e/Ringworm detection project/DFAN-main/evaluation_data/development_external_2026_05_02/Cat/scabies cat/9d85c744d577__additional_data_curated__hard_validation__741144.jpg,Cat,Cat,scabies cat,scabies cat,scabies cat,scabies cat,0.9961116379669352,0.9851007,True
/mnt/e/Ringworm detection project/DFAN-main/evaluation_data/development_external_2026_05_02/Cat/scabies cat/9e93ea3c6328__additional_data_curated__hard_validation__9e8b3b.jpg,Cat,Cat,scabies cat,scabies cat,scabies cat,scabies cat,0.946349351708004,0.7740606,True
/mnt/e/Ringworm detection project/DFAN-main/evaluation_data/development_external_2026_05_02/Cat/scabies cat/9eb10c2d7c78__additional_data_curated__hard_validation__e0fc6f.jpg,Cat,Cat,scabies cat,scabies cat,scabies cat,scabies cat,0.801559420242929,0.70113194,True
/mnt/e/Ringworm detection project/DFAN-main/evaluation_data/development_external_2026_05_02/Cat/scabies cat/a0593ffc8820__additional_data_curated__hard_validation__adb5ab.jpg,Cat,Cat,scabies cat,scabies cat,scabies cat,scabies cat,0.989773331668469,0.9693637,True
/mnt/e/Ringworm detection project/DFAN-main/evaluation_data/development_external_2026_05_02/Cat/scabies cat/a0f4eeac5a7a__additional_data_curated__hard_validation__2a1eab.jpg,Cat,Cat,scabies cat,scabies cat,scabies cat,scabies cat,0.901939688944207,0.664488,True
/mnt/e/Ringworm detection project/DFAN-main/evaluation_data/development_external_2026_05_02/Cat/scabies cat/a15aff169d5e__additional_data_curated__hard_validation__039592.png,Cat,Cat,scabies cat,scabies cat,scabies cat,scabies cat,0.9406700762375988,0.8918306,True
/mnt/e/Ringworm detection project/DFAN-main/evaluation_data/development_external_2026_05_02/Cat/scabies cat/a622fea75604__additional_data_curated__hard_validation__729d03.jpg,Cat,Cat,scabies cat,scabies cat,scabies cat,scabies cat,0.9935148038459203,0.9792183,True
/mnt/e/Ringworm detection project/DFAN-main/evaluation_data/development_external_2026_05_02/Cat/scabies cat/a6309176fd44__additional_data_curated__hard_validation__ec3c2c.jpg,Cat,Cat,scabies cat,scabies cat,scabies cat,scabies cat,0.8475187042616689,0.61158025,True
/mnt/e/Ringworm detection project/DFAN-main/evaluation_data/development_external_2026_05_02/Cat/scabies cat/a67365ad6a6f__additional_data_curated__hard_validation__0c9ebe.png,Cat,Dog,scabies cat,scabies cat,Mange in Dog,scabies cat,0.9532653878784192,0.52140313,True
/mnt/e/Ringworm detection project/DFAN-main/evaluation_data/development_external_2026_05_02/Cat/scabies cat/a7f37f1bd464__additional_data_curated__hard_validation__2835bf.jpg,Cat,Cat,scabies cat,scabies cat,scabies cat,scabies cat,0.9811834575591136,0.94872487,True
/mnt/e/Ringworm detection project/DFAN-main/evaluation_data/development_external_2026_05_02/Cat/scabies cat/a9de4e1b7004__additional_data_curated__hard_validation__c164f5.jpg,Cat,Cat,scabies cat,scabies cat,scabies cat,scabies cat,0.99637093298236,0.9809271,True
/mnt/e/Ringworm detection project/DFAN-main/evaluation_data/development_external_2026_05_02/Cat/scabies cat/ab1ac695d5be__additional_data_curated__hard_validation__625017.png,Cat,Cattles,scabies cat,Foot and Mouth disease,Foot and Mouth disease,Ringworm in Cat,0.37833787134966285,0.61382616,False
/mnt/e/Ringworm detection project/DFAN-main/evaluation_data/development_external_2026_05_02/Cat/scabies cat/abfa328e10a0__additional_data_curated__hard_validation__b9363c.jpg,Cat,Cat,scabies cat,scabies cat,scabies cat,scabies cat,0.5087964457477524,0.44532016,True
/mnt/e/Ringworm detection project/DFAN-main/evaluation_data/development_external_2026_05_02/Cat/scabies cat/ac8176123c01__additional_data_curated__hard_validation__cdd76d.jpg,Cat,Cat,scabies cat,scabies cat,scabies cat,scabies cat,0.9940773301897635,0.97737736,True
/mnt/e/Ringworm detection project/DFAN-main/evaluation_data/development_external_2026_05_02/Cat/scabies cat/ad460bf901f2__additional_data_curated__hard_validation__42c861.png,Cat,Cat,scabies cat,scabies cat,scabies cat,scabies cat,0.9549770750069512,0.82031786,True
/mnt/e/Ringworm detection project/DFAN-main/evaluation_data/development_external_2026_05_02/Cat/scabies cat/aea9821675b3__additional_data_curated__hard_validation__c75b01.jpg,Cat,Cat,scabies cat,scabies cat,scabies cat,scabies cat,0.9956976371055051,0.9870524,True
/mnt/e/Ringworm detection project/DFAN-main/evaluation_data/development_external_2026_05_02/Cat/scabies cat/b217eb5bae08__additional_data_curated__hard_validation__8252e4.jpg,Cat,Cat,scabies cat,scabies cat,scabies cat,scabies cat,0.9932442235638494,0.9797657,True
/mnt/e/Ringworm detection project/DFAN-main/evaluation_data/development_external_2026_05_02/Cat/scabies cat/b31ace994709__additional_data_curated__hard_validation__20eba9.jpg,Cat,Cat,scabies cat,scabies cat,scabies cat,scabies cat,0.9558255145914379,0.9350299,True
/mnt/e/Ringworm detection project/DFAN-main/evaluation_data/development_external_2026_05_02/Cat/scabies cat/b32dbc7b7e73__additional_data_curated__hard_validation__b255d2.png,Cat,Cat,scabies cat,scabies cat,scabies cat,scabies cat,0.9955709565081732,0.9841101,True
/mnt/e/Ringworm detection project/DFAN-main/evaluation_data/development_external_2026_05_02/Cat/scabies cat/b4028a1fcd87__additional_data_curated__hard_validation__147773.jpg,Cat,Cat,scabies cat,scabies cat,scabies cat,scabies cat,0.9937940487136285,0.97713256,True
/mnt/e/Ringworm detection project/DFAN-main/evaluation_data/development_external_2026_05_02/Cat/scabies cat/b59c2e1e2802__additional_data_curated__hard_validation__529310.jpg,Cat,Cat,scabies cat,scabies cat,scabies cat,scabies cat,0.981471772951099,0.92092943,True
/mnt/e/Ringworm detection project/DFAN-main/evaluation_data/development_external_2026_05_02/Cat/scabies cat/b875a365890b__additional_data_curated__hard_validation__8b4e9c.jpg,Cat,Cat,scabies cat,scabies cat,scabies cat,scabies cat,0.9961155817946349,0.9875145,True
/mnt/e/Ringworm detection project/DFAN-main/evaluation_data/development_external_2026_05_02/Cat/scabies cat/b9e942ba303e__additional_data_curated__hard_validation__4e8d64.jpg,Cat,Cat,scabies cat,Skin Allergy in Cat,Skin Allergy in Cat,Skin Allergy in Cat,0.5690912551536671,0.36994836,False
/mnt/e/Ringworm detection project/DFAN-main/evaluation_data/development_external_2026_05_02/Cat/scabies cat/c053ba208100__additional_data_curated__hard_validation__c6ee82.jpg,Cat,Cat,scabies cat,scabies cat,scabies cat,scabies cat,0.9807115978587445,0.8581692,True
/mnt/e/Ringworm detection project/DFAN-main/evaluation_data/development_external_2026_05_02/Cat/scabies cat/c2355c11289f__additional_data_curated__hard_validation__0ac1af.jpg,Cat,Cat,scabies cat,scabies cat,scabies cat,scabies cat,0.9937977702941394,0.98052955,True
/mnt/e/Ringworm detection project/DFAN-main/evaluation_data/development_external_2026_05_02/Cat/scabies cat/c286054befb2__additional_data_curated__hard_validation__dbbe2b.jpg,Cat,Cat,scabies cat,scabies cat,scabies cat,scabies cat,0.9963772935177058,0.9810394,True
/mnt/e/Ringworm detection project/DFAN-main/evaluation_data/development_external_2026_05_02/Cat/scabies cat/c30c8a06aedb__additional_data_curated__hard_validation__08eefb.jpg,Cat,Cat,scabies cat,scabies cat,scabies cat,scabies cat,0.9938080259851735,0.97654015,True
/mnt/e/Ringworm detection project/DFAN-main/evaluation_data/development_external_2026_05_02/Cat/scabies cat/c39f16dad2c7__additional_data_curated__hard_validation__404ee1.jpg,Cat,Cat,scabies cat,scabies cat,scabies cat,scabies cat,0.7451395281148069,0.57265455,True
/mnt/e/Ringworm detection project/DFAN-main/evaluation_data/development_external_2026_05_02/Cat/scabies cat/c5d14a15fe22__additional_data_curated__hard_validation__8e4277.png,Cat,Dog,scabies cat,Mange in Dog,Mange in Dog,scabies cat,0.9357376748749769,0.76799023,True
/mnt/e/Ringworm detection project/DFAN-main/evaluation_data/development_external_2026_05_02/Cat/scabies cat/c5eaa916e5c5__additional_data_curated__hard_validation__6c6686.jpg,Cat,Dog,scabies cat,Fungal Infection in Dog,Fungal Infection in Dog,scabies cat,0.3941054135706626,0.3461278,True
/mnt/e/Ringworm detection project/DFAN-main/evaluation_data/development_external_2026_05_02/Cat/scabies cat/c6b1ec456e3f__additional_data_curated__hard_validation__5213d9.jpg,Cat,Cat,scabies cat,scabies cat,scabies cat,scabies cat,0.9948749379387524,0.97883123,True
/mnt/e/Ringworm detection project/DFAN-main/evaluation_data/development_external_2026_05_02/Cat/scabies cat/c78f7b287f87__additional_data_curated__hard_validation__cd63ef.jpg,Cat,Cat,scabies cat,scabies cat,scabies cat,scabies cat,0.9201574234749014,0.56421554,True
/mnt/e/Ringworm detection project/DFAN-main/evaluation_data/development_external_2026_05_02/Cat/scabies cat/c909e5ebd04b__additional_data_curated__hard_validation__f60d03.png,Cat,Cat,scabies cat,scabies cat,scabies cat,scabies cat,0.9936776079423564,0.97973186,True
/mnt/e/Ringworm detection project/DFAN-main/evaluation_data/development_external_2026_05_02/Cat/scabies cat/c94bc52c6ce0__additional_data_curated__hard_validation__21ba78.jpg,Cat,Cat,scabies cat,scabies cat,scabies cat,scabies cat,0.9868038351192078,0.9549281,True
/mnt/e/Ringworm detection project/DFAN-main/evaluation_data/development_external_2026_05_02/Cat/scabies cat/cbb8e04cc00a__additional_data_curated__hard_validation__d7cd44.jpg,Cat,Cat,scabies cat,scabies cat,scabies cat,scabies cat,0.9880369209055613,0.9514749,True
/mnt/e/Ringworm detection project/DFAN-main/evaluation_data/development_external_2026_05_02/Cat/scabies cat/ce8bc2949f7e__additional_data_curated__hard_validation__cfb98b.jpg,Cat,Cat,scabies cat,scabies cat,scabies cat,scabies cat,0.5641813976211358,0.32492593,True
/mnt/e/Ringworm detection project/DFAN-main/evaluation_data/development_external_2026_05_02/Cat/scabies cat/cf2b67fadcdf__additional_data_curated__hard_validation__66db27.jpg,Cat,Cat,scabies cat,scabies cat,scabies cat,scabies cat,0.9938094437451999,0.9780215,True
/mnt/e/Ringworm detection project/DFAN-main/evaluation_data/development_external_2026_05_02/Cat/scabies cat/cf8fa6eb7218__additional_data_curated__hard_validation__68f5b7.jpg,Cat,Cat,scabies cat,scabies cat,scabies cat,scabies cat,0.7166501644743648,0.53137416,True
/mnt/e/Ringworm detection project/DFAN-main/evaluation_data/development_external_2026_05_02/Cat/scabies cat/d0ae93875ca1__additional_data_curated__hard_validation__a3e6b7.jpg,Cat,Cat,scabies cat,scabies cat,scabies cat,scabies cat,0.9949616872450098,0.9793657,True
/mnt/e/Ringworm detection project/DFAN-main/evaluation_data/development_external_2026_05_02/Cat/scabies cat/d2efcaf4db6f__additional_data_curated__hard_validation__a8a8e9.jpg,Cat,Cat,scabies cat,scabies cat,scabies cat,scabies cat,0.9306125716992569,0.8882468,True
/mnt/e/Ringworm detection project/DFAN-main/evaluation_data/development_external_2026_05_02/Cat/scabies cat/d434af47a5da__additional_data_curated__hard_validation__f545e6.jpg,Cat,Cat,scabies cat,Eye Infection in Cat,Eye Infection in Cat,Eye Infection in Cat,0.5523127566316645,0.39109144,False
/mnt/e/Ringworm detection project/DFAN-main/evaluation_data/development_external_2026_05_02/Cat/scabies cat/d504de57717e__additional_data_curated__hard_validation__6b49f3.jpg,Cat,Cat,scabies cat,scabies cat,scabies cat,scabies cat,0.9918961071777975,0.9746893,True
/mnt/e/Ringworm detection project/DFAN-main/evaluation_data/development_external_2026_05_02/Cat/scabies cat/d56e2537fd7c__additional_data_curated__hard_validation__6260b2.jpg,Cat,Cat,scabies cat,scabies cat,scabies cat,scabies cat,0.9946256098320225,0.9807395,True
/mnt/e/Ringworm detection project/DFAN-main/evaluation_data/development_external_2026_05_02/Cat/scabies cat/d7aa25e0de9e__additional_data_curated__hard_validation__dc3797.png,Cat,Cat,scabies cat,scabies cat,scabies cat,scabies cat,0.9851947020617277,0.9691667,True
/mnt/e/Ringworm detection project/DFAN-main/evaluation_data/development_external_2026_05_02/Cat/scabies cat/dc802ef5e144__additional_data_curated__hard_validation__24aa83.jpg,Cat,Cat,scabies cat,scabies cat,scabies cat,scabies cat,0.9958927526437504,0.9841993,True
/mnt/e/Ringworm detection project/DFAN-main/evaluation_data/development_external_2026_05_02/Cat/scabies cat/dd100c734dc2__additional_data_curated__hard_validation__d84a21.jpg,Cat,Cat,scabies cat,scabies cat,scabies cat,scabies cat,0.9936855223267351,0.97369754,True
/mnt/e/Ringworm detection project/DFAN-main/evaluation_data/development_external_2026_05_02/Cat/scabies cat/dd96dda37fef__additional_data_curated__hard_validation__da3b03.jpg,Cat,Cat,scabies cat,scabies cat,scabies cat,scabies cat,0.9884194548506445,0.9618603,True
/mnt/e/Ringworm detection project/DFAN-main/evaluation_data/development_external_2026_05_02/Cat/scabies cat/de0b398e5680__additional_data_curated__hard_validation__dfd086.jpg,Cat,Cat,scabies cat,scabies cat,scabies cat,scabies cat,0.9935041595768055,0.9785056,True
/mnt/e/Ringworm detection project/DFAN-main/evaluation_data/development_external_2026_05_02/Cat/scabies cat/e2d5228f14c0__additional_data_curated__hard_validation__2146df.png,Cat,Cat,scabies cat,scabies cat,scabies cat,scabies cat,0.9824176939071071,0.8869188,True
/mnt/e/Ringworm detection project/DFAN-main/evaluation_data/development_external_2026_05_02/Cat/scabies cat/e3ec213c9d43__additional_data_curated__hard_validation__ecd640.jpg,Cat,Cat,scabies cat,scabies cat,scabies cat,scabies cat,0.997002149779278,0.98503566,True
/mnt/e/Ringworm detection project/DFAN-main/evaluation_data/development_external_2026_05_02/Cat/scabies cat/e3fb8c770b2e__additional_data_curated__hard_validation__f19efb.jpg,Cat,Cat,scabies cat,scabies cat,scabies cat,scabies cat,0.9960487814329506,0.9841414,True
/mnt/e/Ringworm detection project/DFAN-main/evaluation_data/development_external_2026_05_02/Cat/scabies cat/e658be888844__additional_data_curated__hard_validation__7560f5.jpg,Cat,Cat,scabies cat,scabies cat,scabies cat,scabies cat,0.6782622304161872,0.5350705,True
/mnt/e/Ringworm detection project/DFAN-main/evaluation_data/development_external_2026_05_02/Cat/scabies cat/e68da99d9b53__additional_data_curated__hard_validation__c3c74f.jpg,Cat,Cat,scabies cat,scabies cat,scabies cat,scabies cat,0.995734108923307,0.9834078,True
/mnt/e/Ringworm detection project/DFAN-main/evaluation_data/development_external_2026_05_02/Cat/scabies cat/e6ffe5e2f191__additional_data_curated__hard_validation__1b23a6.jpg,Cat,Cat,scabies cat,scabies cat,scabies cat,scabies cat,0.9898781174520602,0.96974576,True
/mnt/e/Ringworm detection project/DFAN-main/evaluation_data/development_external_2026_05_02/Cat/scabies cat/e71899779506__additional_data_curated__hard_validation__51ff96.jpg,Cat,Cat,scabies cat,scabies cat,scabies cat,scabies cat,0.9052833731611678,0.78619933,True
/mnt/e/Ringworm detection project/DFAN-main/evaluation_data/development_external_2026_05_02/Cat/scabies cat/e7948ec67810__additional_data_curated__hard_validation__1354cd.jpg,Cat,Cat,scabies cat,scabies cat,scabies cat,scabies cat,0.8770245474641513,0.8372233,True
/mnt/e/Ringworm detection project/DFAN-main/evaluation_data/development_external_2026_05_02/Cat/scabies cat/e9760a510a7e__additional_data_curated__hard_validation__3dd06c.jpg,Cat,Cat,scabies cat,scabies cat,scabies cat,scabies cat,0.45871673532951424,0.21525232,True
/mnt/e/Ringworm detection project/DFAN-main/evaluation_data/development_external_2026_05_02/Cat/scabies cat/ebe12393b5dc__additional_data_curated__hard_validation__95d588.jpg,Cat,Cat,scabies cat,scabies cat,scabies cat,scabies cat,0.9923583450909426,0.96274513,True
/mnt/e/Ringworm detection project/DFAN-main/evaluation_data/development_external_2026_05_02/Cat/scabies cat/ed2c6439b4cc__additional_data_curated__hard_validation__cc0f3a.jpg,Cat,Cat,scabies cat,scabies cat,scabies cat,scabies cat,0.9598380921282205,0.9153592,True
/mnt/e/Ringworm detection project/DFAN-main/evaluation_data/development_external_2026_05_02/Cat/scabies cat/eea47c516e95__additional_data_curated__hard_validation__1d0697.jpg,Cat,Cat,scabies cat,scabies cat,scabies cat,scabies cat,0.989332828405509,0.94093376,True
/mnt/e/Ringworm detection project/DFAN-main/evaluation_data/development_external_2026_05_02/Cat/scabies cat/f3062de7a571__additional_data_curated__hard_validation__584fdb.jpg,Cat,Cat,scabies cat,Cat_normal,Cat_normal,Cat_normal,0.939691489066194,0.8623308,False
/mnt/e/Ringworm detection project/DFAN-main/evaluation_data/development_external_2026_05_02/Cat/scabies cat/f43205a3e9dc__additional_data_curated__hard_validation__cdddb7.png,Cat,Cat,scabies cat,Skin Allergy in Cat,Skin Allergy in Cat,Skin Allergy in Cat,0.9906756334447582,0.97620165,False
/mnt/e/Ringworm detection project/DFAN-main/evaluation_data/development_external_2026_05_02/Cat/scabies cat/f458253b3142__additional_data_curated__hard_validation__59785c.jpg,Cat,Cat,scabies cat,scabies cat,scabies cat,scabies cat,0.9970099969568453,0.98799276,True
/mnt/e/Ringworm detection project/DFAN-main/evaluation_data/development_external_2026_05_02/Cat/scabies cat/f5441e150d9f__additional_data_curated__hard_validation__9a6f91.jpg,Cat,Cat,scabies cat,scabies cat,scabies cat,scabies cat,0.9939216700723288,0.97301733,True
/mnt/e/Ringworm detection project/DFAN-main/evaluation_data/development_external_2026_05_02/Cat/scabies cat/f8b052a51909__additional_data_curated__hard_validation__24e052.jpg,Cat,Cat,scabies cat,scabies cat,scabies cat,scabies cat,0.9956377821082371,0.97813386,True
/mnt/e/Ringworm detection project/DFAN-main/evaluation_data/development_external_2026_05_02/Cat/scabies cat/f8fa6ad5a1ad__additional_data_curated__hard_validation__cd5a1f.jpg,Cat,Cat,scabies cat,scabies cat,scabies cat,scabies cat,0.9945914853682546,0.9808888,True
/mnt/e/Ringworm detection project/DFAN-main/evaluation_data/development_external_2026_05_02/Cat/scabies cat/fa55f9cb0b04__additional_data_curated__hard_validation__bfc3cc.jpg,Cat,Cat,scabies cat,scabies cat,scabies cat,scabies cat,0.9807088417405957,0.95554304,True
/mnt/e/Ringworm detection project/DFAN-main/evaluation_data/development_external_2026_05_02/Cat/scabies cat/fc3873b00f53__additional_data_curated__hard_validation__ce9890.png,Cat,Cat,scabies cat,scabies cat,scabies cat,scabies cat,0.9797016850715793,0.94037735,True
/mnt/e/Ringworm detection project/DFAN-main/evaluation_data/development_external_2026_05_02/Cat/scabies cat/fd93e38b4f42__additional_data_curated__hard_validation__e849ac.jpg,Cat,Cat,scabies cat,scabies cat,scabies cat,scabies cat,0.9964170330085724,0.98772883,True
/mnt/e/Ringworm detection project/DFAN-main/evaluation_data/development_external_2026_05_02/Cattles/Lumpy Skin/0002860af23a__additional_data_curated__hard_validation__af4cbd.jpg,Cattles,Cattles,Lumpy Skin,Lumpy Skin,Lumpy Skin,Lumpy Skin,0.9957437701022471,0.97861594,True
/mnt/e/Ringworm detection project/DFAN-main/evaluation_data/development_external_2026_05_02/Cattles/Lumpy Skin/00b496e963e1__additional_data_curated__hard_validation__d023e7.jpg,Cattles,Cattles,Lumpy Skin,Normal Skin,Normal Skin,Normal Skin,0.9898903953395315,0.9799947,False
/mnt/e/Ringworm detection project/DFAN-main/evaluation_data/development_external_2026_05_02/Cattles/Lumpy Skin/00da9147cad5__additional_data_curated__hard_validation__be4cc5.jpg,Cattles,Cattles,Lumpy Skin,Normal Skin,Normal Skin,Normal Skin,0.9447496774126496,0.9149838,False
/mnt/e/Ringworm detection project/DFAN-main/evaluation_data/development_external_2026_05_02/Cattles/Lumpy Skin/04bf1a013935__additional_data_curated__hard_validation__32f0a3.jpg,Cattles,Cattles,Lumpy Skin,Lumpy Skin,Lumpy Skin,Lumpy Skin,0.9938163066908082,0.98399127,True
/mnt/e/Ringworm detection project/DFAN-main/evaluation_data/development_external_2026_05_02/Cattles/Lumpy Skin/063954e9ff6d__additional_data_curated__hard_validation__93be9a.jpg,Cattles,Cattles,Lumpy Skin,Lumpy Skin,Lumpy Skin,Lumpy Skin,0.5478265784024707,0.53299016,True
/mnt/e/Ringworm detection project/DFAN-main/evaluation_data/development_external_2026_05_02/Cattles/Lumpy Skin/069c1ad1e4a5__additional_data_curated__hard_validation__1ef459.jpg,Cattles,Cattles,Lumpy Skin,Lumpy Skin,Lumpy Skin,Lumpy Skin,0.9515125235768903,0.9328969,True
/mnt/e/Ringworm detection project/DFAN-main/evaluation_data/development_external_2026_05_02/Cattles/Lumpy Skin/07c0f68e765c__additional_data_curated__hard_validation__9d79ce.jpg,Cattles,Cattles,Lumpy Skin,Normal Skin,Normal Skin,Normal Skin,0.7813234692427331,0.72583693,False
/mnt/e/Ringworm detection project/DFAN-main/evaluation_data/development_external_2026_05_02/Cattles/Lumpy Skin/081b0ef026f8__additional_data_curated__external_validation__76.png,Cattles,Cattles,Lumpy Skin,Lumpy Skin,Lumpy Skin,Lumpy Skin,0.9715576785669826,0.956824,True
/mnt/e/Ringworm detection project/DFAN-main/evaluation_data/development_external_2026_05_02/Cattles/Lumpy Skin/08ecb2a5624c__additional_data_curated__hard_validation__92598c.jpg,Cattles,Cattles,Lumpy Skin,Normal Skin,Normal Skin,Normal Skin,0.9953332116654933,0.9853441,False
/mnt/e/Ringworm detection project/DFAN-main/evaluation_data/development_external_2026_05_02/Cattles/Lumpy Skin/0a99f7227c8f__additional_data_curated__external_validation__1a.png,Cattles,Cattles,Lumpy Skin,Lumpy Skin,Lumpy Skin,Lumpy Skin,0.9955980422176043,0.98568326,True
/mnt/e/Ringworm detection project/DFAN-main/evaluation_data/development_external_2026_05_02/Cattles/Lumpy Skin/0ae4ea88a1ef__additional_data_curated__external_validation__f3.png,Cattles,Cattles,Lumpy Skin,Lumpy Skin,Lumpy Skin,Lumpy Skin,0.9951209616940485,0.9749683,True
/mnt/e/Ringworm detection project/DFAN-main/evaluation_data/development_external_2026_05_02/Cattles/Lumpy Skin/0d6199775195__additional_data_curated__hard_validation__4022db.jpg,Cattles,Cattles,Lumpy Skin,Lumpy Skin,Lumpy Skin,Lumpy Skin,0.9950460798196227,0.978735,True
/mnt/e/Ringworm detection project/DFAN-main/evaluation_data/development_external_2026_05_02/Cattles/Lumpy Skin/0da80b21113d__additional_data_curated__hard_validation__b172c4.jpg,Cattles,Cattles,Lumpy Skin,Lumpy Skin,Lumpy Skin,Lumpy Skin,0.9942323161983253,0.98514557,True
/mnt/e/Ringworm detection project/DFAN-main/evaluation_data/development_external_2026_05_02/Cattles/Lumpy Skin/0f6258c46719__additional_data_curated__hard_validation__479bda.jpg,Cattles,Cattles,Lumpy Skin,Lumpy Skin,Lumpy Skin,Lumpy Skin,0.8709279909615789,0.82128125,True
/mnt/e/Ringworm detection project/DFAN-main/evaluation_data/development_external_2026_05_02/Cattles/Lumpy Skin/0fb549cb1bb0__additional_data_curated__hard_validation__0b4fe3.jpg,Cattles,Cattles,Lumpy Skin,Lumpy Skin,Lumpy Skin,Lumpy Skin,0.9887397140891077,0.97795576,True
/mnt/e/Ringworm detection project/DFAN-main/evaluation_data/development_external_2026_05_02/Cattles/Lumpy Skin/121a62933f95__additional_data_curated__hard_validation__71ba37.jpg,Cattles,Cattles,Lumpy Skin,Normal Skin,Normal Skin,Normal Skin,0.9543333650586014,0.9296436,False
/mnt/e/Ringworm detection project/DFAN-main/evaluation_data/development_external_2026_05_02/Cattles/Lumpy Skin/13e2c6010dd8__additional_data_curated__hard_validation__0e821b.jpg,Cattles,Cattles,Lumpy Skin,Normal Skin,Normal Skin,Normal Skin,0.9950239035004153,0.9820357,False
/mnt/e/Ringworm detection project/DFAN-main/evaluation_data/development_external_2026_05_02/Cattles/Lumpy Skin/1459b575047d__additional_data_curated__hard_validation__f9dfd2.jpg,Cattles,Cattles,Lumpy Skin,Lumpy Skin,Lumpy Skin,Lumpy Skin,0.9943586787417914,0.9794663,True
/mnt/e/Ringworm detection project/DFAN-main/evaluation_data/development_external_2026_05_02/Cattles/Lumpy Skin/175fce5ad6d6__additional_data_curated__hard_validation__ad29fa.jpg,Cattles,Dog,Lumpy Skin,Tick Infestation in Dog,Tick Infestation in Dog,Normal Skin,0.2754872708269129,0.8748435,False
/mnt/e/Ringworm detection project/DFAN-main/evaluation_data/development_external_2026_05_02/Cattles/Lumpy Skin/1760ac35a470__additional_data_curated__hard_validation__e9ae3e.jpg,Cattles,Cattles,Lumpy Skin,Normal Skin,Normal Skin,Normal Skin,0.915911203679931,0.8302559,False
/mnt/e/Ringworm detection project/DFAN-main/evaluation_data/development_external_2026_05_02/Cattles/Lumpy Skin/18558989f688__additional_data_curated__external_validation__24.png,Cattles,Cattles,Lumpy Skin,Normal Skin,Normal Skin,Normal Skin,0.9952484389262509,0.98550063,False
/mnt/e/Ringworm detection project/DFAN-main/evaluation_data/development_external_2026_05_02/Cattles/Lumpy Skin/18b63104196b__additional_data_curated__hard_validation__f5eecf.jpg,Cattles,Cattles,Lumpy Skin,Lumpy Skin,Lumpy Skin,Lumpy Skin,0.9945174163316125,0.9790623,True
/mnt/e/Ringworm detection project/DFAN-main/evaluation_data/development_external_2026_05_02/Cattles/Lumpy Skin/19acda75128b__additional_data_curated__hard_validation__b2568f.jpg,Cattles,Dog,Lumpy Skin,Skin Allergy in Dog,Skin Allergy in Dog,Normal Skin,0.4791572550040088,0.3439509,False
/mnt/e/Ringworm detection project/DFAN-main/evaluation_data/development_external_2026_05_02/Cattles/Lumpy Skin/1b263df4db83__additional_data_curated__external_validation__37.png,Cattles,Cattles,Lumpy Skin,Lumpy Skin,Lumpy Skin,Lumpy Skin,0.9931133822289747,0.98207885,True
/mnt/e/Ringworm detection project/DFAN-main/evaluation_data/development_external_2026_05_02/Cattles/Lumpy Skin/1bf0860d2ae3__additional_data_curated__hard_validation__b160f9.jpg,Cattles,Cattles,Lumpy Skin,Normal Skin,Normal Skin,Normal Skin,0.9904399675958863,0.97646344,False
/mnt/e/Ringworm detection project/DFAN-main/evaluation_data/development_external_2026_05_02/Cattles/Lumpy Skin/1c3b6c498ec0__additional_data_curated__hard_validation__23e6ac.jpg,Cattles,Cattles,Lumpy Skin,Lumpy Skin,Lumpy Skin,Lumpy Skin,0.9945816058078598,0.9815531,True
/mnt/e/Ringworm detection project/DFAN-main/evaluation_data/development_external_2026_05_02/Cattles/Lumpy Skin/1e6b77c387f4__additional_data_curated__hard_validation__3649ec.jpg,Cattles,Cattles,Lumpy Skin,Lumpy Skin,Lumpy Skin,Lumpy Skin,0.9938485979596685,0.9745427,True
/mnt/e/Ringworm detection project/DFAN-main/evaluation_data/development_external_2026_05_02/Cattles/Lumpy Skin/208dc4aa93f6__additional_data_curated__hard_validation__f26961.jpg,Cattles,Cattles,Lumpy Skin,Normal Skin,Normal Skin,Normal Skin,0.9880856720429293,0.97614026,False
/mnt/e/Ringworm detection project/DFAN-main/evaluation_data/development_external_2026_05_02/Cattles/Lumpy Skin/20b683bd87cd__additional_data_curated__hard_validation__f8845c.jpg,Cattles,Cattles,Lumpy Skin,Normal Skin,Normal Skin,Normal Skin,0.9920477615940593,0.9777139,False
/mnt/e/Ringworm detection project/DFAN-main/evaluation_data/development_external_2026_05_02/Cattles/Lumpy Skin/2303f6da5a65__additional_data_curated__hard_validation__6c22ef.jpg,Cattles,Cattles,Lumpy Skin,Lumpy Skin,Lumpy Skin,Lumpy Skin,0.9940534125586895,0.9862462,True
/mnt/e/Ringworm detection project/DFAN-main/evaluation_data/development_external_2026_05_02/Cattles/Lumpy Skin/24369d3dee03__additional_data_curated__hard_validation__8a9c94.jpg,Cattles,Cattles,Lumpy Skin,Lumpy Skin,Lumpy Skin,Lumpy Skin,0.782355561528326,0.76115173,True
/mnt/e/Ringworm detection project/DFAN-main/evaluation_data/development_external_2026_05_02/Cattles/Lumpy Skin/256ac2e82aae__additional_data_curated__hard_validation__7b13d2.jpg,Cattles,Cattles,Lumpy Skin,Lumpy Skin,Lumpy Skin,Lumpy Skin,0.6206428410094487,0.5956449,True
/mnt/e/Ringworm detection project/DFAN-main/evaluation_data/development_external_2026_05_02/Cattles/Lumpy Skin/282ebf913c92__additional_data_curated__hard_validation__de33a2.jpg,Cattles,Cattles,Lumpy Skin,Normal Skin,Normal Skin,Normal Skin,0.993972629869541,0.97943467,False
/mnt/e/Ringworm detection project/DFAN-main/evaluation_data/development_external_2026_05_02/Cattles/Lumpy Skin/293cbdcaf619__additional_data_curated__hard_validation__51e71b.jpg,Cattles,Cattles,Lumpy Skin,Lumpy Skin,Lumpy Skin,Lumpy Skin,0.9704995277155968,0.9555121,True
/mnt/e/Ringworm detection project/DFAN-main/evaluation_data/development_external_2026_05_02/Cattles/Lumpy Skin/29edceac643b__additional_data_curated__hard_validation__93eddb.jpg,Cattles,Dog,Lumpy Skin,Normal Skin,Dog_normal,Normal Skin,0.9196622267654015,0.38087907,False
/mnt/e/Ringworm detection project/DFAN-main/evaluation_data/development_external_2026_05_02/Cattles/Lumpy Skin/29f5c43deb74__additional_data_curated__external_validation__d8.png,Cattles,Cattles,Lumpy Skin,Lumpy Skin,Lumpy Skin,Lumpy Skin,0.9933452933041895,0.975843,True
/mnt/e/Ringworm detection project/DFAN-main/evaluation_data/development_external_2026_05_02/Cattles/Lumpy Skin/2a6e5fd3f168__additional_data_curated__external_validation__50.png,Cattles,Cattles,Lumpy Skin,Lumpy Skin,Lumpy Skin,Lumpy Skin,0.9946372879800598,0.9789699,True
/mnt/e/Ringworm detection project/DFAN-main/evaluation_data/development_external_2026_05_02/Cattles/Lumpy Skin/2ae2b7cf4dd2__additional_data_curated__hard_validation__9ad03d.jpg,Cattles,Cattles,Lumpy Skin,Normal Skin,Normal Skin,Normal Skin,0.5368050974517702,0.51352954,False
/mnt/e/Ringworm detection project/DFAN-main/evaluation_data/development_external_2026_05_02/Cattles/Lumpy Skin/2b6f076afdb7__additional_data_curated__hard_validation__70d5dd.jpg,Cattles,Cattles,Lumpy Skin,Normal Skin,Normal Skin,Normal Skin,0.9953632971834249,0.9841293,False
/mnt/e/Ringworm detection project/DFAN-main/evaluation_data/development_external_2026_05_02/Cattles/Lumpy Skin/2c2934765d64__additional_data_curated__hard_validation__3c59c3.jpg,Cattles,Cattles,Lumpy Skin,Lumpy Skin,Lumpy Skin,Lumpy Skin,0.9813157089890258,0.96488315,True
/mnt/e/Ringworm detection project/DFAN-main/evaluation_data/development_external_2026_05_02/Cattles/Lumpy Skin/2d16533db372__additional_data_curated__hard_validation__b3dfb4.jpg,Cattles,Cattles,Lumpy Skin,Normal Skin,Normal Skin,Normal Skin,0.9591678699629433,0.92830175,False
/mnt/e/Ringworm detection project/DFAN-main/evaluation_data/development_external_2026_05_02/Cattles/Lumpy Skin/2e4d55a59421__additional_data_curated__hard_validation__b921c2.jpg,Cattles,Cattles,Lumpy Skin,Normal Skin,Normal Skin,Normal Skin,0.9846817093751998,0.96530503,False
/mnt/e/Ringworm detection project/DFAN-main/evaluation_data/development_external_2026_05_02/Cattles/Lumpy Skin/2f8dd79c63a9__additional_data_curated__hard_validation__0d3eca.jpg,Cattles,Cattles,Lumpy Skin,Normal Skin,Normal Skin,Normal Skin,0.9905824014583315,0.98150325,False
/mnt/e/Ringworm detection project/DFAN-main/evaluation_data/development_external_2026_05_02/Cattles/Lumpy Skin/3033d8dc7a48__additional_data_curated__hard_validation__ca07ec.jpg,Cattles,Cattles,Lumpy Skin,Normal Skin,Normal Skin,Normal Skin,0.5968861417872146,0.5758806,False
/mnt/e/Ringworm detection project/DFAN-main/evaluation_data/development_external_2026_05_02/Cattles/Lumpy Skin/318180b47fa0__additional_data_curated__hard_validation__94fa21.jpg,Cattles,Cattles,Lumpy Skin,Normal Skin,Normal Skin,Normal Skin,0.9896489216111681,0.97808355,False
/mnt/e/Ringworm detection project/DFAN-main/evaluation_data/development_external_2026_05_02/Cattles/Lumpy Skin/32cce48e3743__additional_data_curated__hard_validation__3b57b0.jpg,Cattles,Cattles,Lumpy Skin,Lumpy Skin,Lumpy Skin,Lumpy Skin,0.9943307262385123,0.98079747,True
/mnt/e/Ringworm detection project/DFAN-main/evaluation_data/development_external_2026_05_02/Cattles/Lumpy Skin/338858fa5492__additional_data_curated__external_validation__c7.png,Cattles,Cattles,Lumpy Skin,Lumpy Skin,Lumpy Skin,Lumpy Skin,0.98747593792008,0.973342,True
/mnt/e/Ringworm detection project/DFAN-main/evaluation_data/development_external_2026_05_02/Cattles/Lumpy Skin/33a7df71e11e__additional_data_curated__hard_validation__5cfce4.jpg,Cattles,Cattles,Lumpy Skin,Lumpy Skin,Lumpy Skin,Lumpy Skin,0.9945014884661528,0.9809756,True
/mnt/e/Ringworm detection project/DFAN-main/evaluation_data/development_external_2026_05_02/Cattles/Lumpy Skin/355689add455__additional_data_curated__hard_validation__02ae19.jpg,Cattles,Cattles,Lumpy Skin,Lumpy Skin,Lumpy Skin,Lumpy Skin,0.9760344881610896,0.96140957,True
/mnt/e/Ringworm detection project/DFAN-main/evaluation_data/development_external_2026_05_02/Cattles/Lumpy Skin/35a283086177__additional_data_curated__external_validation__b5.png,Cattles,Cattles,Lumpy Skin,Lumpy Skin,Lumpy Skin,Lumpy Skin,0.9906852625122108,0.9788961,True
/mnt/e/Ringworm detection project/DFAN-main/evaluation_data/development_external_2026_05_02/Cattles/Lumpy Skin/37011b9c6351__additional_data_curated__hard_validation__6d633a.jpg,Cattles,Cattles,Lumpy Skin,Lumpy Skin,Lumpy Skin,Lumpy Skin,0.9928312818893217,0.98306495,True
/mnt/e/Ringworm detection project/DFAN-main/evaluation_data/development_external_2026_05_02/Cattles/Lumpy Skin/3850cc48a96f__additional_data_curated__hard_validation__e74417.jpg,Cattles,Cattles,Lumpy Skin,Lumpy Skin,Lumpy Skin,Lumpy Skin,0.8104411127036919,0.7845379,True
/mnt/e/Ringworm detection project/DFAN-main/evaluation_data/development_external_2026_05_02/Cattles/Lumpy Skin/3951e88f9341__additional_data_curated__hard_validation__e851be.jpg,Cattles,Cattles,Lumpy Skin,Lumpy Skin,Lumpy Skin,Lumpy Skin,0.9949375302504722,0.9838991,True
/mnt/e/Ringworm detection project/DFAN-main/evaluation_data/development_external_2026_05_02/Cattles/Lumpy Skin/39a5f34f933a__additional_data_curated__hard_validation__b3413b.jpg,Cattles,Dog,Lumpy Skin,Dog_normal,Dog_normal,Lumpy Skin,0.38954192063406545,0.87952447,True
/mnt/e/Ringworm detection project/DFAN-main/evaluation_data/development_external_2026_05_02/Cattles/Lumpy Skin/39e0d60d82a1__additional_data_curated__external_validation__a8.png,Cattles,Cattles,Lumpy Skin,Lumpy Skin,Lumpy Skin,Lumpy Skin,0.9847373621910008,0.97307795,True
/mnt/e/Ringworm detection project/DFAN-main/evaluation_data/development_external_2026_05_02/Cattles/Lumpy Skin/3a03245bd3c7__additional_data_curated__hard_validation__ebe81d.jpg,Cattles,Cattles,Lumpy Skin,Lumpy Skin,Lumpy Skin,Lumpy Skin,0.9861983376273494,0.97061354,True
/mnt/e/Ringworm detection project/DFAN-main/evaluation_data/development_external_2026_05_02/Cattles/Lumpy Skin/3b03cbc4a83d__additional_data_curated__hard_validation__70ab0f.jpg,Cattles,Cattles,Lumpy Skin,Normal Skin,Normal Skin,Normal Skin,0.9255490540346881,0.9061477,False
/mnt/e/Ringworm detection project/DFAN-main/evaluation_data/development_external_2026_05_02/Cattles/Lumpy Skin/3badee281c35__additional_data_curated__hard_validation__e905bb.jpg,Cattles,Cattles,Lumpy Skin,Normal Skin,Normal Skin,Normal Skin,0.9792776433832329,0.96317613,False
/mnt/e/Ringworm detection project/DFAN-main/evaluation_data/development_external_2026_05_02/Cattles/Lumpy Skin/3be2962785d2__additional_data_curated__hard_validation__85247f.jpg,Cattles,Cattles,Lumpy Skin,Normal Skin,Normal Skin,Normal Skin,0.9886111847359423,0.9766549,False
/mnt/e/Ringworm detection project/DFAN-main/evaluation_data/development_external_2026_05_02/Cattles/Lumpy Skin/3df6a306bdca__additional_data_curated__external_validation__fc.png,Cattles,Cattles,Lumpy Skin,Lumpy Skin,Lumpy Skin,Lumpy Skin,0.9910200456922791,0.9803437,True
/mnt/e/Ringworm detection project/DFAN-main/evaluation_data/development_external_2026_05_02/Cattles/Lumpy Skin/3e96568c42da__additional_data_curated__hard_validation__398277.jpg,Cattles,Cattles,Lumpy Skin,Lumpy Skin,Lumpy Skin,Lumpy Skin,0.993604004353251,0.9797403,True
/mnt/e/Ringworm detection project/DFAN-main/evaluation_data/development_external_2026_05_02/Cattles/Lumpy Skin/3f71ea5a4d4d__additional_data_curated__hard_validation__3ef006.jpg,Cattles,Cattles,Lumpy Skin,Lumpy Skin,Lumpy Skin,Lumpy Skin,0.3915135354491968,0.24232168,True
/mnt/e/Ringworm detection project/DFAN-main/evaluation_data/development_external_2026_05_02/Cattles/Lumpy Skin/3fa6bea379de__additional_data_curated__hard_validation__2f112d.jpg,Cattles,Cattles,Lumpy Skin,Normal Skin,Normal Skin,Normal Skin,0.5242709738542651,0.4956397,False
/mnt/e/Ringworm detection project/DFAN-main/evaluation_data/development_external_2026_05_02/Cattles/Lumpy Skin/3fea4817bd87__additional_data_curated__hard_validation__bc1493.jpg,Cattles,Cattles,Lumpy Skin,Normal Skin,Normal Skin,Normal Skin,0.9943142590226955,0.98300654,False
/mnt/e/Ringworm detection project/DFAN-main/evaluation_data/development_external_2026_05_02/Cattles/Lumpy Skin/408711ac1c9a__additional_data_curated__hard_validation__8c16b3.jpg,Cattles,Cattles,Lumpy Skin,Normal Skin,Normal Skin,Normal Skin,0.9499187461317685,0.9330793,False
/mnt/e/Ringworm detection project/DFAN-main/evaluation_data/development_external_2026_05_02/Cattles/Lumpy Skin/428e56737aad__additional_data_curated__hard_validation__a9f8e5.jpg,Cattles,Cattles,Lumpy Skin,Normal Skin,Normal Skin,Normal Skin,0.995800424582479,0.98514396,False
/mnt/e/Ringworm detection project/DFAN-main/evaluation_data/development_external_2026_05_02/Cattles/Lumpy Skin/45d0952ab66d__additional_data_curated__hard_validation__98bc0c.jpg,Cattles,Cattles,Lumpy Skin,Lumpy Skin,Lumpy Skin,Lumpy Skin,0.9927700241118896,0.971983,True
/mnt/e/Ringworm detection project/DFAN-main/evaluation_data/development_external_2026_05_02/Cattles/Lumpy Skin/4643f1dc4067__additional_data_curated__hard_validation__f7d469.jpg,Cattles,Cattles,Lumpy Skin,Normal Skin,Normal Skin,Normal Skin,0.9905554199291438,0.978231,False
/mnt/e/Ringworm detection project/DFAN-main/evaluation_data/development_external_2026_05_02/Cattles/Lumpy Skin/489f464d4495__additional_data_curated__hard_validation__e22417.jpg,Cattles,Cattles,Lumpy Skin,Lumpy Skin,Lumpy Skin,Lumpy Skin,0.994734105937368,0.97778463,True
/mnt/e/Ringworm detection project/DFAN-main/evaluation_data/development_external_2026_05_02/Cattles/Lumpy Skin/49678708baa3__additional_data_curated__hard_validation__db4427.jpg,Cattles,Cattles,Lumpy Skin,Normal Skin,Normal Skin,Normal Skin,0.9787732345880856,0.9503706,False
/mnt/e/Ringworm detection project/DFAN-main/evaluation_data/development_external_2026_05_02/Cattles/Lumpy Skin/49d625c84e57__additional_data_curated__external_validation__42.png,Cattles,Cattles,Lumpy Skin,Lumpy Skin,Lumpy Skin,Lumpy Skin,0.9966454673942275,0.98555124,True
/mnt/e/Ringworm detection project/DFAN-main/evaluation_data/development_external_2026_05_02/Cattles/Lumpy Skin/4a4448e3826f__additional_data_curated__hard_validation__5511b6.jpg,Cattles,Cattles,Lumpy Skin,Normal Skin,Normal Skin,Normal Skin,0.9930592249099399,0.98177207,False
/mnt/e/Ringworm detection project/DFAN-main/evaluation_data/development_external_2026_05_02/Cattles/Lumpy Skin/4b927befa203__additional_data_curated__hard_validation__160071.jpg,Cattles,Cattles,Lumpy Skin,Lumpy Skin,Lumpy Skin,Lumpy Skin,0.7017564110694356,0.6278648,True
/mnt/e/Ringworm detection project/DFAN-main/evaluation_data/development_external_2026_05_02/Cattles/Lumpy Skin/4c4c14fc5195__additional_data_curated__hard_validation__215eae.jpg,Cattles,Cattles,Lumpy Skin,Lumpy Skin,Lumpy Skin,Lumpy Skin,0.9963796172476745,0.98845553,True
/mnt/e/Ringworm detection project/DFAN-main/evaluation_data/development_external_2026_05_02/Cattles/Lumpy Skin/4c809aaf3865__additional_data_curated__hard_validation__319d0d.jpg,Cattles,Cattles,Lumpy Skin,Normal Skin,Normal Skin,Normal Skin,0.8032079850215715,0.68535024,False
/mnt/e/Ringworm detection project/DFAN-main/evaluation_data/development_external_2026_05_02/Cattles/Lumpy Skin/4e63078287fa__additional_data_curated__external_validation__c1.png,Cattles,Cattles,Lumpy Skin,Lumpy Skin,Lumpy Skin,Lumpy Skin,0.908921940430436,0.89133817,True
/mnt/e/Ringworm detection project/DFAN-main/evaluation_data/development_external_2026_05_02/Cattles/Lumpy Skin/4ecfe4c80ca3__additional_data_curated__hard_validation__f3893d.jpg,Cattles,Cattles,Lumpy Skin,Normal Skin,Normal Skin,Normal Skin,0.982251133335375,0.96959406,False
/mnt/e/Ringworm detection project/DFAN-main/evaluation_data/development_external_2026_05_02/Cattles/Lumpy Skin/4fe4f84af40c__additional_data_curated__hard_validation__f1dd21.jpg,Cattles,Cattles,Lumpy Skin,Normal Skin,Normal Skin,Normal Skin,0.9353637276263457,0.91827387,False
/mnt/e/Ringworm detection project/DFAN-main/evaluation_data/development_external_2026_05_02/Cattles/Lumpy Skin/50c1e795c9c5__additional_data_curated__hard_validation__e755a1.jpg,Cattles,Dog,Lumpy Skin,Lumpy Skin,Mange in Dog,Lumpy Skin,0.9695144180908285,0.67026955,True
/mnt/e/Ringworm detection project/DFAN-main/evaluation_data/development_external_2026_05_02/Cattles/Lumpy Skin/50dadcea28b3__additional_data_curated__hard_validation__4f30b3.jpg,Cattles,Cattles,Lumpy Skin,Lumpy Skin,Lumpy Skin,Lumpy Skin,0.9927416993356597,0.9628289,True
/mnt/e/Ringworm detection project/DFAN-main/evaluation_data/development_external_2026_05_02/Cattles/Lumpy Skin/52b949bb47ae__additional_data_curated__hard_validation__a859c8.jpg,Cattles,Cattles,Lumpy Skin,Lumpy Skin,Lumpy Skin,Lumpy Skin,0.9854301517529804,0.9768984,True
/mnt/e/Ringworm detection project/DFAN-main/evaluation_data/development_external_2026_05_02/Cattles/Lumpy Skin/5310ab960d65__additional_data_curated__hard_validation__9cea31.jpg,Cattles,Dog,Lumpy Skin,Skin Allergy in Dog,Skin Allergy in Dog,Normal Skin,0.4000952023155871,0.8068364,False
/mnt/e/Ringworm detection project/DFAN-main/evaluation_data/development_external_2026_05_02/Cattles/Lumpy Skin/531735fdc99f__additional_data_curated__hard_validation__cd7f84.jpg,Cattles,Cattles,Lumpy Skin,Normal Skin,Normal Skin,Normal Skin,0.8005710896584127,0.7769444,False
/mnt/e/Ringworm detection project/DFAN-main/evaluation_data/development_external_2026_05_02/Cattles/Lumpy Skin/5347253e4ff9__additional_data_curated__external_validation__6c.png,Cattles,Cattles,Lumpy Skin,Lumpy Skin,Lumpy Skin,Lumpy Skin,0.9957472506345079,0.98588747,True
/mnt/e/Ringworm detection project/DFAN-main/evaluation_data/development_external_2026_05_02/Cattles/Lumpy Skin/535e9755defe__additional_data_curated__hard_validation__925eea.jpg,Cattles,Cattles,Lumpy Skin,Lumpy Skin,Lumpy Skin,Lumpy Skin,0.9811252769390229,0.9699944,True
/mnt/e/Ringworm detection project/DFAN-main/evaluation_data/development_external_2026_05_02/Cattles/Lumpy Skin/543a1995536a__additional_data_curated__hard_validation__678372.jpg,Cattles,Cattles,Lumpy Skin,Lumpy Skin,Lumpy Skin,Lumpy Skin,0.9907138588005084,0.9777828,True
/mnt/e/Ringworm detection project/DFAN-main/evaluation_data/development_external_2026_05_02/Cattles/Lumpy Skin/55ccceaf8498__additional_data_curated__external_validation__f9.png,Cattles,Cattles,Lumpy Skin,Lumpy Skin,Lumpy Skin,Lumpy Skin,0.7318295518609668,0.7101914,True
/mnt/e/Ringworm detection project/DFAN-main/evaluation_data/development_external_2026_05_02/Cattles/Lumpy Skin/5699842a5fd4__additional_data_curated__external_validation__d4.png,Cattles,Cattles,Lumpy Skin,Lumpy Skin,Lumpy Skin,Lumpy Skin,0.9933730655459899,0.9782779,True
/mnt/e/Ringworm detection project/DFAN-main/evaluation_data/development_external_2026_05_02/Cattles/Lumpy Skin/57eba8a06767__additional_data_curated__hard_validation__3c0c3e.jpg,Cattles,Cattles,Lumpy Skin,Lumpy Skin,Lumpy Skin,Lumpy Skin,0.5270456532825117,0.39457765,True
/mnt/e/Ringworm detection project/DFAN-main/evaluation_data/development_external_2026_05_02/Cattles/Lumpy Skin/59b7a97c4752__additional_data_curated__hard_validation__865082.jpg,Cattles,Cattles,Lumpy Skin,Lumpy Skin,Lumpy Skin,Lumpy Skin,0.9758347745149152,0.96172655,True
/mnt/e/Ringworm detection project/DFAN-main/evaluation_data/development_external_2026_05_02/Cattles/Lumpy Skin/59bf6141ee73__additional_data_curated__external_validation__ee.png,Cattles,Cattles,Lumpy Skin,Lumpy Skin,Lumpy Skin,Lumpy Skin,0.8410978027433816,0.82133365,True
/mnt/e/Ringworm detection project/DFAN-main/evaluation_data/development_external_2026_05_02/Cattles/Lumpy Skin/5c9f879db0ea__additional_data_curated__external_validation__c5.png,Cattles,Cattles,Lumpy Skin,Lumpy Skin,Lumpy Skin,Lumpy Skin,0.9943503431806375,0.9764223,True
/mnt/e/Ringworm detection project/DFAN-main/evaluation_data/development_external_2026_05_02/Cattles/Lumpy Skin/5e116a974f1d__additional_data_curated__hard_validation__6eb237.jpg,Cattles,Cattles,Lumpy Skin,Lumpy Skin,Lumpy Skin,Lumpy Skin,0.9923695876030172,0.975816,True
/mnt/e/Ringworm detection project/DFAN-main/evaluation_data/development_external_2026_05_02/Cattles/Lumpy Skin/5f6e65ef58b1__additional_data_curated__hard_validation__a3e74c.jpg,Cattles,Cattles,Lumpy Skin,Lumpy Skin,Lumpy Skin,Lumpy Skin,0.9864354633725197,0.97173756,True
/mnt/e/Ringworm detection project/DFAN-main/evaluation_data/development_external_2026_05_02/Cattles/Lumpy Skin/623ecd791f9d__additional_data_curated__hard_validation__2aa496.jpg,Cattles,Cattles,Lumpy Skin,Lumpy Skin,Lumpy Skin,Lumpy Skin,0.9709846748143822,0.9581159,True
/mnt/e/Ringworm detection project/DFAN-main/evaluation_data/development_external_2026_05_02/Cattles/Lumpy Skin/62817d045f3d__additional_data_curated__hard_validation__f3c135.jpg,Cattles,Cattles,Lumpy Skin,Normal Skin,Normal Skin,Normal Skin,0.44476324754720187,0.2348763,False
/mnt/e/Ringworm detection project/DFAN-main/evaluation_data/development_external_2026_05_02/Cattles/Lumpy Skin/637aea309e4e__additional_data_curated__hard_validation__2a1204.jpg,Cattles,Cattles,Lumpy Skin,Normal Skin,Normal Skin,Normal Skin,0.9731174460487038,0.9351253,False
/mnt/e/Ringworm detection project/DFAN-main/evaluation_data/development_external_2026_05_02/Cattles/Lumpy Skin/63c62d1a92ea__additional_data_curated__hard_validation__4a5ec8.jpg,Cattles,Cattles,Lumpy Skin,Lumpy Skin,Lumpy Skin,Lumpy Skin,0.989515858841375,0.96753734,True
/mnt/e/Ringworm detection project/DFAN-main/evaluation_data/development_external_2026_05_02/Cattles/Lumpy Skin/64097c5df149__additional_data_curated__hard_validation__a6dccd.jpg,Cattles,Cattles,Lumpy Skin,Lumpy Skin,Lumpy Skin,Lumpy Skin,0.9702024920928793,0.9572162,True
/mnt/e/Ringworm detection project/DFAN-main/evaluation_data/development_external_2026_05_02/Cattles/Lumpy Skin/66b98c2c554e__additional_data_curated__external_validation__e0.png,Cattles,Cattles,Lumpy Skin,Lumpy Skin,Lumpy Skin,Lumpy Skin,0.996614057082073,0.98823035,True
/mnt/e/Ringworm detection project/DFAN-main/evaluation_data/development_external_2026_05_02/Cattles/Lumpy Skin/68822fae8c2e__additional_data_curated__hard_validation__da20a5.jpg,Cattles,Cattles,Lumpy Skin,Normal Skin,Normal Skin,Normal Skin,0.9789558748337773,0.9571512,False
/mnt/e/Ringworm detection project/DFAN-main/evaluation_data/development_external_2026_05_02/Cattles/Lumpy Skin/6d4f04476efc__additional_data_curated__hard_validation__ce0e24.jpg,Cattles,Cattles,Lumpy Skin,Lumpy Skin,Lumpy Skin,Lumpy Skin,0.9948901901823478,0.9830478,True
/mnt/e/Ringworm detection project/DFAN-main/evaluation_data/development_external_2026_05_02/Cattles/Lumpy Skin/6db72776887f__additional_data_curated__external_validation__3f.png,Cattles,Cattles,Lumpy Skin,Lumpy Skin,Lumpy Skin,Lumpy Skin,0.9938921164245136,0.9798623,True
/mnt/e/Ringworm detection project/DFAN-main/evaluation_data/development_external_2026_05_02/Cattles/Lumpy Skin/6ebf24241eaa__additional_data_curated__hard_validation__44c4e0.jpg,Cattles,Cattles,Lumpy Skin,Normal Skin,Normal Skin,Normal Skin,0.789677258478976,0.77208716,False
/mnt/e/Ringworm detection project/DFAN-main/evaluation_data/development_external_2026_05_02/Cattles/Lumpy Skin/6f4c033a6ff6__additional_data_curated__hard_validation__43ecce.jpg,Cattles,Cattles,Lumpy Skin,Lumpy Skin,Lumpy Skin,Lumpy Skin,0.985783212135872,0.97498965,True
/mnt/e/Ringworm detection project/DFAN-main/evaluation_data/development_external_2026_05_02/Cattles/Lumpy Skin/70ff74027dcd__additional_data_curated__hard_validation__4737eb.jpg,Cattles,Cattles,Lumpy Skin,Lumpy Skin,Lumpy Skin,Lumpy Skin,0.9620270158788096,0.9443876,True
/mnt/e/Ringworm detection project/DFAN-main/evaluation_data/development_external_2026_05_02/Cattles/Lumpy Skin/71a08407b5b9__additional_data_curated__hard_validation__5a0993.jpg,Cattles,Cattles,Lumpy Skin,Lumpy Skin,Lumpy Skin,Lumpy Skin,0.9601303682001786,0.94333285,True
/mnt/e/Ringworm detection project/DFAN-main/evaluation_data/development_external_2026_05_02/Cattles/Lumpy Skin/71f405679d64__additional_data_curated__hard_validation__9b0466.jpg,Cattles,Cattles,Lumpy Skin,Normal Skin,Normal Skin,Normal Skin,0.9641850038812482,0.9450297,False
/mnt/e/Ringworm detection project/DFAN-main/evaluation_data/development_external_2026_05_02/Cattles/Lumpy Skin/737f5ed54637__additional_data_curated__hard_validation__9f0c6c.jpg,Cattles,Cattles,Lumpy Skin,Lumpy Skin,Lumpy Skin,Lumpy Skin,0.9895440312240885,0.9799187,True
/mnt/e/Ringworm detection project/DFAN-main/evaluation_data/development_external_2026_05_02/Cattles/Lumpy Skin/74d5362ca99a__additional_data_curated__hard_validation__e9a161.jpg,Cattles,Cattles,Lumpy Skin,Lumpy Skin,Lumpy Skin,Lumpy Skin,0.9856992611243056,0.97435784,True
/mnt/e/Ringworm detection project/DFAN-main/evaluation_data/development_external_2026_05_02/Cattles/Lumpy Skin/75e7b82ffddc__additional_data_curated__hard_validation__529da1.jpg,Cattles,Cattles,Lumpy Skin,Lumpy Skin,Lumpy Skin,Lumpy Skin,0.9955326752634379,0.9822374,True
/mnt/e/Ringworm detection project/DFAN-main/evaluation_data/development_external_2026_05_02/Cattles/Lumpy Skin/76ea6ee44636__additional_data_curated__hard_validation__b1e293.jpg,Cattles,Cattles,Lumpy Skin,Normal Skin,Normal Skin,Normal Skin,0.9952590443227323,0.9843821,False
/mnt/e/Ringworm detection project/DFAN-main/evaluation_data/development_external_2026_05_02/Cattles/Lumpy Skin/781512635108__additional_data_curated__hard_validation__1eeffe.jpg,Cattles,Cattles,Lumpy Skin,Normal Skin,Normal Skin,Normal Skin,0.9779805114062702,0.9612319,False
/mnt/e/Ringworm detection project/DFAN-main/evaluation_data/development_external_2026_05_02/Cattles/Lumpy Skin/782127f0f322__additional_data_curated__hard_validation__4391eb.jpg,Cattles,Cattles,Lumpy Skin,Normal Skin,Normal Skin,Normal Skin,0.9601851069048004,0.9290929,False
/mnt/e/Ringworm detection project/DFAN-main/evaluation_data/development_external_2026_05_02/Cattles/Lumpy Skin/78489abc1ffa__additional_data_curated__hard_validation__b07365.jpg,Cattles,Cattles,Lumpy Skin,Normal Skin,Normal Skin,Normal Skin,0.7774406246212744,0.7545654,False
/mnt/e/Ringworm detection project/DFAN-main/evaluation_data/development_external_2026_05_02/Cattles/Lumpy Skin/7ba0efedeb5c__additional_data_curated__external_validation__69.png,Cattles,Cattles,Lumpy Skin,Lumpy Skin,Lumpy Skin,Lumpy Skin,0.9918969159941851,0.98001534,True
/mnt/e/Ringworm detection project/DFAN-main/evaluation_data/development_external_2026_05_02/Cattles/Lumpy Skin/7dcbcee87501__additional_data_curated__external_validation__ea.png,Cattles,Cattles,Lumpy Skin,Normal Skin,Normal Skin,Normal Skin,0.9872723926505108,0.9761037,False
/mnt/e/Ringworm detection project/DFAN-main/evaluation_data/development_external_2026_05_02/Cattles/Lumpy Skin/7e74bff50046__additional_data_curated__hard_validation__e459ed.jpg,Cattles,Cattles,Lumpy Skin,Lumpy Skin,Lumpy Skin,Lumpy Skin,0.9879993678811597,0.9683805,True
/mnt/e/Ringworm detection project/DFAN-main/evaluation_data/development_external_2026_05_02/Cattles/Lumpy Skin/7ea3e087b517__additional_data_curated__hard_validation__59a491.jpg,Cattles,Cattles,Lumpy Skin,papiloma,papiloma,papiloma,0.8574642405605322,0.73008704,False
/mnt/e/Ringworm detection project/DFAN-main/evaluation_data/development_external_2026_05_02/Cattles/Lumpy Skin/7f80d4baf388__additional_data_curated__hard_validation__8aeb21.jpg,Cattles,Cattles,Lumpy Skin,Lumpy Skin,Lumpy Skin,Lumpy Skin,0.9938613285514363,0.9841887,True
/mnt/e/Ringworm detection project/DFAN-main/evaluation_data/development_external_2026_05_02/Cattles/Lumpy Skin/7ffdc607090b__additional_data_curated__hard_validation__b137d7.jpg,Cattles,Cattles,Lumpy Skin,Lumpy Skin,Lumpy Skin,Lumpy Skin,0.9930663423540214,0.9815376,True
/mnt/e/Ringworm detection project/DFAN-main/evaluation_data/development_external_2026_05_02/Cattles/Lumpy Skin/82f9302cab0d__additional_data_curated__hard_validation__61ff3c.jpg,Cattles,Cattles,Lumpy Skin,Normal Skin,Normal Skin,Normal Skin,0.8738327272853805,0.8503241,False
/mnt/e/Ringworm detection project/DFAN-main/evaluation_data/development_external_2026_05_02/Cattles/Lumpy Skin/843424a38872__additional_data_curated__hard_validation__ec2322.jpg,Cattles,Cattles,Lumpy Skin,Lumpy Skin,Lumpy Skin,Lumpy Skin,0.9830136115711819,0.96813715,True
/mnt/e/Ringworm detection project/DFAN-main/evaluation_data/development_external_2026_05_02/Cattles/Lumpy Skin/879c3cb5012f__additional_data_curated__hard_validation__65c690.jpg,Cattles,Cattles,Lumpy Skin,Lumpy Skin,Lumpy Skin,Lumpy Skin,0.9952717886149742,0.9853129,True
/mnt/e/Ringworm detection project/DFAN-main/evaluation_data/development_external_2026_05_02/Cattles/Lumpy Skin/889562d5cbd6__additional_data_curated__hard_validation__2f1593.jpg,Cattles,Cattles,Lumpy Skin,Normal Skin,Normal Skin,Normal Skin,0.9780263940158503,0.9658221,False
/mnt/e/Ringworm detection project/DFAN-main/evaluation_data/development_external_2026_05_02/Cattles/Lumpy Skin/89d94d4aa635__additional_data_curated__hard_validation__221488.jpg,Cattles,Cattles,Lumpy Skin,Lumpy Skin,Lumpy Skin,Lumpy Skin,0.9941808460624088,0.9824693,True
/mnt/e/Ringworm detection project/DFAN-main/evaluation_data/development_external_2026_05_02/Cattles/Lumpy Skin/8abaa2270dba__additional_data_curated__external_validation__71.png,Cattles,Cattles,Lumpy Skin,Lumpy Skin,Lumpy Skin,Lumpy Skin,0.949198857932588,0.9267562,True
/mnt/e/Ringworm detection project/DFAN-main/evaluation_data/development_external_2026_05_02/Cattles/Lumpy Skin/8b27abd256d9__additional_data_curated__hard_validation__fd4c1e.jpg,Cattles,Cattles,Lumpy Skin,Foot and Mouth disease,Foot and Mouth disease,Foot and Mouth disease,0.9798782707184256,0.93767136,False
/mnt/e/Ringworm detection project/DFAN-main/evaluation_data/development_external_2026_05_02/Cattles/Lumpy Skin/8b6219cf86c1__additional_data_curated__hard_validation__c8b1c2.jpg,Cattles,Cattles,Lumpy Skin,Lumpy Skin,Lumpy Skin,Lumpy Skin,0.9924526587321502,0.9752509,True
/mnt/e/Ringworm detection project/DFAN-main/evaluation_data/development_external_2026_05_02/Cattles/Lumpy Skin/8bdaa394cc79__additional_data_curated__hard_validation__4723a8.jpg,Cattles,Cattles,Lumpy Skin,Normal Skin,Normal Skin,Normal Skin,0.9942359146054963,0.9801236,False
/mnt/e/Ringworm detection project/DFAN-main/evaluation_data/development_external_2026_05_02/Cattles/Lumpy Skin/8c3e744091a0__additional_data_curated__hard_validation__948c74.jpg,Cattles,Cattles,Lumpy Skin,Normal Skin,Normal Skin,Normal Skin,0.9924782622486831,0.98269373,False
/mnt/e/Ringworm detection project/DFAN-main/evaluation_data/development_external_2026_05_02/Cattles/Lumpy Skin/8cba5cc5a90d__additional_data_curated__hard_validation__771eab.jpg,Cattles,Cattles,Lumpy Skin,Lumpy Skin,Lumpy Skin,Lumpy Skin,0.9142033942317777,0.8980604,True
/mnt/e/Ringworm detection project/DFAN-main/evaluation_data/development_external_2026_05_02/Cattles/Lumpy Skin/8fb2eaee4c20__additional_data_curated__hard_validation__0b9a70.jpg,Cattles,Cattles,Lumpy Skin,Lumpy Skin,Lumpy Skin,Lumpy Skin,0.5537557109097178,0.5394506,True
/mnt/e/Ringworm detection project/DFAN-main/evaluation_data/development_external_2026_05_02/Cattles/Lumpy Skin/918f4a89e801__additional_data_curated__external_validation__55.png,Cattles,Cattles,Lumpy Skin,Lumpy Skin,Lumpy Skin,Lumpy Skin,0.9924461356019753,0.9799209,True
/mnt/e/Ringworm detection project/DFAN-main/evaluation_data/development_external_2026_05_02/Cattles/Lumpy Skin/9217623e3b7b__additional_data_curated__hard_validation__9ef744.jpg,Cattles,Cattles,Lumpy Skin,Lumpy Skin,Lumpy Skin,Lumpy Skin,0.993663407474233,0.98050606,True
/mnt/e/Ringworm detection project/DFAN-main/evaluation_data/development_external_2026_05_02/Cattles/Lumpy Skin/93f247a26d54__additional_data_curated__external_validation__ba.png,Cattles,Cattles,Lumpy Skin,Lumpy Skin,Lumpy Skin,Lumpy Skin,0.9940417690687885,0.98196733,True
/mnt/e/Ringworm detection project/DFAN-main/evaluation_data/development_external_2026_05_02/Cattles/Lumpy Skin/943498a45baf__additional_data_curated__external_validation__85.png,Cattles,Cattles,Lumpy Skin,Lumpy Skin,Lumpy Skin,Lumpy Skin,0.9923339536456612,0.98130935,True
/mnt/e/Ringworm detection project/DFAN-main/evaluation_data/development_external_2026_05_02/Cattles/Lumpy Skin/9558b81c59dc__additional_data_curated__hard_validation__0c60ee.jpg,Cattles,Cattles,Lumpy Skin,Lumpy Skin,Lumpy Skin,Lumpy Skin,0.9895768256262141,0.976689,True
/mnt/e/Ringworm detection project/DFAN-main/evaluation_data/development_external_2026_05_02/Cattles/Lumpy Skin/955c05e34bd4__additional_data_curated__hard_validation__f767fd.jpg,Cattles,Cattles,Lumpy Skin,Normal Skin,Normal Skin,Normal Skin,0.8507013907973838,0.8150785,False
/mnt/e/Ringworm detection project/DFAN-main/evaluation_data/development_external_2026_05_02/Cattles/Lumpy Skin/971154669da0__additional_data_curated__hard_validation__8b51c4.jpg,Cattles,Cattles,Lumpy Skin,Lumpy Skin,Lumpy Skin,Lumpy Skin,0.493818020979297,0.28393456,True
/mnt/e/Ringworm detection project/DFAN-main/evaluation_data/development_external_2026_05_02/Cattles/Lumpy Skin/98502d7eef91__additional_data_curated__hard_validation__89b0f8.jpg,Cattles,Cattles,Lumpy Skin,Lumpy Skin,Lumpy Skin,Lumpy Skin,0.9958380279008192,0.9829558,True
/mnt/e/Ringworm detection project/DFAN-main/evaluation_data/development_external_2026_05_02/Cattles/Lumpy Skin/98eb80ee7a75__additional_data_curated__hard_validation__f0e9ed.jpg,Cattles,Cattles,Lumpy Skin,Normal Skin,Normal Skin,Normal Skin,0.9395136867414084,0.9248113,False
/mnt/e/Ringworm detection project/DFAN-main/evaluation_data/development_external_2026_05_02/Cattles/Lumpy Skin/991b3c23d413__additional_data_curated__hard_validation__e6a591.jpg,Cattles,Cattles,Lumpy Skin,Normal Skin,Normal Skin,Normal Skin,0.9291722470341829,0.8980809,False
/mnt/e/Ringworm detection project/DFAN-main/evaluation_data/development_external_2026_05_02/Cattles/Lumpy Skin/9a9f8aa4bc0e__additional_data_curated__hard_validation__a8ab78.jpg,Cattles,Cattles,Lumpy Skin,Normal Skin,Normal Skin,Normal Skin,0.9954612084381318,0.9862758,False
/mnt/e/Ringworm detection project/DFAN-main/evaluation_data/development_external_2026_05_02/Cattles/Lumpy Skin/9b7c2d6d3321__additional_data_curated__hard_validation__cfb6a3.jpg,Cattles,Cattles,Lumpy Skin,Lumpy Skin,Lumpy Skin,Lumpy Skin,0.996146110689294,0.98393446,True
/mnt/e/Ringworm detection project/DFAN-main/evaluation_data/development_external_2026_05_02/Cattles/Lumpy Skin/9ba24d2c070e__additional_data_curated__hard_validation__82ea82.jpg,Cattles,Cattles,Lumpy Skin,Normal Skin,Normal Skin,Normal Skin,0.7801317219002674,0.74268943,False
/mnt/e/Ringworm detection project/DFAN-main/evaluation_data/development_external_2026_05_02/Cattles/Lumpy Skin/9d1151e263d9__additional_data_curated__hard_validation__6522f2.jpg,Cattles,Cattles,Lumpy Skin,Normal Skin,Normal Skin,Normal Skin,0.5946622435776442,0.5549097,False
/mnt/e/Ringworm detection project/DFAN-main/evaluation_data/development_external_2026_05_02/Cattles/Lumpy Skin/9edea631a66e__additional_data_curated__external_validation__f8.png,Cattles,Cattles,Lumpy Skin,Normal Skin,Normal Skin,Normal Skin,0.5321101563998837,0.51295537,False
/mnt/e/Ringworm detection project/DFAN-main/evaluation_data/development_external_2026_05_02/Cattles/Lumpy Skin/a10d368655c6__additional_data_curated__external_validation__84.png,Cattles,Cattles,Lumpy Skin,Lumpy Skin,Lumpy Skin,Lumpy Skin,0.9900125985916108,0.97440493,True
/mnt/e/Ringworm detection project/DFAN-main/evaluation_data/development_external_2026_05_02/Cattles/Lumpy Skin/a36f4031a783__additional_data_curated__hard_validation__77ac88.jpg,Cattles,Cattles,Lumpy Skin,Lumpy Skin,Lumpy Skin,Lumpy Skin,0.501550097028841,0.4845636,True
/mnt/e/Ringworm detection project/DFAN-main/evaluation_data/development_external_2026_05_02/Cattles/Lumpy Skin/a45530538423__additional_data_curated__external_validation__9b.png,Cattles,Cattles,Lumpy Skin,Normal Skin,Normal Skin,Normal Skin,0.9940095213732605,0.9844381,False
/mnt/e/Ringworm detection project/DFAN-main/evaluation_data/development_external_2026_05_02/Cattles/Lumpy Skin/a4c731527b33__additional_data_curated__hard_validation__0810de.jpg,Cattles,Cattles,Lumpy Skin,Lumpy Skin,Lumpy Skin,Lumpy Skin,0.9946842635227993,0.9752144,True
/mnt/e/Ringworm detection project/DFAN-main/evaluation_data/development_external_2026_05_02/Cattles/Lumpy Skin/a6cab7d577e0__additional_data_curated__external_validation__d0.png,Cattles,Cattles,Lumpy Skin,Lumpy Skin,Lumpy Skin,Lumpy Skin,0.9943769103039445,0.9851694,True
/mnt/e/Ringworm detection project/DFAN-main/evaluation_data/development_external_2026_05_02/Cattles/Lumpy Skin/a78d06e6f1b9__additional_data_curated__hard_validation__0d5ff3.jpg,Cattles,Cattles,Lumpy Skin,Normal Skin,Normal Skin,Normal Skin,0.9262508409205031,0.90966254,False
/mnt/e/Ringworm detection project/DFAN-main/evaluation_data/development_external_2026_05_02/Cattles/Lumpy Skin/a7cb1c0ade81__additional_data_curated__external_validation__bd.png,Cattles,Cattles,Lumpy Skin,Lumpy Skin,Lumpy Skin,Lumpy Skin,0.9946181324619022,0.98459864,True
/mnt/e/Ringworm detection project/DFAN-main/evaluation_data/development_external_2026_05_02/Cattles/Lumpy Skin/a817be110871__additional_data_curated__external_validation__5c.png,Cattles,Cattles,Lumpy Skin,Lumpy Skin,Lumpy Skin,Lumpy Skin,0.9736389998789544,0.9532466,True
/mnt/e/Ringworm detection project/DFAN-main/evaluation_data/development_external_2026_05_02/Cattles/Lumpy Skin/aa9afd16fbda__additional_data_curated__hard_validation__b7f0db.jpg,Cattles,Dog,Lumpy Skin,Eye Infection in Dog,Eye Infection in Dog,papiloma,0.5240939536137905,0.25827312,False
/mnt/e/Ringworm detection project/DFAN-main/evaluation_data/development_external_2026_05_02/Cattles/Lumpy Skin/ac6416450f1b__additional_data_curated__hard_validation__66cb4d.jpg,Cattles,Cattles,Lumpy Skin,Lumpy Skin,Lumpy Skin,Lumpy Skin,0.9923410316223004,0.9773845,True
/mnt/e/Ringworm detection project/DFAN-main/evaluation_data/development_external_2026_05_02/Cattles/Lumpy Skin/ae403bb95e67__additional_data_curated__hard_validation__6a4990.jpg,Cattles,Cattles,Lumpy Skin,Normal Skin,Normal Skin,Normal Skin,0.9828913640571412,0.9661148,False
/mnt/e/Ringworm detection project/DFAN-main/evaluation_data/development_external_2026_05_02/Cattles/Lumpy Skin/b14ed423b8c6__additional_data_curated__hard_validation__9e64a6.jpg,Cattles,Cattles,Lumpy Skin,Lumpy Skin,Lumpy Skin,Lumpy Skin,0.5345881573585286,0.5039768,True
/mnt/e/Ringworm detection project/DFAN-main/evaluation_data/development_external_2026_05_02/Cattles/Lumpy Skin/b181ab8d5773__additional_data_curated__hard_validation__234343.jpg,Cattles,Cattles,Lumpy Skin,Lumpy Skin,Lumpy Skin,Lumpy Skin,0.996329235876199,0.9852673,True
/mnt/e/Ringworm detection project/DFAN-main/evaluation_data/development_external_2026_05_02/Cattles/Lumpy Skin/b38dc173b935__additional_data_curated__hard_validation__f67d73.jpg,Cattles,Cattles,Lumpy Skin,Lumpy Skin,Lumpy Skin,Lumpy Skin,0.992570063049376,0.9714793,True
/mnt/e/Ringworm detection project/DFAN-main/evaluation_data/development_external_2026_05_02/Cattles/Lumpy Skin/b50f9e95dc49__additional_data_curated__hard_validation__837f3f.jpg,Cattles,Cattles,Lumpy Skin,Lumpy Skin,Lumpy Skin,Lumpy Skin,0.8908580482868359,0.8419027,True
/mnt/e/Ringworm detection project/DFAN-main/evaluation_data/development_external_2026_05_02/Cattles/Lumpy Skin/b5fd18f7e2f7__additional_data_curated__hard_validation__813621.jpg,Cattles,Cattles,Lumpy Skin,Normal Skin,Normal Skin,Normal Skin,0.9935345702375533,0.9812841,False
/mnt/e/Ringworm detection project/DFAN-main/evaluation_data/development_external_2026_05_02/Cattles/Lumpy Skin/b9b20d994e15__additional_data_curated__hard_validation__3f31e5.jpg,Cattles,Cattles,Lumpy Skin,Lumpy Skin,Lumpy Skin,Lumpy Skin,0.9928201748920668,0.9796825,True
/mnt/e/Ringworm detection project/DFAN-main/evaluation_data/development_external_2026_05_02/Cattles/Lumpy Skin/ba944490d4d7__additional_data_curated__hard_validation__d3fb96.jpg,Cattles,Cattles,Lumpy Skin,Lumpy Skin,Lumpy Skin,Lumpy Skin,0.9642455160228256,0.94913715,True
/mnt/e/Ringworm detection project/DFAN-main/evaluation_data/development_external_2026_05_02/Cattles/Lumpy Skin/bcd66452d399__additional_data_curated__external_validation__99.png,Cattles,Cattles,Lumpy Skin,Lumpy Skin,Lumpy Skin,Lumpy Skin,0.9926817397701272,0.97105867,True
/mnt/e/Ringworm detection project/DFAN-main/evaluation_data/development_external_2026_05_02/Cattles/Lumpy Skin/bdb075ecab80__additional_data_curated__external_validation__d1.png,Cattles,Cattles,Lumpy Skin,Lumpy Skin,Lumpy Skin,Lumpy Skin,0.9956111468934435,0.98617166,True
/mnt/e/Ringworm detection project/DFAN-main/evaluation_data/development_external_2026_05_02/Cattles/Lumpy Skin/beed46c71ab5__additional_data_curated__hard_validation__379a2c.jpg,Cattles,Cattles,Lumpy Skin,Lumpy Skin,Lumpy Skin,Lumpy Skin,0.9900628022734238,0.9780181,True
/mnt/e/Ringworm detection project/DFAN-main/evaluation_data/development_external_2026_05_02/Cattles/Lumpy Skin/c02976043bb8__additional_data_curated__hard_validation__4e892b.jpg,Cattles,Cattles,Lumpy Skin,Normal Skin,Normal Skin,Normal Skin,0.9964603205058786,0.98946583,False
/mnt/e/Ringworm detection project/DFAN-main/evaluation_data/development_external_2026_05_02/Cattles/Lumpy Skin/c06f48260bff__additional_data_curated__hard_validation__9650f6.jpg,Cattles,Cattles,Lumpy Skin,Lumpy Skin,Lumpy Skin,Lumpy Skin,0.7190630322870336,0.69591373,True
/mnt/e/Ringworm detection project/DFAN-main/evaluation_data/development_external_2026_05_02/Cattles/Lumpy Skin/c1b088e28125__additional_data_curated__hard_validation__0b57a1.jpg,Cattles,Cattles,Lumpy Skin,Normal Skin,Normal Skin,Normal Skin,0.9609367852698617,0.9356817,False
/mnt/e/Ringworm detection project/DFAN-main/evaluation_data/development_external_2026_05_02/Cattles/Lumpy Skin/c20110ae9424__additional_data_curated__hard_validation__e1ce05.jpg,Cattles,Cattles,Lumpy Skin,Normal Skin,Normal Skin,Normal Skin,0.8153826229107729,0.7932306,False
/mnt/e/Ringworm detection project/DFAN-main/evaluation_data/development_external_2026_05_02/Cattles/Lumpy Skin/c25b0ed3b274__additional_data_curated__hard_validation__550451.jpg,Cattles,Cattles,Lumpy Skin,Lumpy Skin,Lumpy Skin,Lumpy Skin,0.9936857560193062,0.9768695,True
/mnt/e/Ringworm detection project/DFAN-main/evaluation_data/development_external_2026_05_02/Cattles/Lumpy Skin/c31136246d70__additional_data_curated__external_validation__46.png,Cattles,Cattles,Lumpy Skin,Lumpy Skin,Lumpy Skin,Lumpy Skin,0.9891140234592106,0.9763179,True
/mnt/e/Ringworm detection project/DFAN-main/evaluation_data/development_external_2026_05_02/Cattles/Lumpy Skin/c4ca80a2273b__additional_data_curated__hard_validation__d1d28b.jpg,Cattles,Cattles,Lumpy Skin,Normal Skin,Normal Skin,Normal Skin,0.8992822951620364,0.8787107,False
/mnt/e/Ringworm detection project/DFAN-main/evaluation_data/development_external_2026_05_02/Cattles/Lumpy Skin/c4d390c9894c__additional_data_curated__hard_validation__e9fe98.jpg,Cattles,Cattles,Lumpy Skin,Normal Skin,Normal Skin,Normal Skin,0.9796101574124313,0.962648,False
/mnt/e/Ringworm detection project/DFAN-main/evaluation_data/development_external_2026_05_02/Cattles/Lumpy Skin/c5770314b626__additional_data_curated__external_validation__9f.png,Cattles,Cattles,Lumpy Skin,Lumpy Skin,Lumpy Skin,Lumpy Skin,0.9922058089766975,0.97782385,True
/mnt/e/Ringworm detection project/DFAN-main/evaluation_data/development_external_2026_05_02/Cattles/Lumpy Skin/c5b57be4641c__additional_data_curated__hard_validation__535a54.jpg,Cattles,Cattles,Lumpy Skin,papiloma,papiloma,papiloma,0.817234420180124,0.7448685,False
/mnt/e/Ringworm detection project/DFAN-main/evaluation_data/development_external_2026_05_02/Cattles/Lumpy Skin/c6feab65d54f__additional_data_curated__hard_validation__01bf2b.jpg,Cattles,Cattles,Lumpy Skin,Normal Skin,Normal Skin,Normal Skin,0.946918442054486,0.93014526,False
/mnt/e/Ringworm detection project/DFAN-main/evaluation_data/development_external_2026_05_02/Cattles/Lumpy Skin/c8a82372bcf4__additional_data_curated__hard_validation__140f73.jpg,Cattles,Cattles,Lumpy Skin,Lumpy Skin,Lumpy Skin,Lumpy Skin,0.9948087851140318,0.9829538,True
/mnt/e/Ringworm detection project/DFAN-main/evaluation_data/development_external_2026_05_02/Cattles/Lumpy Skin/ca97ad13cc07__additional_data_curated__hard_validation__8611d3.jpg,Cattles,Cattles,Lumpy Skin,Normal Skin,Normal Skin,Normal Skin,0.988186619737765,0.9734865,False
/mnt/e/Ringworm detection project/DFAN-main/evaluation_data/development_external_2026_05_02/Cattles/Lumpy Skin/cad814080329__additional_data_curated__hard_validation__f0dfc6.jpg,Cattles,Cattles,Lumpy Skin,Normal Skin,Normal Skin,Normal Skin,0.9942214637768497,0.9853543,False
/mnt/e/Ringworm detection project/DFAN-main/evaluation_data/development_external_2026_05_02/Cattles/Lumpy Skin/cda2bf9ddb87__additional_data_curated__hard_validation__0fda96.jpg,Cattles,Cattles,Lumpy Skin,Lumpy Skin,Lumpy Skin,Lumpy Skin,0.9935510732337973,0.98174447,True
/mnt/e/Ringworm detection project/DFAN-main/evaluation_data/development_external_2026_05_02/Cattles/Lumpy Skin/d340af97a2c0__additional_data_curated__external_validation__ea.png,Cattles,Cattles,Lumpy Skin,Lumpy Skin,Lumpy Skin,Lumpy Skin,0.9921282357491151,0.97970426,True
/mnt/e/Ringworm detection project/DFAN-main/evaluation_data/development_external_2026_05_02/Cattles/Lumpy Skin/d39abd3143a8__additional_data_curated__hard_validation__b46c5b.jpg,Cattles,Cattles,Lumpy Skin,Lumpy Skin,Lumpy Skin,Lumpy Skin,0.9937978963268813,0.9869724,True
/mnt/e/Ringworm detection project/DFAN-main/evaluation_data/development_external_2026_05_02/Cattles/Lumpy Skin/d570a61cd0cb__additional_data_curated__hard_validation__1cbe13.jpg,Cattles,Dog,Lumpy Skin,Tick Infestation in Dog,Tick Infestation in Dog,Lumpy Skin,0.35573623664398574,0.4092101,True
/mnt/e/Ringworm detection project/DFAN-main/evaluation_data/development_external_2026_05_02/Cattles/Lumpy Skin/d5a2d1becb96__additional_data_curated__external_validation__2f.png,Cattles,Cattles,Lumpy Skin,Normal Skin,Normal Skin,Normal Skin,0.979082439642384,0.9591188,False
/mnt/e/Ringworm detection project/DFAN-main/evaluation_data/development_external_2026_05_02/Cattles/Lumpy Skin/d6be8bd8f0fc__additional_data_curated__hard_validation__9ebe58.jpg,Cattles,Cattles,Lumpy Skin,Normal Skin,Normal Skin,Normal Skin,0.6286299815004435,0.59380656,False
/mnt/e/Ringworm detection project/DFAN-main/evaluation_data/development_external_2026_05_02/Cattles/Lumpy Skin/d9d8f3461377__additional_data_curated__hard_validation__dbcfa3.jpg,Cattles,Cattles,Lumpy Skin,Normal Skin,Normal Skin,Normal Skin,0.9577021497500245,0.9159078,False
/mnt/e/Ringworm detection project/DFAN-main/evaluation_data/development_external_2026_05_02/Cattles/Lumpy Skin/da1caa228026__additional_data_curated__hard_validation__543f5a.jpg,Cattles,Cattles,Lumpy Skin,Normal Skin,Normal Skin,Normal Skin,0.9802550305250046,0.9655894,False
/mnt/e/Ringworm detection project/DFAN-main/evaluation_data/development_external_2026_05_02/Cattles/Lumpy Skin/db882e6e1104__additional_data_curated__external_validation__7c.png,Cattles,Cattles,Lumpy Skin,Lumpy Skin,Lumpy Skin,Lumpy Skin,0.9891351191384459,0.9780676,True
/mnt/e/Ringworm detection project/DFAN-main/evaluation_data/development_external_2026_05_02/Cattles/Lumpy Skin/dba111202765__additional_data_curated__external_validation__d8.png,Cattles,Cattles,Lumpy Skin,Lumpy Skin,Lumpy Skin,Lumpy Skin,0.995067776710133,0.9752147,True
/mnt/e/Ringworm detection project/DFAN-main/evaluation_data/development_external_2026_05_02/Cattles/Lumpy Skin/dbcfb6a3c2b8__additional_data_curated__hard_validation__25fe97.jpg,Cattles,Dog,Lumpy Skin,Dog_normal,Dog_normal,Lumpy Skin,0.3586921405563513,0.339848,True
/mnt/e/Ringworm detection project/DFAN-main/evaluation_data/development_external_2026_05_02/Cattles/Lumpy Skin/dd2fa7217fc1__additional_data_curated__hard_validation__0aebae.jpg,Cattles,Cattles,Lumpy Skin,Lumpy Skin,Lumpy Skin,Lumpy Skin,0.9820658898953281,0.9654389,True
/mnt/e/Ringworm detection project/DFAN-main/evaluation_data/development_external_2026_05_02/Cattles/Lumpy Skin/df6571f07145__additional_data_curated__hard_validation__f79578.jpg,Cattles,Cattles,Lumpy Skin,Normal Skin,Normal Skin,Normal Skin,0.9941217806372661,0.9824607,False
/mnt/e/Ringworm detection project/DFAN-main/evaluation_data/development_external_2026_05_02/Cattles/Lumpy Skin/e07d6c92ab12__additional_data_curated__external_validation__58.png,Cattles,Cattles,Lumpy Skin,Lumpy Skin,Lumpy Skin,Lumpy Skin,0.9920411042438928,0.9727888,True
/mnt/e/Ringworm detection project/DFAN-main/evaluation_data/development_external_2026_05_02/Cattles/Lumpy Skin/e08512d0faa9__additional_data_curated__hard_validation__a8e200.jpg,Cattles,Cattles,Lumpy Skin,Normal Skin,Normal Skin,Normal Skin,0.9848997463953721,0.9731068,False
/mnt/e/Ringworm detection project/DFAN-main/evaluation_data/development_external_2026_05_02/Cattles/Lumpy Skin/e1249940a177__additional_data_curated__hard_validation__0f7643.jpg,Cattles,Cattles,Lumpy Skin,Normal Skin,Normal Skin,Normal Skin,0.9240653460856065,0.89126855,False
/mnt/e/Ringworm detection project/DFAN-main/evaluation_data/development_external_2026_05_02/Cattles/Lumpy Skin/e1d23f6c536a__additional_data_curated__hard_validation__a4113e.jpg,Cattles,Cattles,Lumpy Skin,Normal Skin,Normal Skin,Normal Skin,0.9926268309506675,0.984688,False
/mnt/e/Ringworm detection project/DFAN-main/evaluation_data/development_external_2026_05_02/Cattles/Lumpy Skin/e2150911c193__additional_data_curated__external_validation__ff.png,Cattles,Cattles,Lumpy Skin,Lumpy Skin,Lumpy Skin,Lumpy Skin,0.5801247059930807,0.562438,True
/mnt/e/Ringworm detection project/DFAN-main/evaluation_data/development_external_2026_05_02/Cattles/Lumpy Skin/e23ac4f102a2__additional_data_curated__hard_validation__ca916f.jpg,Cattles,Cattles,Lumpy Skin,Lumpy Skin,Lumpy Skin,Lumpy Skin,0.9950756187510439,0.98545945,True
/mnt/e/Ringworm detection project/DFAN-main/evaluation_data/development_external_2026_05_02/Cattles/Lumpy Skin/e2e4df18312e__additional_data_curated__hard_validation__79b494.jpg,Cattles,Cattles,Lumpy Skin,Normal Skin,Normal Skin,Normal Skin,0.991842546545411,0.98298323,False
/mnt/e/Ringworm detection project/DFAN-main/evaluation_data/development_external_2026_05_02/Cattles/Lumpy Skin/e4dcaf961e08__additional_data_curated__hard_validation__0704a7.jpg,Cattles,Cattles,Lumpy Skin,Normal Skin,Normal Skin,Normal Skin,0.9879414786738282,0.92169863,False
/mnt/e/Ringworm detection project/DFAN-main/evaluation_data/development_external_2026_05_02/Cattles/Lumpy Skin/e636b2506ffe__additional_data_curated__hard_validation__a15f09.jpg,Cattles,Cattles,Lumpy Skin,Normal Skin,Normal Skin,Normal Skin,0.9622769021150572,0.94795644,False
/mnt/e/Ringworm detection project/DFAN-main/evaluation_data/development_external_2026_05_02/Cattles/Lumpy Skin/e6c15f29ef1f__additional_data_curated__external_validation__14.png,Cattles,Cattles,Lumpy Skin,Lumpy Skin,Lumpy Skin,Lumpy Skin,0.995596139739689,0.9850964,True
/mnt/e/Ringworm detection project/DFAN-main/evaluation_data/development_external_2026_05_02/Cattles/Lumpy Skin/e71435cd1153__additional_data_curated__external_validation__c8.png,Cattles,Cattles,Lumpy Skin,Lumpy Skin,Lumpy Skin,Lumpy Skin,0.9949203374190051,0.985226,True
/mnt/e/Ringworm detection project/DFAN-main/evaluation_data/development_external_2026_05_02/Cattles/Lumpy Skin/e825eb216d4a__additional_data_curated__hard_validation__5fe463.jpg,Cattles,Cattles,Lumpy Skin,Lumpy Skin,Lumpy Skin,Lumpy Skin,0.9824374987428326,0.9697779,True
/mnt/e/Ringworm detection project/DFAN-main/evaluation_data/development_external_2026_05_02/Cattles/Lumpy Skin/e849b395229e__additional_data_curated__hard_validation__009c1c.jpg,Cattles,Cattles,Lumpy Skin,Normal Skin,Normal Skin,Normal Skin,0.9874719334384264,0.974162,False
/mnt/e/Ringworm detection project/DFAN-main/evaluation_data/development_external_2026_05_02/Cattles/Lumpy Skin/e978c18f14d6__additional_data_curated__hard_validation__20fea2.jpg,Cattles,Cattles,Lumpy Skin,Lumpy Skin,Lumpy Skin,Lumpy Skin,0.9927249135351313,0.97170085,True
/mnt/e/Ringworm detection project/DFAN-main/evaluation_data/development_external_2026_05_02/Cattles/Lumpy Skin/e9d634f7797c__additional_data_curated__external_validation__24.png,Cattles,Cattles,Lumpy Skin,Lumpy Skin,Lumpy Skin,Lumpy Skin,0.9947206725502282,0.98077756,True
/mnt/e/Ringworm detection project/DFAN-main/evaluation_data/development_external_2026_05_02/Cattles/Lumpy Skin/edf2bb1cfebb__additional_data_curated__external_validation__0d.png,Cattles,Cattles,Lumpy Skin,Lumpy Skin,Lumpy Skin,Lumpy Skin,0.990396683074279,0.974378,True
/mnt/e/Ringworm detection project/DFAN-main/evaluation_data/development_external_2026_05_02/Cattles/Lumpy Skin/eeb8f88fe0e5__additional_data_curated__hard_validation__090abe.jpg,Cattles,Cattles,Lumpy Skin,Lumpy Skin,Lumpy Skin,Lumpy Skin,0.995833268009449,0.9843806,True
/mnt/e/Ringworm detection project/DFAN-main/evaluation_data/development_external_2026_05_02/Cattles/Lumpy Skin/efc5cd85d8fb__additional_data_curated__hard_validation__c7e905.jpg,Cattles,Cattles,Lumpy Skin,Normal Skin,Normal Skin,Normal Skin,0.9889274188220597,0.97118294,False
/mnt/e/Ringworm detection project/DFAN-main/evaluation_data/development_external_2026_05_02/Cattles/Lumpy Skin/f07e5e8d1aab__additional_data_curated__hard_validation__8101b1.jpg,Cattles,Cattles,Lumpy Skin,Normal Skin,Normal Skin,Normal Skin,0.9579747557018092,0.8909393,False
/mnt/e/Ringworm detection project/DFAN-main/evaluation_data/development_external_2026_05_02/Cattles/Lumpy Skin/f3c789957162__additional_data_curated__hard_validation__c8c747.jpg,Cattles,Cattles,Lumpy Skin,Lumpy Skin,Lumpy Skin,Lumpy Skin,0.6958960206504076,0.619631,True
/mnt/e/Ringworm detection project/DFAN-main/evaluation_data/development_external_2026_05_02/Cattles/Lumpy Skin/f5e50def67db__additional_data_curated__external_validation__4c.png,Cattles,Cattles,Lumpy Skin,Lumpy Skin,Lumpy Skin,Lumpy Skin,0.9951539557521721,0.9840996,True
/mnt/e/Ringworm detection project/DFAN-main/evaluation_data/development_external_2026_05_02/Cattles/Lumpy Skin/f61674518ca2__additional_data_curated__hard_validation__3dcf8b.jpg,Cattles,Cattles,Lumpy Skin,Lumpy Skin,Lumpy Skin,Lumpy Skin,0.9944479914653861,0.98025644,True
/mnt/e/Ringworm detection project/DFAN-main/evaluation_data/development_external_2026_05_02/Cattles/Lumpy Skin/f68d63203d55__additional_data_curated__hard_validation__c239c9.jpg,Cattles,Cattles,Lumpy Skin,Lumpy Skin,Lumpy Skin,Lumpy Skin,0.9846552130216344,0.9730003,True
/mnt/e/Ringworm detection project/DFAN-main/evaluation_data/development_external_2026_05_02/Cattles/Lumpy Skin/f7dcbe50027b__additional_data_curated__hard_validation__3c0d31.jpg,Cattles,Cattles,Lumpy Skin,Normal Skin,Normal Skin,Normal Skin,0.9906124464878842,0.9773817,False
/mnt/e/Ringworm detection project/DFAN-main/evaluation_data/development_external_2026_05_02/Cattles/Lumpy Skin/fa085a62b5cb__additional_data_curated__hard_validation__fabbe2.jpg,Cattles,Cattles,Lumpy Skin,Normal Skin,Normal Skin,Normal Skin,0.9739651944684834,0.95484364,False
/mnt/e/Ringworm detection project/DFAN-main/evaluation_data/development_external_2026_05_02/Cattles/Lumpy Skin/fa7887ecefb0__additional_data_curated__external_validation__ea.png,Cattles,Cattles,Lumpy Skin,Lumpy Skin,Lumpy Skin,Lumpy Skin,0.9957037968984913,0.9869445,True
/mnt/e/Ringworm detection project/DFAN-main/evaluation_data/development_external_2026_05_02/Cattles/Lumpy Skin/fc0af7167b6f__additional_data_curated__external_validation__e7.png,Cattles,Cattles,Lumpy Skin,Normal Skin,Normal Skin,Normal Skin,0.8835983149987353,0.4618887,False
/mnt/e/Ringworm detection project/DFAN-main/evaluation_data/development_external_2026_05_02/Cattles/Lumpy Skin/fc1a382f6176__additional_data_curated__hard_validation__927efd.jpg,Cattles,Cattles,Lumpy Skin,Foot and Mouth disease,Foot and Mouth disease,Foot and Mouth disease,0.6327348169783855,0.5604256,False
/mnt/e/Ringworm detection project/DFAN-main/evaluation_data/development_external_2026_05_02/Cattles/Lumpy Skin/fcb5504004e0__additional_data_curated__external_validation__f9.png,Cattles,Cattles,Lumpy Skin,Lumpy Skin,Lumpy Skin,Lumpy Skin,0.991378565633159,0.9795645,True
/mnt/e/Ringworm detection project/DFAN-main/evaluation_data/development_external_2026_05_02/Cattles/Lumpy Skin/fd9729e2012f__additional_data_curated__external_validation__cb.png,Cattles,Cattles,Lumpy Skin,Lumpy Skin,Lumpy Skin,Lumpy Skin,0.9961838320576564,0.98630863,True
/mnt/e/Ringworm detection project/DFAN-main/evaluation_data/development_external_2026_05_02/Cattles/Lumpy Skin/ffbfcca94ae0__additional_data_curated__external_validation__d9.png,Cattles,Cattles,Lumpy Skin,Lumpy Skin,Lumpy Skin,Lumpy Skin,0.9939003438096476,0.9839023,True
/mnt/e/Ringworm detection project/DFAN-main/evaluation_data/development_external_2026_05_02/Cattles/Normal Skin/02b03e7916e3__additional_data_curated__hard_validation__c51f4d.jpg,Cattles,Cattles,Normal Skin,Normal Skin,Normal Skin,Normal Skin,0.9897045093119196,0.9717695,True
/mnt/e/Ringworm detection project/DFAN-main/evaluation_data/development_external_2026_05_02/Cattles/Normal Skin/060cb478fd3f__additional_data_curated__external_validation__f5.png,Cattles,Cattles,Normal Skin,Normal Skin,Normal Skin,Normal Skin,0.9957119301389498,0.9836361,True
/mnt/e/Ringworm detection project/DFAN-main/evaluation_data/development_external_2026_05_02/Cattles/Normal Skin/06eddb713b81__additional_data_curated__external_validation__0a.png,Cattles,Cattles,Normal Skin,Normal Skin,Normal Skin,Normal Skin,0.9918792759381715,0.97877115,True
/mnt/e/Ringworm detection project/DFAN-main/evaluation_data/development_external_2026_05_02/Cattles/Normal Skin/06fe5dc9e10e__additional_data_curated__external_validation__34.png,Cattles,Cattles,Normal Skin,Normal Skin,Normal Skin,Normal Skin,0.9945330544980985,0.97776026,True
/mnt/e/Ringworm detection project/DFAN-main/evaluation_data/development_external_2026_05_02/Cattles/Normal Skin/07cdd348d0e7__additional_data_curated__external_validation__33.png,Cattles,Cattles,Normal Skin,Normal Skin,Normal Skin,Normal Skin,0.9956188363849586,0.9813648,True
/mnt/e/Ringworm detection project/DFAN-main/evaluation_data/development_external_2026_05_02/Cattles/Normal Skin/07d1757f7a76__additional_data_curated__external_validation__a7.png,Cattles,Cattles,Normal Skin,Normal Skin,Normal Skin,Normal Skin,0.9925673953887822,0.9819026,True
/mnt/e/Ringworm detection project/DFAN-main/evaluation_data/development_external_2026_05_02/Cattles/Normal Skin/08033345b2b2__additional_data_curated__external_validation__7d.png,Cattles,Cattles,Normal Skin,Normal Skin,Normal Skin,Normal Skin,0.9955468038808657,0.97631425,True
/mnt/e/Ringworm detection project/DFAN-main/evaluation_data/development_external_2026_05_02/Cattles/Normal Skin/0c352b7fff0c__additional_data_curated__external_validation__2b.png,Cattles,Cattles,Normal Skin,Normal Skin,Normal Skin,Normal Skin,0.9948872320126386,0.9827032,True
/mnt/e/Ringworm detection project/DFAN-main/evaluation_data/development_external_2026_05_02/Cattles/Normal Skin/0c93dade2505__additional_data_curated__external_validation__98.png,Cattles,Cattles,Normal Skin,Normal Skin,Normal Skin,Normal Skin,0.9952211554330066,0.983488,True
/mnt/e/Ringworm detection project/DFAN-main/evaluation_data/development_external_2026_05_02/Cattles/Normal Skin/0db9ff3e6f00__additional_data_curated__external_validation__3e.png,Cattles,Cattles,Normal Skin,Normal Skin,Normal Skin,Normal Skin,0.9939918990475433,0.98400706,True
/mnt/e/Ringworm detection project/DFAN-main/evaluation_data/development_external_2026_05_02/Cattles/Normal Skin/0fc47fe017c4__additional_data_curated__hard_validation__456265.jpg,Cattles,Cattles,Normal Skin,Normal Skin,Normal Skin,Normal Skin,0.9927232538196478,0.97005403,True
/mnt/e/Ringworm detection project/DFAN-main/evaluation_data/development_external_2026_05_02/Cattles/Normal Skin/1075a96d9229__additional_data_curated__hard_validation__47f9e2.jpg,Cattles,Cattles,Normal Skin,Normal Skin,Normal Skin,Normal Skin,0.994404834689978,0.98257625,True
/mnt/e/Ringworm detection project/DFAN-main/evaluation_data/development_external_2026_05_02/Cattles/Normal Skin/1135f508b2be__additional_data_curated__external_validation__58.png,Cattles,Cattles,Normal Skin,Normal Skin,Normal Skin,Normal Skin,0.9889966882407722,0.9744324,True
/mnt/e/Ringworm detection project/DFAN-main/evaluation_data/development_external_2026_05_02/Cattles/Normal Skin/12cd9120095a__additional_data_curated__external_validation__ed.png,Cattles,Cattles,Normal Skin,Normal Skin,Normal Skin,Normal Skin,0.9649842553004838,0.94111884,True
/mnt/e/Ringworm detection project/DFAN-main/evaluation_data/development_external_2026_05_02/Cattles/Normal Skin/1321414cd280__additional_data_curated__external_validation__26.png,Cattles,Cattles,Normal Skin,Normal Skin,Normal Skin,Normal Skin,0.9917640185303213,0.9658193,True
/mnt/e/Ringworm detection project/DFAN-main/evaluation_data/development_external_2026_05_02/Cattles/Normal Skin/14cd8a2ceed0__additional_data_curated__external_validation__84.png,Cattles,Cattles,Normal Skin,Normal Skin,Normal Skin,Normal Skin,0.9944467441444715,0.98308015,True
/mnt/e/Ringworm detection project/DFAN-main/evaluation_data/development_external_2026_05_02/Cattles/Normal Skin/151e176c4bd7__additional_data_curated__external_validation__0a.png,Cattles,Cattles,Normal Skin,Normal Skin,Normal Skin,Normal Skin,0.9942405620149548,0.9809498,True
/mnt/e/Ringworm detection project/DFAN-main/evaluation_data/development_external_2026_05_02/Cattles/Normal Skin/1655279be393__additional_data_curated__hard_validation__24448f.jpg,Cattles,Cattles,Normal Skin,Normal Skin,Normal Skin,Normal Skin,0.6263192860104907,0.6023394,True
/mnt/e/Ringworm detection project/DFAN-main/evaluation_data/development_external_2026_05_02/Cattles/Normal Skin/17379b188980__additional_data_curated__external_validation__d4.png,Cattles,Cattles,Normal Skin,Normal Skin,Normal Skin,Normal Skin,0.9932035966227535,0.98203045,True
/mnt/e/Ringworm detection project/DFAN-main/evaluation_data/development_external_2026_05_02/Cattles/Normal Skin/1b53383d7d88__additional_data_curated__external_validation__1e.png,Cattles,Cattles,Normal Skin,Normal Skin,Normal Skin,Normal Skin,0.99411500416567,0.9787739,True
/mnt/e/Ringworm detection project/DFAN-main/evaluation_data/development_external_2026_05_02/Cattles/Normal Skin/1c0916f87078__additional_data_curated__external_validation__63.png,Cattles,Cattles,Normal Skin,Lumpy Skin,Lumpy Skin,Lumpy Skin,0.9868507284311211,0.97765255,False
/mnt/e/Ringworm detection project/DFAN-main/evaluation_data/development_external_2026_05_02/Cattles/Normal Skin/1da3073f43c8__additional_data_curated__external_validation__e1.png,Cattles,Cattles,Normal Skin,Normal Skin,Normal Skin,Normal Skin,0.9857939345956674,0.9726627,True
/mnt/e/Ringworm detection project/DFAN-main/evaluation_data/development_external_2026_05_02/Cattles/Normal Skin/20be3b6d8061__additional_data_curated__external_validation__50.png,Cattles,Cattles,Normal Skin,Normal Skin,Normal Skin,Normal Skin,0.9932335219214268,0.97986573,True
/mnt/e/Ringworm detection project/DFAN-main/evaluation_data/development_external_2026_05_02/Cattles/Normal Skin/22e50aba5c55__additional_data_curated__external_validation__c4.png,Cattles,Cattles,Normal Skin,Normal Skin,Normal Skin,Normal Skin,0.994463089278175,0.98296183,True
/mnt/e/Ringworm detection project/DFAN-main/evaluation_data/development_external_2026_05_02/Cattles/Normal Skin/22e8081816b7__additional_data_curated__external_validation__31.png,Cattles,Cattles,Normal Skin,Normal Skin,Normal Skin,Normal Skin,0.9881131903180776,0.9719581,True
/mnt/e/Ringworm detection project/DFAN-main/evaluation_data/development_external_2026_05_02/Cattles/Normal Skin/233ab3fe0c1b__additional_data_curated__external_validation__93.png,Cattles,Cattles,Normal Skin,Normal Skin,Normal Skin,Normal Skin,0.9951663672431573,0.98443353,True
/mnt/e/Ringworm detection project/DFAN-main/evaluation_data/development_external_2026_05_02/Cattles/Normal Skin/23916ed268e4__additional_data_curated__external_validation__d8.png,Cattles,Cattles,Normal Skin,Normal Skin,Normal Skin,Normal Skin,0.9919940940266027,0.97939324,True
/mnt/e/Ringworm detection project/DFAN-main/evaluation_data/development_external_2026_05_02/Cattles/Normal Skin/259b8113257f__additional_data_curated__external_validation__0c.png,Cattles,Cattles,Normal Skin,Normal Skin,Normal Skin,Normal Skin,0.9943639203431694,0.9760248,True
/mnt/e/Ringworm detection project/DFAN-main/evaluation_data/development_external_2026_05_02/Cattles/Normal Skin/25eca1882035__additional_data_curated__external_validation__f5.png,Cattles,Cattles,Normal Skin,Normal Skin,Normal Skin,Normal Skin,0.887634235074377,0.8681341,True
/mnt/e/Ringworm detection project/DFAN-main/evaluation_data/development_external_2026_05_02/Cattles/Normal Skin/268f50306812__additional_data_curated__external_validation__05.png,Cattles,Cattles,Normal Skin,Lumpy Skin,Lumpy Skin,Lumpy Skin,0.5968756684267779,0.5831519,False
/mnt/e/Ringworm detection project/DFAN-main/evaluation_data/development_external_2026_05_02/Cattles/Normal Skin/26eb69a182e1__additional_data_curated__external_validation__99.png,Cattles,Cattles,Normal Skin,Normal Skin,Normal Skin,Normal Skin,0.9957068128723308,0.9826764,True
/mnt/e/Ringworm detection project/DFAN-main/evaluation_data/development_external_2026_05_02/Cattles/Normal Skin/289413acbb00__additional_data_curated__external_validation__0c.png,Cattles,Cattles,Normal Skin,Normal Skin,Normal Skin,Normal Skin,0.9940782395013358,0.9802233,True
/mnt/e/Ringworm detection project/DFAN-main/evaluation_data/development_external_2026_05_02/Cattles/Normal Skin/2bc7a6cdf1b4__additional_data_curated__external_validation__5e.png,Cattles,Cattles,Normal Skin,Normal Skin,Normal Skin,Normal Skin,0.9904426596668637,0.9774942,True
/mnt/e/Ringworm detection project/DFAN-main/evaluation_data/development_external_2026_05_02/Cattles/Normal Skin/2d729cba8e91__additional_data_curated__external_validation__86.png,Cattles,Cattles,Normal Skin,Normal Skin,Normal Skin,Normal Skin,0.9939673472145987,0.98417795,True
/mnt/e/Ringworm detection project/DFAN-main/evaluation_data/development_external_2026_05_02/Cattles/Normal Skin/3073192c0705__additional_data_curated__external_validation__fc.png,Cattles,Cattles,Normal Skin,Normal Skin,Normal Skin,Normal Skin,0.9807140978580097,0.9537316,True
/mnt/e/Ringworm detection project/DFAN-main/evaluation_data/development_external_2026_05_02/Cattles/Normal Skin/307e5f87a533__additional_data_curated__external_validation__c6.png,Cattles,Cattles,Normal Skin,Normal Skin,Normal Skin,Normal Skin,0.9948171721605146,0.9852608,True
/mnt/e/Ringworm detection project/DFAN-main/evaluation_data/development_external_2026_05_02/Cattles/Normal Skin/311d3daa51f9__additional_data_curated__external_validation__d6.png,Cattles,Cattles,Normal Skin,Normal Skin,Normal Skin,Normal Skin,0.4940190476106882,0.46926042,True
/mnt/e/Ringworm detection project/DFAN-main/evaluation_data/development_external_2026_05_02/Cattles/Normal Skin/3328e42141d1__additional_data_curated__external_validation__84.png,Cattles,Cattles,Normal Skin,Normal Skin,Normal Skin,Normal Skin,0.9929278869125978,0.97967577,True
/mnt/e/Ringworm detection project/DFAN-main/evaluation_data/development_external_2026_05_02/Cattles/Normal Skin/33fef6160e76__additional_data_curated__external_validation__a1.png,Cattles,Cattles,Normal Skin,Normal Skin,Normal Skin,Normal Skin,0.991862489393794,0.9770273,True
/mnt/e/Ringworm detection project/DFAN-main/evaluation_data/development_external_2026_05_02/Cattles/Normal Skin/3770799e4e37__additional_data_curated__external_validation__94.png,Cattles,Cattles,Normal Skin,Normal Skin,Normal Skin,Normal Skin,0.9922041322281606,0.9806997,True
/mnt/e/Ringworm detection project/DFAN-main/evaluation_data/development_external_2026_05_02/Cattles/Normal Skin/3a93f9d7b730__additional_data_curated__external_validation__d7.png,Cattles,Cattles,Normal Skin,Normal Skin,Normal Skin,Normal Skin,0.9943152797723316,0.9831918,True
/mnt/e/Ringworm detection project/DFAN-main/evaluation_data/development_external_2026_05_02/Cattles/Normal Skin/3aec49f874ed__additional_data_curated__external_validation__66.png,Cattles,Cattles,Normal Skin,Normal Skin,Normal Skin,Normal Skin,0.990955955519425,0.9759487,True
/mnt/e/Ringworm detection project/DFAN-main/evaluation_data/development_external_2026_05_02/Cattles/Normal Skin/3c20a7eeb3e3__additional_data_curated__external_validation__c1.png,Cattles,Cattles,Normal Skin,Normal Skin,Normal Skin,Normal Skin,0.9905755120140738,0.96251863,True
/mnt/e/Ringworm detection project/DFAN-main/evaluation_data/development_external_2026_05_02/Cattles/Normal Skin/3c6c982d6528__additional_data_curated__external_validation__c2.png,Cattles,Cattles,Normal Skin,Normal Skin,Normal Skin,Normal Skin,0.9889543359797217,0.97233105,True
/mnt/e/Ringworm detection project/DFAN-main/evaluation_data/development_external_2026_05_02/Cattles/Normal Skin/415ec4276fb6__additional_data_curated__hard_validation__8a0d91.jpg,Cattles,Cattles,Normal Skin,Normal Skin,Normal Skin,Normal Skin,0.9969165016150485,0.9877439,True
/mnt/e/Ringworm detection project/DFAN-main/evaluation_data/development_external_2026_05_02/Cattles/Normal Skin/4301e4c61f1b__additional_data_curated__external_validation__53.png,Cattles,Cattles,Normal Skin,Normal Skin,Normal Skin,Normal Skin,0.9466911318217337,0.9178612,True
/mnt/e/Ringworm detection project/DFAN-main/evaluation_data/development_external_2026_05_02/Cattles/Normal Skin/442a670d2c64__additional_data_curated__external_validation__89.png,Cattles,Cattles,Normal Skin,Normal Skin,Normal Skin,Normal Skin,0.9905878537471908,0.97247034,True
/mnt/e/Ringworm detection project/DFAN-main/evaluation_data/development_external_2026_05_02/Cattles/Normal Skin/450025985b11__additional_data_curated__external_validation__df.png,Cattles,Cattles,Normal Skin,Normal Skin,Normal Skin,Normal Skin,0.9167453165246333,0.8995992,True
/mnt/e/Ringworm detection project/DFAN-main/evaluation_data/development_external_2026_05_02/Cattles/Normal Skin/49901340aebe__additional_data_curated__external_validation__6f.png,Cattles,Cattles,Normal Skin,Normal Skin,Normal Skin,Normal Skin,0.9920023613010305,0.97571564,True
/mnt/e/Ringworm detection project/DFAN-main/evaluation_data/development_external_2026_05_02/Cattles/Normal Skin/4a329dda76ed__additional_data_curated__external_validation__2c.png,Cattles,Cattles,Normal Skin,Normal Skin,Normal Skin,Normal Skin,0.9953075343668236,0.9829358,True
/mnt/e/Ringworm detection project/DFAN-main/evaluation_data/development_external_2026_05_02/Cattles/Normal Skin/4bb5efd7e59a__additional_data_curated__external_validation__45.png,Cattles,Cattles,Normal Skin,Normal Skin,Normal Skin,Normal Skin,0.9934723888444404,0.98313737,True
/mnt/e/Ringworm detection project/DFAN-main/evaluation_data/development_external_2026_05_02/Cattles/Normal Skin/4beb11903e10__additional_data_curated__external_validation__67.png,Cattles,Cattles,Normal Skin,Normal Skin,Normal Skin,Normal Skin,0.996145670937046,0.9849385,True
/mnt/e/Ringworm detection project/DFAN-main/evaluation_data/development_external_2026_05_02/Cattles/Normal Skin/4bfc33851211__additional_data_curated__external_validation__ee.png,Cattles,Cattles,Normal Skin,Normal Skin,Normal Skin,Normal Skin,0.9957452939056405,0.98671037,True
/mnt/e/Ringworm detection project/DFAN-main/evaluation_data/development_external_2026_05_02/Cattles/Normal Skin/4e0a83c69171__additional_data_curated__external_validation__55.png,Cattles,Cattles,Normal Skin,Normal Skin,Normal Skin,Normal Skin,0.9937094813498123,0.9834403,True
/mnt/e/Ringworm detection project/DFAN-main/evaluation_data/development_external_2026_05_02/Cattles/Normal Skin/4e700b162a21__additional_data_curated__external_validation__71.png,Cattles,Cattles,Normal Skin,Normal Skin,Normal Skin,Normal Skin,0.9962324343346098,0.9876552,True
/mnt/e/Ringworm detection project/DFAN-main/evaluation_data/development_external_2026_05_02/Cattles/Normal Skin/4ecd954b1266__additional_data_curated__external_validation__e1.png,Cattles,Cattles,Normal Skin,Normal Skin,Normal Skin,Normal Skin,0.9961092890819644,0.9833998,True
/mnt/e/Ringworm detection project/DFAN-main/evaluation_data/development_external_2026_05_02/Cattles/Normal Skin/4fb76911c868__additional_data_curated__external_validation__fd.png,Cattles,Cattles,Normal Skin,Normal Skin,Normal Skin,Normal Skin,0.9015245864990712,0.881421,True
/mnt/e/Ringworm detection project/DFAN-main/evaluation_data/development_external_2026_05_02/Cattles/Normal Skin/5032da5e9e2b__additional_data_curated__external_validation__dd.png,Cattles,Cattles,Normal Skin,Normal Skin,Normal Skin,Normal Skin,0.9954099227149494,0.9808749,True
/mnt/e/Ringworm detection project/DFAN-main/evaluation_data/development_external_2026_05_02/Cattles/Normal Skin/524d09ad887f__additional_data_curated__external_validation__04.png,Cattles,Cattles,Normal Skin,Normal Skin,Normal Skin,Normal Skin,0.9942076334480501,0.98225856,True
/mnt/e/Ringworm detection project/DFAN-main/evaluation_data/development_external_2026_05_02/Cattles/Normal Skin/52b2ada069cc__additional_data_curated__external_validation__03.png,Cattles,Cattles,Normal Skin,Normal Skin,Normal Skin,Normal Skin,0.9959029690610774,0.9846052,True
/mnt/e/Ringworm detection project/DFAN-main/evaluation_data/development_external_2026_05_02/Cattles/Normal Skin/55a2e9888c8a__additional_data_curated__external_validation__a3.png,Cattles,Cattles,Normal Skin,Normal Skin,Normal Skin,Normal Skin,0.9952237524793689,0.9847765,True
/mnt/e/Ringworm detection project/DFAN-main/evaluation_data/development_external_2026_05_02/Cattles/Normal Skin/55ee247f3855__additional_data_curated__external_validation__07.png,Cattles,Cattles,Normal Skin,Normal Skin,Normal Skin,Normal Skin,0.9943845443185538,0.981339,True
/mnt/e/Ringworm detection project/DFAN-main/evaluation_data/development_external_2026_05_02/Cattles/Normal Skin/5db786914853__additional_data_curated__external_validation__4a.png,Cattles,Cattles,Normal Skin,Normal Skin,Normal Skin,Normal Skin,0.994366013296589,0.9828394,True
/mnt/e/Ringworm detection project/DFAN-main/evaluation_data/development_external_2026_05_02/Cattles/Normal Skin/5f7198bc8847__additional_data_curated__external_validation__18.png,Cattles,Cattles,Normal Skin,Normal Skin,Normal Skin,Normal Skin,0.992690510508987,0.98197377,True
/mnt/e/Ringworm detection project/DFAN-main/evaluation_data/development_external_2026_05_02/Cattles/Normal Skin/608a473b3d72__additional_data_curated__external_validation__e0.png,Cattles,Cattles,Normal Skin,Normal Skin,Normal Skin,Normal Skin,0.9957711479692181,0.9868313,True
/mnt/e/Ringworm detection project/DFAN-main/evaluation_data/development_external_2026_05_02/Cattles/Normal Skin/61833299d12c__additional_data_curated__external_validation__b1.png,Cattles,Cattles,Normal Skin,Lumpy Skin,Lumpy Skin,Lumpy Skin,0.5821653423406119,0.55938476,False
/mnt/e/Ringworm detection project/DFAN-main/evaluation_data/development_external_2026_05_02/Cattles/Normal Skin/697f0fd83572__additional_data_curated__external_validation__a8.png,Cattles,Cattles,Normal Skin,Normal Skin,Normal Skin,Normal Skin,0.8817864152789153,0.8602675,True
/mnt/e/Ringworm detection project/DFAN-main/evaluation_data/development_external_2026_05_02/Cattles/Normal Skin/6991e9b19eca__additional_data_curated__hard_validation__6e6a04.jpg,Cattles,Cattles,Normal Skin,Normal Skin,Normal Skin,Normal Skin,0.9868312338733072,0.9658378,True
/mnt/e/Ringworm detection project/DFAN-main/evaluation_data/development_external_2026_05_02/Cattles/Normal Skin/6dfe08dae0a2__additional_data_curated__external_validation__fd.png,Cattles,Cattles,Normal Skin,Normal Skin,Normal Skin,Normal Skin,0.9944437608045739,0.9810585,True
/mnt/e/Ringworm detection project/DFAN-main/evaluation_data/development_external_2026_05_02/Cattles/Normal Skin/6f1269c8e735__additional_data_curated__hard_validation__58a7bf.jpg,Cattles,Cattles,Normal Skin,Normal Skin,Normal Skin,Normal Skin,0.6301145773296085,0.5911491,True
/mnt/e/Ringworm detection project/DFAN-main/evaluation_data/development_external_2026_05_02/Cattles/Normal Skin/707f8fd6cf52__additional_data_curated__external_validation__d9.png,Cattles,Cattles,Normal Skin,Normal Skin,Normal Skin,Normal Skin,0.9905129290020271,0.981462,True
/mnt/e/Ringworm detection project/DFAN-main/evaluation_data/development_external_2026_05_02/Cattles/Normal Skin/7325f18e09f9__additional_data_curated__external_validation__52.png,Cattles,Cattles,Normal Skin,Normal Skin,Normal Skin,Normal Skin,0.9944645096894021,0.9830399,True
/mnt/e/Ringworm detection project/DFAN-main/evaluation_data/development_external_2026_05_02/Cattles/Normal Skin/735d71b7084f__additional_data_curated__external_validation__c9.png,Cattles,Cattles,Normal Skin,Normal Skin,Normal Skin,Normal Skin,0.9919122912645996,0.9799564,True
/mnt/e/Ringworm detection project/DFAN-main/evaluation_data/development_external_2026_05_02/Cattles/Normal Skin/76351e8558d3__additional_data_curated__external_validation__0b.png,Cattles,Cattles,Normal Skin,Normal Skin,Normal Skin,Normal Skin,0.9893918925502341,0.9724875,True
/mnt/e/Ringworm detection project/DFAN-main/evaluation_data/development_external_2026_05_02/Cattles/Normal Skin/773d94a19e8c__additional_data_curated__external_validation__f9.png,Cattles,Cattles,Normal Skin,Normal Skin,Normal Skin,Normal Skin,0.9942997649121845,0.98170644,True
/mnt/e/Ringworm detection project/DFAN-main/evaluation_data/development_external_2026_05_02/Cattles/Normal Skin/77d6168e5946__additional_data_curated__hard_validation__f20a3b.jpg,Cattles,Cattles,Normal Skin,Normal Skin,Normal Skin,Normal Skin,0.9948257776881322,0.9850034,True
/mnt/e/Ringworm detection project/DFAN-main/evaluation_data/development_external_2026_05_02/Cattles/Normal Skin/79656e9f365d__additional_data_curated__external_validation__de.png,Cattles,Cattles,Normal Skin,Normal Skin,Normal Skin,Normal Skin,0.8811195693517913,0.8488966,True
/mnt/e/Ringworm detection project/DFAN-main/evaluation_data/development_external_2026_05_02/Cattles/Normal Skin/7daa5a02f8d1__additional_data_curated__external_validation__cb.png,Cattles,Cattles,Normal Skin,Normal Skin,Normal Skin,Normal Skin,0.9865944467887174,0.9620067,True
/mnt/e/Ringworm detection project/DFAN-main/evaluation_data/development_external_2026_05_02/Cattles/Normal Skin/7dcb0d6d8025__additional_data_curated__external_validation__01.png,Cattles,Cattles,Normal Skin,Normal Skin,Normal Skin,Normal Skin,0.9938423355623911,0.98186606,True
/mnt/e/Ringworm detection project/DFAN-main/evaluation_data/development_external_2026_05_02/Cattles/Normal Skin/7e775532cef4__additional_data_curated__external_validation__9b.png,Cattles,Cattles,Normal Skin,Normal Skin,Normal Skin,Normal Skin,0.9921855351615704,0.97563744,True
/mnt/e/Ringworm detection project/DFAN-main/evaluation_data/development_external_2026_05_02/Cattles/Normal Skin/800b9fef235f__additional_data_curated__external_validation__07.png,Cattles,Cattles,Normal Skin,Normal Skin,Normal Skin,Normal Skin,0.995103724233313,0.9813643,True
/mnt/e/Ringworm detection project/DFAN-main/evaluation_data/development_external_2026_05_02/Cattles/Normal Skin/815422eef140__additional_data_curated__external_validation__f7.png,Cattles,Cattles,Normal Skin,Normal Skin,Normal Skin,Normal Skin,0.9939524764177634,0.9802766,True
/mnt/e/Ringworm detection project/DFAN-main/evaluation_data/development_external_2026_05_02/Cattles/Normal Skin/82b1ae984a9c__additional_data_curated__external_validation__02.png,Cattles,Cattles,Normal Skin,Normal Skin,Normal Skin,Normal Skin,0.9949028344290028,0.976546,True
/mnt/e/Ringworm detection project/DFAN-main/evaluation_data/development_external_2026_05_02/Cattles/Normal Skin/83f1abce3b7d__additional_data_curated__external_validation__2a.png,Cattles,Cattles,Normal Skin,Normal Skin,Normal Skin,Normal Skin,0.994084248406749,0.98490983,True
/mnt/e/Ringworm detection project/DFAN-main/evaluation_data/development_external_2026_05_02/Cattles/Normal Skin/8428e091f32e__additional_data_curated__hard_validation__fe988e.jpg,Cattles,Cattles,Normal Skin,Normal Skin,Normal Skin,Normal Skin,0.9922448426023406,0.96879923,True
/mnt/e/Ringworm detection project/DFAN-main/evaluation_data/development_external_2026_05_02/Cattles/Normal Skin/848d71a75f3c__additional_data_curated__external_validation__6b.png,Cattles,Cattles,Normal Skin,Normal Skin,Normal Skin,Normal Skin,0.9886103266657559,0.9778357,True
/mnt/e/Ringworm detection project/DFAN-main/evaluation_data/development_external_2026_05_02/Cattles/Normal Skin/86500bcf9510__additional_data_curated__external_validation__1e.png,Cattles,Cattles,Normal Skin,Normal Skin,Normal Skin,Normal Skin,0.9881731522940753,0.9716902,True
/mnt/e/Ringworm detection project/DFAN-main/evaluation_data/development_external_2026_05_02/Cattles/Normal Skin/87385b9cdc14__additional_data_curated__external_validation__9e.png,Cattles,Cattles,Normal Skin,Normal Skin,Normal Skin,Normal Skin,0.9952430569842489,0.9825753,True
/mnt/e/Ringworm detection project/DFAN-main/evaluation_data/development_external_2026_05_02/Cattles/Normal Skin/87e079e75066__additional_data_curated__external_validation__75.png,Cattles,Cattles,Normal Skin,Normal Skin,Normal Skin,Normal Skin,0.9935614988740822,0.98257023,True
/mnt/e/Ringworm detection project/DFAN-main/evaluation_data/development_external_2026_05_02/Cattles/Normal Skin/88ad4283808a__additional_data_curated__external_validation__2f.png,Cattles,Cattles,Normal Skin,Normal Skin,Normal Skin,Normal Skin,0.9936455790784601,0.980187,True
/mnt/e/Ringworm detection project/DFAN-main/evaluation_data/development_external_2026_05_02/Cattles/Normal Skin/8a306a9740b0__additional_data_curated__external_validation__f0.png,Cattles,Cattles,Normal Skin,Normal Skin,Normal Skin,Normal Skin,0.9921026267067903,0.9809021,True
/mnt/e/Ringworm detection project/DFAN-main/evaluation_data/development_external_2026_05_02/Cattles/Normal Skin/8ca4be0a37f7__additional_data_curated__external_validation__d4.png,Cattles,Cattles,Normal Skin,Normal Skin,Normal Skin,Normal Skin,0.9958217296727908,0.9867156,True
/mnt/e/Ringworm detection project/DFAN-main/evaluation_data/development_external_2026_05_02/Cattles/Normal Skin/91658efe388f__additional_data_curated__external_validation__54.png,Cattles,Cattles,Normal Skin,Normal Skin,Normal Skin,Normal Skin,0.9947502589999796,0.98656726,True
/mnt/e/Ringworm detection project/DFAN-main/evaluation_data/development_external_2026_05_02/Cattles/Normal Skin/947c59ef7da4__additional_data_curated__hard_validation__2cd491.jpg,Cattles,Cattles,Normal Skin,Normal Skin,Normal Skin,Normal Skin,0.9416460550433848,0.7476698,True
/mnt/e/Ringworm detection project/DFAN-main/evaluation_data/development_external_2026_05_02/Cattles/Normal Skin/96f01c42d6e4__additional_data_curated__external_validation__50.png,Cattles,Cattles,Normal Skin,Normal Skin,Normal Skin,Normal Skin,0.9933272144570413,0.9712081,True
/mnt/e/Ringworm detection project/DFAN-main/evaluation_data/development_external_2026_05_02/Cattles/Normal Skin/99a620c15d4d__additional_data_curated__external_validation__da.png,Cattles,Cattles,Normal Skin,Normal Skin,Normal Skin,Normal Skin,0.9951601048101194,0.9835761,True
/mnt/e/Ringworm detection project/DFAN-main/evaluation_data/development_external_2026_05_02/Cattles/Normal Skin/9a8ba7929026__additional_data_curated__external_validation__0e.png,Cattles,Cattles,Normal Skin,Normal Skin,Normal Skin,Normal Skin,0.9957430261427742,0.98660487,True
/mnt/e/Ringworm detection project/DFAN-main/evaluation_data/development_external_2026_05_02/Cattles/Normal Skin/9c203e414dad__additional_data_curated__external_validation__2f.png,Cattles,Cattles,Normal Skin,Normal Skin,Normal Skin,Normal Skin,0.9947326809457095,0.9833893,True
/mnt/e/Ringworm detection project/DFAN-main/evaluation_data/development_external_2026_05_02/Cattles/Normal Skin/9c300e3361df__additional_data_curated__external_validation__54.png,Cattles,Cattles,Normal Skin,Lumpy Skin,Lumpy Skin,Lumpy Skin,0.9930539853071985,0.98367405,False
/mnt/e/Ringworm detection project/DFAN-main/evaluation_data/development_external_2026_05_02/Cattles/Normal Skin/9c4dedeb036b__additional_data_curated__external_validation__1e.png,Cattles,Cattles,Normal Skin,Normal Skin,Normal Skin,Normal Skin,0.9911461067112249,0.9762704,True
/mnt/e/Ringworm detection project/DFAN-main/evaluation_data/development_external_2026_05_02/Cattles/Normal Skin/9d1f122992b0__additional_data_curated__external_validation__ec.png,Cattles,Cattles,Normal Skin,Normal Skin,Normal Skin,Normal Skin,0.9951225775037382,0.98170334,True
/mnt/e/Ringworm detection project/DFAN-main/evaluation_data/development_external_2026_05_02/Cattles/Normal Skin/9d48a037da36__additional_data_curated__external_validation__62.png,Cattles,Cattles,Normal Skin,Normal Skin,Normal Skin,Normal Skin,0.9942175402447069,0.9830253,True
/mnt/e/Ringworm detection project/DFAN-main/evaluation_data/development_external_2026_05_02/Cattles/Normal Skin/9f00e4d073ff__additional_data_curated__hard_validation__1cc9df.jpg,Cattles,Cattles,Normal Skin,Normal Skin,Normal Skin,Normal Skin,0.9860258708948028,0.97239304,True
/mnt/e/Ringworm detection project/DFAN-main/evaluation_data/development_external_2026_05_02/Cattles/Normal Skin/9fd00f6ff36e__additional_data_curated__external_validation__f9.png,Cattles,Cattles,Normal Skin,Normal Skin,Normal Skin,Normal Skin,0.9935656529886594,0.98242825,True
/mnt/e/Ringworm detection project/DFAN-main/evaluation_data/development_external_2026_05_02/Cattles/Normal Skin/a2fc93692725__additional_data_curated__external_validation__4e.png,Cattles,Cattles,Normal Skin,Normal Skin,Normal Skin,Normal Skin,0.9965914493648488,0.9852386,True
/mnt/e/Ringworm detection project/DFAN-main/evaluation_data/development_external_2026_05_02/Cattles/Normal Skin/a3047ec57f7e__additional_data_curated__external_validation__db.png,Cattles,Cattles,Normal Skin,Normal Skin,Normal Skin,Normal Skin,0.9963294876118205,0.98549587,True
/mnt/e/Ringworm detection project/DFAN-main/evaluation_data/development_external_2026_05_02/Cattles/Normal Skin/a32b71791f79__additional_data_curated__hard_validation__0d40a7.jpg,Cattles,Cattles,Normal Skin,Normal Skin,Normal Skin,Normal Skin,0.9966243956488886,0.9893666,True
/mnt/e/Ringworm detection project/DFAN-main/evaluation_data/development_external_2026_05_02/Cattles/Normal Skin/a363e9a400d4__additional_data_curated__external_validation__4b.png,Cattles,Cattles,Normal Skin,Normal Skin,Normal Skin,Normal Skin,0.9951858560547293,0.98234737,True
/mnt/e/Ringworm detection project/DFAN-main/evaluation_data/development_external_2026_05_02/Cattles/Normal Skin/a3dcaf2f72a0__additional_data_curated__external_validation__b8.png,Cattles,Cattles,Normal Skin,Normal Skin,Normal Skin,Normal Skin,0.9953534698679916,0.9835676,True
/mnt/e/Ringworm detection project/DFAN-main/evaluation_data/development_external_2026_05_02/Cattles/Normal Skin/a5b26b4bc99a__additional_data_curated__external_validation__17.png,Cattles,Cattles,Normal Skin,Normal Skin,Normal Skin,Normal Skin,0.9853078545749494,0.96975166,True
/mnt/e/Ringworm detection project/DFAN-main/evaluation_data/development_external_2026_05_02/Cattles/Normal Skin/a8d120d5a009__additional_data_curated__external_validation__fd.png,Cattles,Cattles,Normal Skin,Normal Skin,Normal Skin,Normal Skin,0.9930204447664194,0.98059756,True
/mnt/e/Ringworm detection project/DFAN-main/evaluation_data/development_external_2026_05_02/Cattles/Normal Skin/abd7aae7e5fb__additional_data_curated__external_validation__9b.png,Cattles,Cattles,Normal Skin,Normal Skin,Normal Skin,Normal Skin,0.9945195883944066,0.97971755,True
/mnt/e/Ringworm detection project/DFAN-main/evaluation_data/development_external_2026_05_02/Cattles/Normal Skin/acb96e4556cc__additional_data_curated__external_validation__60.png,Cattles,Cattles,Normal Skin,Normal Skin,Normal Skin,Normal Skin,0.9508749263890887,0.9341395,True
/mnt/e/Ringworm detection project/DFAN-main/evaluation_data/development_external_2026_05_02/Cattles/Normal Skin/ae952a3a7b1e__additional_data_curated__external_validation__ff.png,Cattles,Cattles,Normal Skin,Normal Skin,Normal Skin,Normal Skin,0.9870258808177842,0.96629214,True
/mnt/e/Ringworm detection project/DFAN-main/evaluation_data/development_external_2026_05_02/Cattles/Normal Skin/af272bdae511__additional_data_curated__external_validation__37.png,Cattles,Cattles,Normal Skin,Normal Skin,Normal Skin,Normal Skin,0.996006477431897,0.9851128,True
/mnt/e/Ringworm detection project/DFAN-main/evaluation_data/development_external_2026_05_02/Cattles/Normal Skin/b3aeb40e5c35__additional_data_curated__external_validation__b3.png,Cattles,Cattles,Normal Skin,Normal Skin,Normal Skin,Normal Skin,0.9946487916186525,0.9837758,True
/mnt/e/Ringworm detection project/DFAN-main/evaluation_data/development_external_2026_05_02/Cattles/Normal Skin/b434183cb31d__additional_data_curated__external_validation__28.png,Cattles,Cattles,Normal Skin,Normal Skin,Normal Skin,Normal Skin,0.9529491428242296,0.93707025,True
/mnt/e/Ringworm detection project/DFAN-main/evaluation_data/development_external_2026_05_02/Cattles/Normal Skin/b4985c18eb59__additional_data_curated__external_validation__9b.png,Cattles,Cattles,Normal Skin,Normal Skin,Normal Skin,Normal Skin,0.9947379977281064,0.9790123,True
/mnt/e/Ringworm detection project/DFAN-main/evaluation_data/development_external_2026_05_02/Cattles/Normal Skin/b589087f9052__additional_data_curated__external_validation__f6.png,Cattles,Cattles,Normal Skin,Normal Skin,Normal Skin,Normal Skin,0.9923229529350402,0.98152643,True
/mnt/e/Ringworm detection project/DFAN-main/evaluation_data/development_external_2026_05_02/Cattles/Normal Skin/b68671e9bd52__additional_data_curated__external_validation__e6.png,Cattles,Cattles,Normal Skin,Normal Skin,Normal Skin,Normal Skin,0.9881090970462677,0.9687046,True
/mnt/e/Ringworm detection project/DFAN-main/evaluation_data/development_external_2026_05_02/Cattles/Normal Skin/b87cba7dc510__additional_data_curated__external_validation__83.png,Cattles,Cattles,Normal Skin,Normal Skin,Normal Skin,Normal Skin,0.996444503708415,0.98389786,True
/mnt/e/Ringworm detection project/DFAN-main/evaluation_data/development_external_2026_05_02/Cattles/Normal Skin/b9b14d2dd9e8__additional_data_curated__external_validation__ac.png,Cattles,Cattles,Normal Skin,Normal Skin,Normal Skin,Normal Skin,0.9945176709141517,0.984576,True
/mnt/e/Ringworm detection project/DFAN-main/evaluation_data/development_external_2026_05_02/Cattles/Normal Skin/bf26871b7398__additional_data_curated__external_validation__fc.png,Cattles,Cattles,Normal Skin,Normal Skin,Normal Skin,Normal Skin,0.9930239060587368,0.9782729,True
/mnt/e/Ringworm detection project/DFAN-main/evaluation_data/development_external_2026_05_02/Cattles/Normal Skin/c169204dfb26__additional_data_curated__hard_validation__6056c1.png,Cattles,Cattles,Normal Skin,Normal Skin,Normal Skin,Normal Skin,0.9842220326568105,0.9414618,True
/mnt/e/Ringworm detection project/DFAN-main/evaluation_data/development_external_2026_05_02/Cattles/Normal Skin/c16dd04359e1__additional_data_curated__external_validation__6d.png,Cattles,Cattles,Normal Skin,Normal Skin,Normal Skin,Normal Skin,0.9676682365068359,0.95517343,True
/mnt/e/Ringworm detection project/DFAN-main/evaluation_data/development_external_2026_05_02/Cattles/Normal Skin/c2ba1f287d8c__additional_data_curated__external_validation__98.png,Cattles,Cattles,Normal Skin,Lumpy Skin,Lumpy Skin,Lumpy Skin,0.9830731019105245,0.9673555,False
/mnt/e/Ringworm detection project/DFAN-main/evaluation_data/development_external_2026_05_02/Cattles/Normal Skin/c356f8bb1259__additional_data_curated__external_validation__97.png,Cattles,Cattles,Normal Skin,Normal Skin,Normal Skin,Normal Skin,0.9890586134411947,0.9776493,True
/mnt/e/Ringworm detection project/DFAN-main/evaluation_data/development_external_2026_05_02/Cattles/Normal Skin/c45f343d7402__additional_data_curated__external_validation__23.png,Cattles,Cattles,Normal Skin,Lumpy Skin,Lumpy Skin,Lumpy Skin,0.6206825208463624,0.59667206,False
/mnt/e/Ringworm detection project/DFAN-main/evaluation_data/development_external_2026_05_02/Cattles/Normal Skin/c51bc943abe6__additional_data_curated__external_validation__bc.png,Cattles,Cattles,Normal Skin,Normal Skin,Normal Skin,Normal Skin,0.9939866573358848,0.977236,True
/mnt/e/Ringworm detection project/DFAN-main/evaluation_data/development_external_2026_05_02/Cattles/Normal Skin/c522a088e747__additional_data_curated__external_validation__ae.png,Cattles,Cattles,Normal Skin,Normal Skin,Normal Skin,Normal Skin,0.9960484226622541,0.9872765,True
/mnt/e/Ringworm detection project/DFAN-main/evaluation_data/development_external_2026_05_02/Cattles/Normal Skin/c6f82cc2b400__additional_data_curated__external_validation__91.png,Cattles,Cattles,Normal Skin,Normal Skin,Normal Skin,Normal Skin,0.9943650758261645,0.9772677,True
/mnt/e/Ringworm detection project/DFAN-main/evaluation_data/development_external_2026_05_02/Cattles/Normal Skin/c71e1ad2d6f6__additional_data_curated__external_validation__46.png,Cattles,Cattles,Normal Skin,Normal Skin,Normal Skin,Normal Skin,0.9938432667470388,0.9770855,True
/mnt/e/Ringworm detection project/DFAN-main/evaluation_data/development_external_2026_05_02/Cattles/Normal Skin/c72665cea199__additional_data_curated__external_validation__e4.png,Cattles,Cattles,Normal Skin,Normal Skin,Normal Skin,Normal Skin,0.9959458203787269,0.9861231,True
/mnt/e/Ringworm detection project/DFAN-main/evaluation_data/development_external_2026_05_02/Cattles/Normal Skin/c795259bf4af__additional_data_curated__external_validation__e5.png,Cattles,Cattles,Normal Skin,Normal Skin,Normal Skin,Normal Skin,0.9957991293737408,0.9860095,True
/mnt/e/Ringworm detection project/DFAN-main/evaluation_data/development_external_2026_05_02/Cattles/Normal Skin/c7d9b52d6022__additional_data_curated__external_validation__62.png,Cattles,Cattles,Normal Skin,Normal Skin,Normal Skin,Normal Skin,0.9945326799496632,0.98546743,True
/mnt/e/Ringworm detection project/DFAN-main/evaluation_data/development_external_2026_05_02/Cattles/Normal Skin/c87cc2989a77__additional_data_curated__external_validation__ad.png,Cattles,Cattles,Normal Skin,Normal Skin,Normal Skin,Normal Skin,0.9941403556829758,0.9836642,True
/mnt/e/Ringworm detection project/DFAN-main/evaluation_data/development_external_2026_05_02/Cattles/Normal Skin/cd28d17f13ec__additional_data_curated__external_validation__5a.png,Cattles,Cattles,Normal Skin,Normal Skin,Normal Skin,Normal Skin,0.9750251847273963,0.9476186,True
/mnt/e/Ringworm detection project/DFAN-main/evaluation_data/development_external_2026_05_02/Cattles/Normal Skin/ce0aa0709d12__additional_data_curated__external_validation__7e.png,Cattles,Cattles,Normal Skin,Normal Skin,Normal Skin,Normal Skin,0.9957780515182888,0.9857013,True
/mnt/e/Ringworm detection project/DFAN-main/evaluation_data/development_external_2026_05_02/Cattles/Normal Skin/ce9fcb45fb9f__additional_data_curated__external_validation__8d.png,Cattles,Cattles,Normal Skin,Normal Skin,Normal Skin,Normal Skin,0.9954694287134948,0.9865124,True
/mnt/e/Ringworm detection project/DFAN-main/evaluation_data/development_external_2026_05_02/Cattles/Normal Skin/cf00b235e88b__additional_data_curated__external_validation__4d.png,Cattles,Cattles,Normal Skin,Normal Skin,Normal Skin,Normal Skin,0.9941615466991872,0.9764325,True
/mnt/e/Ringworm detection project/DFAN-main/evaluation_data/development_external_2026_05_02/Cattles/Normal Skin/d5b3dbbc9b9b__additional_data_curated__external_validation__2a.png,Cattles,Cattles,Normal Skin,Normal Skin,Normal Skin,Normal Skin,0.9954215437311612,0.98573065,True
/mnt/e/Ringworm detection project/DFAN-main/evaluation_data/development_external_2026_05_02/Cattles/Normal Skin/d85c055b10ff__additional_data_curated__hard_validation__48ea5a.jpg,Cattles,Cattles,Normal Skin,Normal Skin,Normal Skin,Normal Skin,0.9869725551053155,0.9639286,True
/mnt/e/Ringworm detection project/DFAN-main/evaluation_data/development_external_2026_05_02/Cattles/Normal Skin/da1a5b85cb51__additional_data_curated__external_validation__c3.png,Cattles,Cattles,Normal Skin,Normal Skin,Normal Skin,Normal Skin,0.9951939149589191,0.9814269,True
/mnt/e/Ringworm detection project/DFAN-main/evaluation_data/development_external_2026_05_02/Cattles/Normal Skin/dc4c73422db3__additional_data_curated__external_validation__df.png,Cattles,Cattles,Normal Skin,Normal Skin,Normal Skin,Normal Skin,0.9955914986238148,0.98472,True
/mnt/e/Ringworm detection project/DFAN-main/evaluation_data/development_external_2026_05_02/Cattles/Normal Skin/dd0bb9e4d65d__additional_data_curated__external_validation__91.png,Cattles,Cattles,Normal Skin,Normal Skin,Normal Skin,Normal Skin,0.9954564286509285,0.9858499,True
/mnt/e/Ringworm detection project/DFAN-main/evaluation_data/development_external_2026_05_02/Cattles/Normal Skin/df515e5ecdfd__additional_data_curated__external_validation__79.png,Cattles,Cattles,Normal Skin,Normal Skin,Normal Skin,Normal Skin,0.9960227654589098,0.9853135,True
/mnt/e/Ringworm detection project/DFAN-main/evaluation_data/development_external_2026_05_02/Cattles/Normal Skin/dfa0a6d83074__additional_data_curated__external_validation__6e.png,Cattles,Cattles,Normal Skin,Normal Skin,Normal Skin,Normal Skin,0.9872022268429343,0.9730445,True
/mnt/e/Ringworm detection project/DFAN-main/evaluation_data/development_external_2026_05_02/Cattles/Normal Skin/e0ea4cb5ed88__additional_data_curated__external_validation__72.png,Cattles,Dog,Normal Skin,Dog_normal,Dog_normal,Normal Skin,0.3130553859039223,0.9842164,True
/mnt/e/Ringworm detection project/DFAN-main/evaluation_data/development_external_2026_05_02/Cattles/Normal Skin/e1490127d789__additional_data_curated__external_validation__c0.png,Cattles,Cattles,Normal Skin,Normal Skin,Normal Skin,Normal Skin,0.9908007623651259,0.97740424,True
/mnt/e/Ringworm detection project/DFAN-main/evaluation_data/development_external_2026_05_02/Cattles/Normal Skin/e3578a0cf79d__additional_data_curated__external_validation__5c.png,Cattles,Cattles,Normal Skin,Normal Skin,Normal Skin,Normal Skin,0.9786586353429165,0.9531155,True
/mnt/e/Ringworm detection project/DFAN-main/evaluation_data/development_external_2026_05_02/Cattles/Normal Skin/e3f4256c971f__additional_data_curated__hard_validation__02855f.jpg,Cattles,Cattles,Normal Skin,Normal Skin,Normal Skin,Normal Skin,0.9877424018828804,0.9771434,True
/mnt/e/Ringworm detection project/DFAN-main/evaluation_data/development_external_2026_05_02/Cattles/Normal Skin/e5c4aa53c308__additional_data_curated__external_validation__98.png,Cattles,Cattles,Normal Skin,Normal Skin,Normal Skin,Normal Skin,0.9954912111831048,0.98344135,True
/mnt/e/Ringworm detection project/DFAN-main/evaluation_data/development_external_2026_05_02/Cattles/Normal Skin/ea53d3dccbae__additional_data_curated__external_validation__06.png,Cattles,Cattles,Normal Skin,Normal Skin,Normal Skin,Normal Skin,0.9939875136279116,0.9768867,True
/mnt/e/Ringworm detection project/DFAN-main/evaluation_data/development_external_2026_05_02/Cattles/Normal Skin/eae9193b9445__additional_data_curated__external_validation__48.png,Cattles,Cattles,Normal Skin,Normal Skin,Normal Skin,Normal Skin,0.9953926272015684,0.98108333,True
/mnt/e/Ringworm detection project/DFAN-main/evaluation_data/development_external_2026_05_02/Cattles/Normal Skin/ecf5d57a1496__additional_data_curated__hard_validation__0dc594.jpg,Cattles,Cattles,Normal Skin,Normal Skin,Normal Skin,Normal Skin,0.9964442579582803,0.9858512,True
/mnt/e/Ringworm detection project/DFAN-main/evaluation_data/development_external_2026_05_02/Cattles/Normal Skin/ee9bfa506aa0__additional_data_curated__external_validation__b7.png,Cattles,Cattles,Normal Skin,Normal Skin,Normal Skin,Normal Skin,0.995278714573133,0.985567,True
/mnt/e/Ringworm detection project/DFAN-main/evaluation_data/development_external_2026_05_02/Cattles/Normal Skin/ef1ce62138a3__additional_data_curated__external_validation__a5.png,Cattles,Cattles,Normal Skin,Normal Skin,Normal Skin,Normal Skin,0.8689339868985199,0.83157736,True
/mnt/e/Ringworm detection project/DFAN-main/evaluation_data/development_external_2026_05_02/Cattles/Normal Skin/ef567194c8f6__additional_data_curated__external_validation__06.png,Cattles,Cattles,Normal Skin,Normal Skin,Normal Skin,Normal Skin,0.9938101687468728,0.98147136,True
/mnt/e/Ringworm detection project/DFAN-main/evaluation_data/development_external_2026_05_02/Cattles/Normal Skin/f1965f5116f0__additional_data_curated__external_validation__07.png,Cattles,Cattles,Normal Skin,Normal Skin,Normal Skin,Normal Skin,0.9951914144290096,0.9802782,True
/mnt/e/Ringworm detection project/DFAN-main/evaluation_data/development_external_2026_05_02/Cattles/Normal Skin/f2c20a466ead__additional_data_curated__external_validation__c2.png,Cattles,Cattles,Normal Skin,Normal Skin,Normal Skin,Normal Skin,0.9463832303033952,0.92087543,True
/mnt/e/Ringworm detection project/DFAN-main/evaluation_data/development_external_2026_05_02/Cattles/Normal Skin/f3f3c219d56f__additional_data_curated__external_validation__b5.png,Cattles,Cattles,Normal Skin,Normal Skin,Normal Skin,Normal Skin,0.9946473512079406,0.98364776,True
/mnt/e/Ringworm detection project/DFAN-main/evaluation_data/development_external_2026_05_02/Cattles/Normal Skin/f85879886406__additional_data_curated__external_validation__fa.png,Cattles,Cattles,Normal Skin,Normal Skin,Normal Skin,Normal Skin,0.9946201901241718,0.9835285,True
/mnt/e/Ringworm detection project/DFAN-main/evaluation_data/development_external_2026_05_02/Cattles/Normal Skin/f88257f896bd__additional_data_curated__external_validation__8e.png,Cattles,Cattles,Normal Skin,Normal Skin,Normal Skin,Normal Skin,0.9958535371110939,0.98408407,True
/mnt/e/Ringworm detection project/DFAN-main/evaluation_data/development_external_2026_05_02/Cattles/Normal Skin/f9ab96fe84eb__additional_data_curated__external_validation__d0.png,Cattles,Cattles,Normal Skin,Normal Skin,Normal Skin,Normal Skin,0.9920536999298876,0.98007053,True
/mnt/e/Ringworm detection project/DFAN-main/evaluation_data/development_external_2026_05_02/Cattles/Normal Skin/faa0f3e58c95__additional_data_curated__external_validation__c6.png,Cattles,Cattles,Normal Skin,Normal Skin,Normal Skin,Normal Skin,0.9954605225668882,0.98101324,True
/mnt/e/Ringworm detection project/DFAN-main/evaluation_data/development_external_2026_05_02/Cattles/Normal Skin/fb5766cb49a5__additional_data_curated__external_validation__5b.png,Cattles,Cattles,Normal Skin,Normal Skin,Normal Skin,Normal Skin,0.9956601409108263,0.9865086,True
/mnt/e/Ringworm detection project/DFAN-main/evaluation_data/development_external_2026_05_02/Cattles/Normal Skin/fc41c408aef2__additional_data_curated__external_validation__a9.png,Cattles,Cattles,Normal Skin,Normal Skin,Normal Skin,Normal Skin,0.9959382633143268,0.9824232,True
/mnt/e/Ringworm detection project/DFAN-main/evaluation_data/development_external_2026_05_02/Dog/Dermatitis in Dog/00a7cb51616b__additional_data_curated__hard_validation__64e14f.jpg,Dog,Dog,Dermatitis in Dog,Dermatitis in Dog,Dermatitis in Dog,Dermatitis in Dog,0.9931114258802008,0.97975177,True
/mnt/e/Ringworm detection project/DFAN-main/evaluation_data/development_external_2026_05_02/Dog/Dermatitis in Dog/089b43d5fb38__additional_data_curated__hard_validation__91e478.webp,Dog,Dog,Dermatitis in Dog,Dermatitis in Dog,Dermatitis in Dog,Dermatitis in Dog,0.9950464322287572,0.9898325,True
/mnt/e/Ringworm detection project/DFAN-main/evaluation_data/development_external_2026_05_02/Dog/Dermatitis in Dog/0a1ddcf6ef7a__additional_data_curated__hard_validation__352c5d.jpg,Dog,Dog,Dermatitis in Dog,Dermatitis in Dog,Dermatitis in Dog,Dermatitis in Dog,0.9974281416359883,0.9926795,True
/mnt/e/Ringworm detection project/DFAN-main/evaluation_data/development_external_2026_05_02/Dog/Dermatitis in Dog/0b146d4cd942__additional_data_curated__hard_validation__8edd48.jpg,Dog,Dog,Dermatitis in Dog,Fungal Infection in Dog,Fungal Infection in Dog,Fungal Infection in Dog,0.8134307519124089,0.7654053,False
/mnt/e/Ringworm detection project/DFAN-main/evaluation_data/development_external_2026_05_02/Dog/Dermatitis in Dog/0cde6ac7ffb1__additional_data_curated__hard_validation__6d4306.jpg,Dog,Dog,Dermatitis in Dog,Dermatitis in Dog,Dermatitis in Dog,Dermatitis in Dog,0.9954158182237636,0.98856926,True
/mnt/e/Ringworm detection project/DFAN-main/evaluation_data/development_external_2026_05_02/Dog/Dermatitis in Dog/0f2598a9ad3f__additional_data_curated__hard_validation__336229.jpg,Dog,Dog,Dermatitis in Dog,Skin Allergy in Dog,Skin Allergy in Dog,Skin Allergy in Dog,0.7732285852598105,0.7342857,False
/mnt/e/Ringworm detection project/DFAN-main/evaluation_data/development_external_2026_05_02/Dog/Dermatitis in Dog/11ccc9f044df__additional_data_curated__hard_validation__e26fda.jpg,Dog,Dog,Dermatitis in Dog,Dermatitis in Dog,Dermatitis in Dog,Dermatitis in Dog,0.9970409061027964,0.99240667,True
/mnt/e/Ringworm detection project/DFAN-main/evaluation_data/development_external_2026_05_02/Dog/Dermatitis in Dog/145d50883785__additional_data_curated__hard_validation__3762bc.jpg,Dog,Dog,Dermatitis in Dog,Dermatitis in Dog,Dermatitis in Dog,Dermatitis in Dog,0.995790850865583,0.9888987,True
/mnt/e/Ringworm detection project/DFAN-main/evaluation_data/development_external_2026_05_02/Dog/Dermatitis in Dog/1b086ec1631d__additional_data_curated__hard_validation__b0473f.jpg,Dog,Dog,Dermatitis in Dog,Dermatitis in Dog,Dermatitis in Dog,Dermatitis in Dog,0.9905053088451616,0.9757724,True
/mnt/e/Ringworm detection project/DFAN-main/evaluation_data/development_external_2026_05_02/Dog/Dermatitis in Dog/1ba9ae68fc54__additional_data_curated__hard_validation__7614c1.jpg,Dog,Dog,Dermatitis in Dog,Fungal Infection in Dog,Fungal Infection in Dog,Fungal Infection in Dog,0.7486007353988368,0.71996874,False
/mnt/e/Ringworm detection project/DFAN-main/evaluation_data/development_external_2026_05_02/Dog/Dermatitis in Dog/231463956cf3__additional_data_curated__hard_validation__9d5a8f.jpg,Dog,Dog,Dermatitis in Dog,Dermatitis in Dog,Dermatitis in Dog,Dermatitis in Dog,0.9964041579224134,0.9917066,True
/mnt/e/Ringworm detection project/DFAN-main/evaluation_data/development_external_2026_05_02/Dog/Dermatitis in Dog/2494bd8e1808__additional_data_curated__hard_validation__a45d1e.webp,Dog,Dog,Dermatitis in Dog,Dermatitis in Dog,Dermatitis in Dog,Dermatitis in Dog,0.990207731020127,0.9769018,True
/mnt/e/Ringworm detection project/DFAN-main/evaluation_data/development_external_2026_05_02/Dog/Dermatitis in Dog/258c85f35341__additional_data_curated__hard_validation__51d39c.jpg,Dog,Dog,Dermatitis in Dog,Dermatitis in Dog,Dermatitis in Dog,Dermatitis in Dog,0.9806040932095698,0.9693729,True
/mnt/e/Ringworm detection project/DFAN-main/evaluation_data/development_external_2026_05_02/Dog/Dermatitis in Dog/25a0f769338a__additional_data_curated__hard_validation__756ff3.jpg,Dog,Dog,Dermatitis in Dog,Dermatitis in Dog,Dermatitis in Dog,Dermatitis in Dog,0.9925824141268492,0.9859255,True
/mnt/e/Ringworm detection project/DFAN-main/evaluation_data/development_external_2026_05_02/Dog/Dermatitis in Dog/2bc8d5ac50b9__additional_data_curated__hard_validation__39f3ba.jpg,Dog,Dog,Dermatitis in Dog,Dermatitis in Dog,Dermatitis in Dog,Dermatitis in Dog,0.9973841694195148,0.99209434,True
/mnt/e/Ringworm detection project/DFAN-main/evaluation_data/development_external_2026_05_02/Dog/Dermatitis in Dog/2de661f5536c__additional_data_curated__hard_validation__0fc556.jpg,Dog,Dog,Dermatitis in Dog,Dermatitis in Dog,Dermatitis in Dog,Dermatitis in Dog,0.9872195299987343,0.9696354,True
/mnt/e/Ringworm detection project/DFAN-main/evaluation_data/development_external_2026_05_02/Dog/Dermatitis in Dog/311df95dc086__additional_data_curated__hard_validation__5ad93e.jpg,Dog,Dog,Dermatitis in Dog,Dermatitis in Dog,Dermatitis in Dog,Dermatitis in Dog,0.9840106058893615,0.9756055,True
/mnt/e/Ringworm detection project/DFAN-main/evaluation_data/development_external_2026_05_02/Dog/Dermatitis in Dog/32352fa3ce1c__additional_data_curated__hard_validation__412d48.jpg,Dog,Dog,Dermatitis in Dog,Mange in Dog,Mange in Dog,Mange in Dog,0.9753474679008565,0.8487001,False
/mnt/e/Ringworm detection project/DFAN-main/evaluation_data/development_external_2026_05_02/Dog/Dermatitis in Dog/369647edd6d6__additional_data_curated__hard_validation__273eb8.jpg,Dog,Dog,Dermatitis in Dog,Dermatitis in Dog,Dermatitis in Dog,Dermatitis in Dog,0.9969508390746389,0.9924959,True
/mnt/e/Ringworm detection project/DFAN-main/evaluation_data/development_external_2026_05_02/Dog/Dermatitis in Dog/3d642d73dec6__additional_data_curated__hard_validation__124592.jpg,Dog,Dog,Dermatitis in Dog,Dermatitis in Dog,Dermatitis in Dog,Dermatitis in Dog,0.9955744712608994,0.9873482,True
/mnt/e/Ringworm detection project/DFAN-main/evaluation_data/development_external_2026_05_02/Dog/Dermatitis in Dog/3e19732faf00__additional_data_curated__hard_validation__7b15c3.jpg,Dog,Dog,Dermatitis in Dog,Dermatitis in Dog,Dermatitis in Dog,Dermatitis in Dog,0.9961813058255983,0.98685944,True
/mnt/e/Ringworm detection project/DFAN-main/evaluation_data/development_external_2026_05_02/Dog/Dermatitis in Dog/3e3bdc394640__additional_data_curated__hard_validation__9630d8.jpg,Dog,Dog,Dermatitis in Dog,Dermatitis in Dog,Dermatitis in Dog,Dermatitis in Dog,0.9919591059422675,0.9831813,True
/mnt/e/Ringworm detection project/DFAN-main/evaluation_data/development_external_2026_05_02/Dog/Dermatitis in Dog/3ea96cc1938b__additional_data_curated__hard_validation__5e1332.jpg,Dog,Dog,Dermatitis in Dog,Dermatitis in Dog,Dermatitis in Dog,Dermatitis in Dog,0.9950911058658288,0.9887312,True
/mnt/e/Ringworm detection project/DFAN-main/evaluation_data/development_external_2026_05_02/Dog/Dermatitis in Dog/40c798cdbb74__additional_data_curated__hard_validation__04f70e.jpg,Dog,Dog,Dermatitis in Dog,Dermatitis in Dog,Dermatitis in Dog,Dermatitis in Dog,0.9956452003182067,0.98766685,True
/mnt/e/Ringworm detection project/DFAN-main/evaluation_data/development_external_2026_05_02/Dog/Dermatitis in Dog/434b57cb8a1c__additional_data_curated__hard_validation__444c6d.jpg,Dog,Dog,Dermatitis in Dog,Dermatitis in Dog,Dermatitis in Dog,Dermatitis in Dog,0.9958493860634448,0.989099,True
/mnt/e/Ringworm detection project/DFAN-main/evaluation_data/development_external_2026_05_02/Dog/Dermatitis in Dog/469e070dabda__additional_data_curated__hard_validation__e18485.jpg,Dog,Dog,Dermatitis in Dog,Dermatitis in Dog,Dermatitis in Dog,Dermatitis in Dog,0.9886980525886316,0.9812035,True
/mnt/e/Ringworm detection project/DFAN-main/evaluation_data/development_external_2026_05_02/Dog/Dermatitis in Dog/474a1f844d86__additional_data_curated__hard_validation__a6b551.jpg,Dog,Dog,Dermatitis in Dog,Dermatitis in Dog,Dermatitis in Dog,Dermatitis in Dog,0.9302799669071364,0.9103004,True
/mnt/e/Ringworm detection project/DFAN-main/evaluation_data/development_external_2026_05_02/Dog/Dermatitis in Dog/49b7871d1d55__additional_data_curated__hard_validation__a8d8cc.jpg,Dog,Dog,Dermatitis in Dog,Dermatitis in Dog,Dermatitis in Dog,Dermatitis in Dog,0.94621815494974,0.9266866,True
/mnt/e/Ringworm detection project/DFAN-main/evaluation_data/development_external_2026_05_02/Dog/Dermatitis in Dog/49fa1459bde3__additional_data_curated__hard_validation__937092.jpg,Dog,Dog,Dermatitis in Dog,Dermatitis in Dog,Dermatitis in Dog,Dermatitis in Dog,0.9972427491859736,0.9924193,True
/mnt/e/Ringworm detection project/DFAN-main/evaluation_data/development_external_2026_05_02/Dog/Dermatitis in Dog/4d041a539338__additional_data_curated__hard_validation__5d86cf.jpg,Dog,Dog,Dermatitis in Dog,Dermatitis in Dog,Dermatitis in Dog,Dermatitis in Dog,0.9965203104613177,0.99193114,True
/mnt/e/Ringworm detection project/DFAN-main/evaluation_data/development_external_2026_05_02/Dog/Dermatitis in Dog/5487dae7b1f6__additional_data_curated__hard_validation__ffb999.jpg,Dog,Dog,Dermatitis in Dog,Dermatitis in Dog,Dermatitis in Dog,Dermatitis in Dog,0.991198491294541,0.98348916,True
/mnt/e/Ringworm detection project/DFAN-main/evaluation_data/development_external_2026_05_02/Dog/Dermatitis in Dog/54f60da35615__additional_data_curated__hard_validation__f386ff.jpg,Dog,Dog,Dermatitis in Dog,Dermatitis in Dog,Dermatitis in Dog,Dermatitis in Dog,0.9966180174504395,0.99136555,True
/mnt/e/Ringworm detection project/DFAN-main/evaluation_data/development_external_2026_05_02/Dog/Dermatitis in Dog/560b6ce94da3__additional_data_curated__hard_validation__01a6eb.jpg,Dog,Dog,Dermatitis in Dog,Dermatitis in Dog,Dermatitis in Dog,Dermatitis in Dog,0.9933775681598027,0.9744373,True
/mnt/e/Ringworm detection project/DFAN-main/evaluation_data/development_external_2026_05_02/Dog/Dermatitis in Dog/5638a23eb6a4__additional_data_curated__hard_validation__7b649c.jpg,Dog,Dog,Dermatitis in Dog,Dermatitis in Dog,Dermatitis in Dog,Dermatitis in Dog,0.993074868334968,0.9879533,True
/mnt/e/Ringworm detection project/DFAN-main/evaluation_data/development_external_2026_05_02/Dog/Dermatitis in Dog/566314c3e3d4__additional_data_curated__hard_validation__f364bd.jpg,Dog,Dog,Dermatitis in Dog,Dermatitis in Dog,Dermatitis in Dog,Dermatitis in Dog,0.9956511242104932,0.98827446,True
/mnt/e/Ringworm detection project/DFAN-main/evaluation_data/development_external_2026_05_02/Dog/Dermatitis in Dog/57396b3ac4e1__additional_data_curated__hard_validation__75e2dd.jpg,Dog,Dog,Dermatitis in Dog,Dermatitis in Dog,Dermatitis in Dog,Dermatitis in Dog,0.9911153163010519,0.9747832,True
/mnt/e/Ringworm detection project/DFAN-main/evaluation_data/development_external_2026_05_02/Dog/Dermatitis in Dog/5bba6773d6da__additional_data_curated__hard_validation__4f4db8.jpg,Dog,Dog,Dermatitis in Dog,Dermatitis in Dog,Dermatitis in Dog,Dermatitis in Dog,0.9929708357961037,0.9867779,True
/mnt/e/Ringworm detection project/DFAN-main/evaluation_data/development_external_2026_05_02/Dog/Dermatitis in Dog/5bbe39fd383a__additional_data_curated__hard_validation__5c3897.jpg,Dog,Dog,Dermatitis in Dog,Dermatitis in Dog,Dermatitis in Dog,Dermatitis in Dog,0.9544747279735876,0.9438745,True
/mnt/e/Ringworm detection project/DFAN-main/evaluation_data/development_external_2026_05_02/Dog/Dermatitis in Dog/60d5fa026d5e__additional_data_curated__hard_validation__f43660.jpg,Dog,Dog,Dermatitis in Dog,Ringworm in Dog,Ringworm in Dog,Ringworm in Dog,0.9929081723177353,0.98716766,False
/mnt/e/Ringworm detection project/DFAN-main/evaluation_data/development_external_2026_05_02/Dog/Dermatitis in Dog/66c693fa9649__additional_data_curated__hard_validation__adf9db.jpg,Dog,Dog,Dermatitis in Dog,Dermatitis in Dog,Dermatitis in Dog,Dermatitis in Dog,0.9960105227612858,0.990943,True
/mnt/e/Ringworm detection project/DFAN-main/evaluation_data/development_external_2026_05_02/Dog/Dermatitis in Dog/6a2c1d473f4b__additional_data_curated__hard_validation__f53324.jpg,Dog,Dog,Dermatitis in Dog,Dermatitis in Dog,Dermatitis in Dog,Dermatitis in Dog,0.9379678014644194,0.91405267,True
/mnt/e/Ringworm detection project/DFAN-main/evaluation_data/development_external_2026_05_02/Dog/Dermatitis in Dog/6ef2e963fe6a__additional_data_curated__hard_validation__7caf57.jpg,Dog,Dog,Dermatitis in Dog,Dermatitis in Dog,Dermatitis in Dog,Dermatitis in Dog,0.9907341975944816,0.9761391,True
/mnt/e/Ringworm detection project/DFAN-main/evaluation_data/development_external_2026_05_02/Dog/Dermatitis in Dog/6f846696d7ea__additional_data_curated__hard_validation__6e65fb.jpg,Dog,Dog,Dermatitis in Dog,Dermatitis in Dog,Dermatitis in Dog,Dermatitis in Dog,0.9954389330026518,0.9897912,True
/mnt/e/Ringworm detection project/DFAN-main/evaluation_data/development_external_2026_05_02/Dog/Dermatitis in Dog/706e7cb77b09__additional_data_curated__hard_validation__e1b335.jpg,Dog,Dog,Dermatitis in Dog,Dermatitis in Dog,Dermatitis in Dog,Dermatitis in Dog,0.8222353761931569,0.79696757,True
/mnt/e/Ringworm detection project/DFAN-main/evaluation_data/development_external_2026_05_02/Dog/Dermatitis in Dog/72b07295da0c__additional_data_curated__hard_validation__d2944a.jpg,Dog,Dog,Dermatitis in Dog,Dermatitis in Dog,Dermatitis in Dog,Dermatitis in Dog,0.995906660419557,0.98824257,True
/mnt/e/Ringworm detection project/DFAN-main/evaluation_data/development_external_2026_05_02/Dog/Dermatitis in Dog/72dd44acdc40__additional_data_curated__hard_validation__0eff8f.jpg,Dog,Dog,Dermatitis in Dog,Dermatitis in Dog,Dermatitis in Dog,Dermatitis in Dog,0.9899977164943231,0.9795002,True
/mnt/e/Ringworm detection project/DFAN-main/evaluation_data/development_external_2026_05_02/Dog/Dermatitis in Dog/75cec1a1fa4e__additional_data_curated__hard_validation__91611e.webp,Dog,Dog,Dermatitis in Dog,Dermatitis in Dog,Dermatitis in Dog,Dermatitis in Dog,0.9954253073064471,0.9861028,True
/mnt/e/Ringworm detection project/DFAN-main/evaluation_data/development_external_2026_05_02/Dog/Dermatitis in Dog/766af094fece__additional_data_curated__hard_validation__0df858.jpg,Dog,Dog,Dermatitis in Dog,Dermatitis in Dog,Dermatitis in Dog,Dermatitis in Dog,0.9950592033519502,0.98994523,True
/mnt/e/Ringworm detection project/DFAN-main/evaluation_data/development_external_2026_05_02/Dog/Dermatitis in Dog/76c2cd99833d__additional_data_curated__hard_validation__ce7a91.jpg,Dog,Dog,Dermatitis in Dog,Dermatitis in Dog,Dermatitis in Dog,Dermatitis in Dog,0.9938229144028534,0.9893356,True
/mnt/e/Ringworm detection project/DFAN-main/evaluation_data/development_external_2026_05_02/Dog/Dermatitis in Dog/7c7fce60cff8__additional_data_curated__hard_validation__f56b1d.jpg,Dog,Dog,Dermatitis in Dog,Dermatitis in Dog,Dermatitis in Dog,Dermatitis in Dog,0.9953904833117226,0.98971343,True
/mnt/e/Ringworm detection project/DFAN-main/evaluation_data/development_external_2026_05_02/Dog/Dermatitis in Dog/7d213bc71c79__additional_data_curated__hard_validation__a07662.jpg,Dog,Dog,Dermatitis in Dog,Dermatitis in Dog,Dermatitis in Dog,Dermatitis in Dog,0.9952255345294632,0.98717576,True
/mnt/e/Ringworm detection project/DFAN-main/evaluation_data/development_external_2026_05_02/Dog/Dermatitis in Dog/7f59d1f8065c__additional_data_curated__hard_validation__e1d844.jpg,Dog,Dog,Dermatitis in Dog,Dermatitis in Dog,Dermatitis in Dog,Dermatitis in Dog,0.997108062310961,0.99339527,True
/mnt/e/Ringworm detection project/DFAN-main/evaluation_data/development_external_2026_05_02/Dog/Dermatitis in Dog/7fed6cde2eed__additional_data_curated__hard_validation__87f361.jpg,Dog,Dog,Dermatitis in Dog,Dermatitis in Dog,Dermatitis in Dog,Dermatitis in Dog,0.9911242322775508,0.98512506,True
/mnt/e/Ringworm detection project/DFAN-main/evaluation_data/development_external_2026_05_02/Dog/Dermatitis in Dog/875653140726__additional_data_curated__hard_validation__cf0486.jpg,Dog,Dog,Dermatitis in Dog,Dermatitis in Dog,Dermatitis in Dog,Dermatitis in Dog,0.9927440868191525,0.98549336,True
/mnt/e/Ringworm detection project/DFAN-main/evaluation_data/development_external_2026_05_02/Dog/Dermatitis in Dog/894fd2b0e2bf__additional_data_curated__hard_validation__92ffc4.jpg,Dog,Dog,Dermatitis in Dog,Dermatitis in Dog,Dermatitis in Dog,Dermatitis in Dog,0.9916139664293965,0.9823858,True
/mnt/e/Ringworm detection project/DFAN-main/evaluation_data/development_external_2026_05_02/Dog/Dermatitis in Dog/8e1b8977d1c1__additional_data_curated__hard_validation__5a64e0.jpg,Dog,Dog,Dermatitis in Dog,Dermatitis in Dog,Dermatitis in Dog,Dermatitis in Dog,0.9965490520805801,0.99207944,True
/mnt/e/Ringworm detection project/DFAN-main/evaluation_data/development_external_2026_05_02/Dog/Dermatitis in Dog/91f4b4a03df6__additional_data_curated__hard_validation__4f43db.jpg,Dog,Dog,Dermatitis in Dog,Ringworm in Dog,Ringworm in Dog,Ringworm in Dog,0.9931638219721608,0.9873466,False
/mnt/e/Ringworm detection project/DFAN-main/evaluation_data/development_external_2026_05_02/Dog/Dermatitis in Dog/94ef9cffed0e__additional_data_curated__hard_validation__5a0f22.jpg,Dog,Dog,Dermatitis in Dog,Dermatitis in Dog,Dermatitis in Dog,Dermatitis in Dog,0.9965920026777724,0.98928434,True
/mnt/e/Ringworm detection project/DFAN-main/evaluation_data/development_external_2026_05_02/Dog/Dermatitis in Dog/969229a00d21__additional_data_curated__hard_validation__c1c27b.jpg,Dog,Dog,Dermatitis in Dog,Dermatitis in Dog,Dermatitis in Dog,Dermatitis in Dog,0.9967612229817907,0.991911,True
/mnt/e/Ringworm detection project/DFAN-main/evaluation_data/development_external_2026_05_02/Dog/Dermatitis in Dog/96ff9a62ce1f__additional_data_curated__hard_validation__73869b.jpg,Dog,Dog,Dermatitis in Dog,Dermatitis in Dog,Dermatitis in Dog,Dermatitis in Dog,0.9936523495893452,0.9886352,True
/mnt/e/Ringworm detection project/DFAN-main/evaluation_data/development_external_2026_05_02/Dog/Dermatitis in Dog/9785a50a6181__additional_data_curated__hard_validation__48b02b.jpg,Dog,Dog,Dermatitis in Dog,Dermatitis in Dog,Dermatitis in Dog,Dermatitis in Dog,0.9970033679382972,0.99176735,True
/mnt/e/Ringworm detection project/DFAN-main/evaluation_data/development_external_2026_05_02/Dog/Dermatitis in Dog/9ac9283f4332__additional_data_curated__hard_validation__9ab2fd.jpg,Dog,Dog,Dermatitis in Dog,Dermatitis in Dog,Dermatitis in Dog,Dermatitis in Dog,0.9950405878436802,0.98182297,True
/mnt/e/Ringworm detection project/DFAN-main/evaluation_data/development_external_2026_05_02/Dog/Dermatitis in Dog/9b94103c6317__additional_data_curated__hard_validation__0bbf52.jpg,Dog,Dog,Dermatitis in Dog,Dermatitis in Dog,Dermatitis in Dog,Dermatitis in Dog,0.9929124057654596,0.98788774,True
/mnt/e/Ringworm detection project/DFAN-main/evaluation_data/development_external_2026_05_02/Dog/Dermatitis in Dog/a08591eded6c__additional_data_curated__hard_validation__907489.jpg,Dog,Dog,Dermatitis in Dog,Dermatitis in Dog,Dermatitis in Dog,Dermatitis in Dog,0.9128704759098166,0.8921378,True
/mnt/e/Ringworm detection project/DFAN-main/evaluation_data/development_external_2026_05_02/Dog/Dermatitis in Dog/a300a9081f45__additional_data_curated__hard_validation__aae2cf.jpg,Dog,Dog,Dermatitis in Dog,Dermatitis in Dog,Dermatitis in Dog,Dermatitis in Dog,0.968087455446149,0.95762366,True
/mnt/e/Ringworm detection project/DFAN-main/evaluation_data/development_external_2026_05_02/Dog/Dermatitis in Dog/a8fd6057f242__additional_data_curated__hard_validation__1dd57f.jpg,Dog,Dog,Dermatitis in Dog,Ringworm in Dog,Ringworm in Dog,Ringworm in Dog,0.981050752692202,0.96824336,False
/mnt/e/Ringworm detection project/DFAN-main/evaluation_data/development_external_2026_05_02/Dog/Dermatitis in Dog/adfa9a3eb6a4__additional_data_curated__hard_validation__f46062.jpg,Dog,Dog,Dermatitis in Dog,Dermatitis in Dog,Dermatitis in Dog,Dermatitis in Dog,0.9881894498731615,0.97455454,True
/mnt/e/Ringworm detection project/DFAN-main/evaluation_data/development_external_2026_05_02/Dog/Dermatitis in Dog/af9eab94bd35__additional_data_curated__hard_validation__68b34c.jpg,Dog,Dog,Dermatitis in Dog,Dermatitis in Dog,Dermatitis in Dog,Dermatitis in Dog,0.9899210969528847,0.9816005,True
/mnt/e/Ringworm detection project/DFAN-main/evaluation_data/development_external_2026_05_02/Dog/Dermatitis in Dog/b07f1841ba77__additional_data_curated__hard_validation__1c8b22.jpg,Dog,Dog,Dermatitis in Dog,Dermatitis in Dog,Dermatitis in Dog,Dermatitis in Dog,0.9941674010052413,0.98939556,True
/mnt/e/Ringworm detection project/DFAN-main/evaluation_data/development_external_2026_05_02/Dog/Dermatitis in Dog/b590b2c60131__additional_data_curated__hard_validation__231303.jpg,Dog,Dog,Dermatitis in Dog,Dermatitis in Dog,Dermatitis in Dog,Dermatitis in Dog,0.966176392183985,0.9493921,True
/mnt/e/Ringworm detection project/DFAN-main/evaluation_data/development_external_2026_05_02/Dog/Dermatitis in Dog/b69ec665ecfc__additional_data_curated__hard_validation__614800.jpg,Dog,Dog,Dermatitis in Dog,Fungal Infection in Dog,Fungal Infection in Dog,Fungal Infection in Dog,0.6201087596311057,0.60027015,False
/mnt/e/Ringworm detection project/DFAN-main/evaluation_data/development_external_2026_05_02/Dog/Dermatitis in Dog/b864424ae63e__additional_data_curated__hard_validation__8e0bbe.jpg,Dog,Dog,Dermatitis in Dog,Dermatitis in Dog,Dermatitis in Dog,Dermatitis in Dog,0.9940519747130269,0.98338807,True
/mnt/e/Ringworm detection project/DFAN-main/evaluation_data/development_external_2026_05_02/Dog/Dermatitis in Dog/b921728fbd65__additional_data_curated__hard_validation__567047.jpg,Dog,Dog,Dermatitis in Dog,Dog_normal,Dog_normal,Dog_normal,0.9580664475560521,0.92631483,False
/mnt/e/Ringworm detection project/DFAN-main/evaluation_data/development_external_2026_05_02/Dog/Dermatitis in Dog/bba0db9050c7__additional_data_curated__hard_validation__9aee08.jpg,Dog,Dog,Dermatitis in Dog,Dermatitis in Dog,Dermatitis in Dog,Dermatitis in Dog,0.9955747129083475,0.99152464,True
/mnt/e/Ringworm detection project/DFAN-main/evaluation_data/development_external_2026_05_02/Dog/Dermatitis in Dog/bc6f6f691dab__additional_data_curated__hard_validation__838321.jpg,Dog,Dog,Dermatitis in Dog,Dermatitis in Dog,Dermatitis in Dog,Dermatitis in Dog,0.9942852908929964,0.9876338,True
/mnt/e/Ringworm detection project/DFAN-main/evaluation_data/development_external_2026_05_02/Dog/Dermatitis in Dog/c7ae6cdc2856__additional_data_curated__hard_validation__95149c.jpg,Dog,Dog,Dermatitis in Dog,Dermatitis in Dog,Dermatitis in Dog,Dermatitis in Dog,0.9963201955761519,0.99090844,True
/mnt/e/Ringworm detection project/DFAN-main/evaluation_data/development_external_2026_05_02/Dog/Dermatitis in Dog/c92f61480a48__additional_data_curated__hard_validation__6df536.jpg,Dog,Dog,Dermatitis in Dog,Dermatitis in Dog,Dermatitis in Dog,Dermatitis in Dog,0.9951159294477491,0.9860336,True
/mnt/e/Ringworm detection project/DFAN-main/evaluation_data/development_external_2026_05_02/Dog/Dermatitis in Dog/d155f17e916b__additional_data_curated__hard_validation__b63109.jpg,Dog,Dog,Dermatitis in Dog,Dermatitis in Dog,Dermatitis in Dog,Dermatitis in Dog,0.9953784068800006,0.98710454,True
/mnt/e/Ringworm detection project/DFAN-main/evaluation_data/development_external_2026_05_02/Dog/Dermatitis in Dog/d5803d5a7ce0__additional_data_curated__hard_validation__718bde.jpg,Dog,Dog,Dermatitis in Dog,Dermatitis in Dog,Dermatitis in Dog,Dermatitis in Dog,0.9911000201934282,0.974052,True
/mnt/e/Ringworm detection project/DFAN-main/evaluation_data/development_external_2026_05_02/Dog/Dermatitis in Dog/d793f34421c0__additional_data_curated__hard_validation__ad20e7.jpg,Dog,Dog,Dermatitis in Dog,Dermatitis in Dog,Dermatitis in Dog,Dermatitis in Dog,0.9976361714150108,0.993334,True
/mnt/e/Ringworm detection project/DFAN-main/evaluation_data/development_external_2026_05_02/Dog/Dermatitis in Dog/d93da8b788e1__additional_data_curated__hard_validation__d9e35b.jpg,Dog,Dog,Dermatitis in Dog,Dermatitis in Dog,Dermatitis in Dog,Dermatitis in Dog,0.9942757197147232,0.9851692,True
/mnt/e/Ringworm detection project/DFAN-main/evaluation_data/development_external_2026_05_02/Dog/Dermatitis in Dog/d9fd46a5b88f__additional_data_curated__hard_validation__93d6f0.jpg,Dog,Dog,Dermatitis in Dog,Dermatitis in Dog,Dermatitis in Dog,Dermatitis in Dog,0.9944722953487241,0.98220116,True
/mnt/e/Ringworm detection project/DFAN-main/evaluation_data/development_external_2026_05_02/Dog/Dermatitis in Dog/da0ed9b49607__additional_data_curated__hard_validation__76989e.jpg,Dog,Dog,Dermatitis in Dog,Dermatitis in Dog,Dermatitis in Dog,Dermatitis in Dog,0.9932356038053445,0.98014426,True
/mnt/e/Ringworm detection project/DFAN-main/evaluation_data/development_external_2026_05_02/Dog/Dermatitis in Dog/dca6cc943af0__additional_data_curated__hard_validation__142299.jpg,Dog,Dog,Dermatitis in Dog,Dermatitis in Dog,Dermatitis in Dog,Dermatitis in Dog,0.9973676434320158,0.9943058,True
/mnt/e/Ringworm detection project/DFAN-main/evaluation_data/development_external_2026_05_02/Dog/Dermatitis in Dog/dcbf6f9863d5__additional_data_curated__hard_validation__db5593.jpg,Dog,Dog,Dermatitis in Dog,Dermatitis in Dog,Dermatitis in Dog,Dermatitis in Dog,0.9882944205135565,0.97582495,True
/mnt/e/Ringworm detection project/DFAN-main/evaluation_data/development_external_2026_05_02/Dog/Dermatitis in Dog/dcc5a8d0d10b__additional_data_curated__hard_validation__f5e4f0.jpg,Dog,Dog,Dermatitis in Dog,Dermatitis in Dog,Dermatitis in Dog,Dermatitis in Dog,0.8782065293258029,0.85647535,True
/mnt/e/Ringworm detection project/DFAN-main/evaluation_data/development_external_2026_05_02/Dog/Dermatitis in Dog/dcc7085c2a87__additional_data_curated__hard_validation__f9f8d7.jpg,Dog,Dog,Dermatitis in Dog,Dermatitis in Dog,Dermatitis in Dog,Dermatitis in Dog,0.9960124983044963,0.9909473,True
/mnt/e/Ringworm detection project/DFAN-main/evaluation_data/development_external_2026_05_02/Dog/Dermatitis in Dog/e0ac89368ad4__additional_data_curated__hard_validation__115fb2.jpg,Dog,Dog,Dermatitis in Dog,Dermatitis in Dog,Dermatitis in Dog,Dermatitis in Dog,0.9941602872584118,0.9851509,True
/mnt/e/Ringworm detection project/DFAN-main/evaluation_data/development_external_2026_05_02/Dog/Dermatitis in Dog/e2a1529ba452__additional_data_curated__hard_validation__fcfa49.jpg,Dog,Dog,Dermatitis in Dog,Dermatitis in Dog,Dermatitis in Dog,Dermatitis in Dog,0.997278563424142,0.99271715,True
/mnt/e/Ringworm detection project/DFAN-main/evaluation_data/development_external_2026_05_02/Dog/Dermatitis in Dog/e7f3ce175976__additional_data_curated__hard_validation__38cb39.jpg,Dog,Dog,Dermatitis in Dog,Dermatitis in Dog,Dermatitis in Dog,Dermatitis in Dog,0.9974383119620236,0.993529,True
/mnt/e/Ringworm detection project/DFAN-main/evaluation_data/development_external_2026_05_02/Dog/Dermatitis in Dog/eb5e8aa047e5__additional_data_curated__hard_validation__b19e92.jpg,Dog,Dog,Dermatitis in Dog,Dermatitis in Dog,Dermatitis in Dog,Dermatitis in Dog,0.9962644499037845,0.99105924,True
/mnt/e/Ringworm detection project/DFAN-main/evaluation_data/development_external_2026_05_02/Dog/Dermatitis in Dog/f195e6c8806e__additional_data_curated__hard_validation__cccba3.jpg,Dog,Dog,Dermatitis in Dog,Dermatitis in Dog,Dermatitis in Dog,Dermatitis in Dog,0.9974253358900217,0.9931664,True
/mnt/e/Ringworm detection project/DFAN-main/evaluation_data/development_external_2026_05_02/Dog/Dermatitis in Dog/f55640894825__additional_data_curated__hard_validation__8be584.jpg,Dog,Dog,Dermatitis in Dog,Dermatitis in Dog,Dermatitis in Dog,Dermatitis in Dog,0.9956307337456055,0.98946536,True
/mnt/e/Ringworm detection project/DFAN-main/evaluation_data/development_external_2026_05_02/Dog/Dermatitis in Dog/fbc53554355d__additional_data_curated__hard_validation__e39db4.jpg,Dog,Dog,Dermatitis in Dog,Skin Allergy in Dog,Skin Allergy in Dog,Skin Allergy in Dog,0.9178735331443845,0.8939443,False
/mnt/e/Ringworm detection project/DFAN-main/evaluation_data/development_external_2026_05_02/Dog/Dermatitis in Dog/fbe58f109df2__additional_data_curated__hard_validation__fa4e18.jpg,Dog,Dog,Dermatitis in Dog,Dermatitis in Dog,Dermatitis in Dog,Dermatitis in Dog,0.9924209572691313,0.98335904,True
/mnt/e/Ringworm detection project/DFAN-main/evaluation_data/development_external_2026_05_02/Dog/Dermatitis in Dog/ff90d806f57d__additional_data_curated__hard_validation__e36e9a.jpg,Dog,Dog,Dermatitis in Dog,Dermatitis in Dog,Dermatitis in Dog,Dermatitis in Dog,0.9947986855526713,0.9881881,True
/mnt/e/Ringworm detection project/DFAN-main/evaluation_data/development_external_2026_05_02/Dog/Dog_normal/01c544de51d8__additional_data_curated__hard_validation__fbc571.jpg,Dog,Dog,Dog_normal,Dog_normal,Dog_normal,Dog_normal,0.8692788395630817,0.8453782,True
/mnt/e/Ringworm detection project/DFAN-main/evaluation_data/development_external_2026_05_02/Dog/Dog_normal/05f6a25ea9b3__additional_data_curated__hard_validation__b9cfbb.jpg,Dog,Dog,Dog_normal,Dog_normal,Dog_normal,Dog_normal,0.9659709756328759,0.94811666,True
/mnt/e/Ringworm detection project/DFAN-main/evaluation_data/development_external_2026_05_02/Dog/Dog_normal/06721e2ad8e1__additional_data_curated__hard_validation__e1c07b.jpg,Dog,Dog,Dog_normal,Dog_normal,Dog_normal,Dog_normal,0.9693191078703385,0.9559333,True
/mnt/e/Ringworm detection project/DFAN-main/evaluation_data/development_external_2026_05_02/Dog/Dog_normal/0761bee35ddd__additional_data_curated__hard_validation__eda61d.jpg,Dog,Dog,Dog_normal,Dog_normal,Dog_normal,Dog_normal,0.9819867636483001,0.965687,True
/mnt/e/Ringworm detection project/DFAN-main/evaluation_data/development_external_2026_05_02/Dog/Dog_normal/0db97c429cfc__additional_data_curated__hard_validation__937846.jpg,Dog,Dog,Dog_normal,Dermatitis in Dog,Dermatitis in Dog,Dermatitis in Dog,0.7395150629720542,0.7243648,False
/mnt/e/Ringworm detection project/DFAN-main/evaluation_data/development_external_2026_05_02/Dog/Dog_normal/0e865483b763__additional_data_curated__hard_validation__0b389c.jpg,Dog,Dog,Dog_normal,Dog_normal,Dog_normal,Dog_normal,0.9928122215959397,0.98213965,True
/mnt/e/Ringworm detection project/DFAN-main/evaluation_data/development_external_2026_05_02/Dog/Dog_normal/101fe6e9d83b__additional_data_curated__hard_validation__9dbea4.jpg,Dog,Dog,Dog_normal,Dog_normal,Dog_normal,Dog_normal,0.9916152398502048,0.98223346,True
/mnt/e/Ringworm detection project/DFAN-main/evaluation_data/development_external_2026_05_02/Dog/Dog_normal/131912a8e175__additional_data_curated__hard_validation__a8a7fa.jpg,Dog,Dog,Dog_normal,Dog_normal,Dog_normal,Dog_normal,0.993819546717821,0.98416257,True
/mnt/e/Ringworm detection project/DFAN-main/evaluation_data/development_external_2026_05_02/Dog/Dog_normal/133e7145f2ed__additional_data_curated__hard_validation__515b73.jpg,Dog,Dog,Dog_normal,Dog_normal,Dog_normal,Dog_normal,0.9927154437224276,0.9808241,True
/mnt/e/Ringworm detection project/DFAN-main/evaluation_data/development_external_2026_05_02/Dog/Dog_normal/139c932c7eb7__additional_data_curated__hard_validation__0c8536.jpg,Dog,Dog,Dog_normal,Dog_normal,Dog_normal,Dog_normal,0.44032150733303194,0.42717096,True
/mnt/e/Ringworm detection project/DFAN-main/evaluation_data/development_external_2026_05_02/Dog/Dog_normal/18dccb37ca1d__additional_data_curated__hard_validation__4fb030.jpg,Dog,Dog,Dog_normal,Dog_normal,Dog_normal,Dog_normal,0.6521421482781685,0.62953484,True
/mnt/e/Ringworm detection project/DFAN-main/evaluation_data/development_external_2026_05_02/Dog/Dog_normal/1a23452e380a__additional_data_curated__hard_validation__ca6227.jpg,Dog,Dog,Dog_normal,Dog_normal,Dog_normal,Dog_normal,0.9882250156041649,0.97884744,True
/mnt/e/Ringworm detection project/DFAN-main/evaluation_data/development_external_2026_05_02/Dog/Dog_normal/1b0e95a50aae__additional_data_curated__hard_validation__a0f479.jpg,Dog,Dog,Dog_normal,Dog_normal,Dog_normal,Dog_normal,0.9883671462652791,0.9777574,True
/mnt/e/Ringworm detection project/DFAN-main/evaluation_data/development_external_2026_05_02/Dog/Dog_normal/1c15a9ba6a0a__additional_data_curated__hard_validation__ac3d3a.jpg,Dog,Dog,Dog_normal,Dog_normal,Dog_normal,Dog_normal,0.9571994201052236,0.94269276,True
/mnt/e/Ringworm detection project/DFAN-main/evaluation_data/development_external_2026_05_02/Dog/Dog_normal/25ee8977dde1__additional_data_curated__hard_validation__15b3fb.jpg,Dog,Dog,Dog_normal,Dog_normal,Dog_normal,Dog_normal,0.9925215866861216,0.9795364,True
/mnt/e/Ringworm detection project/DFAN-main/evaluation_data/development_external_2026_05_02/Dog/Dog_normal/26a984a70918__additional_data_curated__hard_validation__b33dc4.jpg,Dog,Dog,Dog_normal,Dermatitis in Dog,Dermatitis in Dog,Dermatitis in Dog,0.649530661800673,0.63114774,False
/mnt/e/Ringworm detection project/DFAN-main/evaluation_data/development_external_2026_05_02/Dog/Dog_normal/29358293f54a__additional_data_curated__hard_validation__243041.jpg,Dog,Dog,Dog_normal,Dog_normal,Dog_normal,Dog_normal,0.993269222220389,0.98080814,True
/mnt/e/Ringworm detection project/DFAN-main/evaluation_data/development_external_2026_05_02/Dog/Dog_normal/29ad0366f9ae__additional_data_curated__hard_validation__fe2a4b.jpg,Dog,Dog,Dog_normal,Dog_normal,Dog_normal,Dog_normal,0.9921707118441986,0.9852201,True
/mnt/e/Ringworm detection project/DFAN-main/evaluation_data/development_external_2026_05_02/Dog/Dog_normal/2e1ef454b7ec__additional_data_curated__hard_validation__c1c845.jpg,Dog,Dog,Dog_normal,Dog_normal,Dog_normal,Dog_normal,0.7895228931301852,0.7718201,True
/mnt/e/Ringworm detection project/DFAN-main/evaluation_data/development_external_2026_05_02/Dog/Dog_normal/301894a87ef2__additional_data_curated__hard_validation__e74711.jpg,Dog,Dog,Dog_normal,Dog_normal,Dog_normal,Dog_normal,0.9933306132440775,0.983624,True
/mnt/e/Ringworm detection project/DFAN-main/evaluation_data/development_external_2026_05_02/Dog/Dog_normal/31b02f69e4cb__additional_data_curated__hard_validation__079ab5.jpg,Dog,Dog,Dog_normal,Dog_normal,Dog_normal,Dog_normal,0.7423958822344225,0.71639645,True
/mnt/e/Ringworm detection project/DFAN-main/evaluation_data/development_external_2026_05_02/Dog/Dog_normal/3256886aa02f__additional_data_curated__hard_validation__dc6ae1.jpg,Dog,Dog,Dog_normal,Dog_normal,Dog_normal,Dog_normal,0.9831075180706175,0.9689919,True
/mnt/e/Ringworm detection project/DFAN-main/evaluation_data/development_external_2026_05_02/Dog/Dog_normal/357a22b047ac__additional_data_curated__hard_validation__c948b2.jpg,Dog,Dog,Dog_normal,Dog_normal,Dog_normal,Dog_normal,0.9943613342943507,0.9861275,True
/mnt/e/Ringworm detection project/DFAN-main/evaluation_data/development_external_2026_05_02/Dog/Dog_normal/393287a5b2d4__additional_data_curated__hard_validation__5580b8.jpg,Dog,Dog,Dog_normal,Dog_normal,Dog_normal,Dog_normal,0.6467812664950848,0.6263894,True
/mnt/e/Ringworm detection project/DFAN-main/evaluation_data/development_external_2026_05_02/Dog/Dog_normal/3a394065b1ae__additional_data_curated__hard_validation__5c8c54.jpg,Dog,Dog,Dog_normal,Dog_normal,Dog_normal,Dog_normal,0.8605072529749137,0.8423537,True
/mnt/e/Ringworm detection project/DFAN-main/evaluation_data/development_external_2026_05_02/Dog/Dog_normal/3a9ea07906d8__additional_data_curated__hard_validation__c337ea.jpg,Dog,Dog,Dog_normal,Dog_normal,Dog_normal,Dog_normal,0.9915022035413313,0.9797372,True
/mnt/e/Ringworm detection project/DFAN-main/evaluation_data/development_external_2026_05_02/Dog/Dog_normal/3bbed1437f70__additional_data_curated__hard_validation__27f07b.jpg,Dog,Dog,Dog_normal,Dog_normal,Dog_normal,Dog_normal,0.7043983976731901,0.6833331,True
/mnt/e/Ringworm detection project/DFAN-main/evaluation_data/development_external_2026_05_02/Dog/Dog_normal/41e0d327a64a__additional_data_curated__hard_validation__5de012.jpg,Dog,Dog,Dog_normal,Dog_normal,Dog_normal,Dog_normal,0.9929043917086295,0.9820015,True
/mnt/e/Ringworm detection project/DFAN-main/evaluation_data/development_external_2026_05_02/Dog/Dog_normal/421ec0868457__additional_data_curated__hard_validation__769dd2.jpg,Dog,Dog,Dog_normal,Dog_normal,Dog_normal,Dog_normal,0.9935513357583866,0.9825873,True
/mnt/e/Ringworm detection project/DFAN-main/evaluation_data/development_external_2026_05_02/Dog/Dog_normal/44a81c0c4ac8__additional_data_curated__hard_validation__1f97f7.jpg,Dog,Dog,Dog_normal,Dog_normal,Dog_normal,Dog_normal,0.994180530761118,0.9870467,True
/mnt/e/Ringworm detection project/DFAN-main/evaluation_data/development_external_2026_05_02/Dog/Dog_normal/44e7a727cdb9__additional_data_curated__hard_validation__cf9ca4.jpg,Dog,Dog,Dog_normal,Dog_normal,Dog_normal,Dog_normal,0.9877816674261137,0.97826904,True
/mnt/e/Ringworm detection project/DFAN-main/evaluation_data/development_external_2026_05_02/Dog/Dog_normal/45e85e17f609__additional_data_curated__hard_validation__7dc39b.jpg,Dog,Dog,Dog_normal,Dog_normal,Dog_normal,Dog_normal,0.502709474315983,0.4872266,True
/mnt/e/Ringworm detection project/DFAN-main/evaluation_data/development_external_2026_05_02/Dog/Dog_normal/4760b6b84b4b__additional_data_curated__hard_validation__47a4b3.jpg,Dog,Dog,Dog_normal,Dog_normal,Dog_normal,Dog_normal,0.9907923020551872,0.9796705,True
/mnt/e/Ringworm detection project/DFAN-main/evaluation_data/development_external_2026_05_02/Dog/Dog_normal/495acef9b66f__additional_data_curated__hard_validation__e28ea9.jpg,Dog,Dog,Dog_normal,Dog_normal,Dog_normal,Dog_normal,0.9919397413137976,0.98218185,True
/mnt/e/Ringworm detection project/DFAN-main/evaluation_data/development_external_2026_05_02/Dog/Dog_normal/4d1577a718df__additional_data_curated__hard_validation__24da90.jpg,Dog,Dog,Dog_normal,Skin Allergy in Dog,Skin Allergy in Dog,Skin Allergy in Dog,0.9793451410722209,0.9711652,False
/mnt/e/Ringworm detection project/DFAN-main/evaluation_data/development_external_2026_05_02/Dog/Dog_normal/4fe951a20158__additional_data_curated__hard_validation__be4dd7.jpg,Dog,Dog,Dog_normal,Dog_normal,Dog_normal,Dog_normal,0.9891101872520702,0.97441024,True
/mnt/e/Ringworm detection project/DFAN-main/evaluation_data/development_external_2026_05_02/Dog/Dog_normal/50128a22de64__additional_data_curated__hard_validation__2489ec.jpg,Dog,Dog,Dog_normal,Dog_normal,Dog_normal,Dog_normal,0.5776508726501982,0.55546534,True
/mnt/e/Ringworm detection project/DFAN-main/evaluation_data/development_external_2026_05_02/Dog/Dog_normal/511ef54795d4__additional_data_curated__hard_validation__78ea9b.jpg,Dog,Dog,Dog_normal,Dog_normal,Dog_normal,Dog_normal,0.8927794170182598,0.86849374,True
/mnt/e/Ringworm detection project/DFAN-main/evaluation_data/development_external_2026_05_02/Dog/Dog_normal/51de493c12a6__additional_data_curated__hard_validation__386017.jpg,Dog,Dog,Dog_normal,Dog_normal,Dog_normal,Dog_normal,0.9916008880724219,0.98119074,True
/mnt/e/Ringworm detection project/DFAN-main/evaluation_data/development_external_2026_05_02/Dog/Dog_normal/542dd3d3b033__additional_data_curated__hard_validation__a63bc0.jpg,Dog,Dog,Dog_normal,Dog_normal,Dog_normal,Dog_normal,0.5983030970427967,0.5749277,True
/mnt/e/Ringworm detection project/DFAN-main/evaluation_data/development_external_2026_05_02/Dog/Dog_normal/598c6bdda9ad__additional_data_curated__hard_validation__a556f3.jpg,Dog,Dog,Dog_normal,Dog_normal,Dog_normal,Dog_normal,0.9740079464382985,0.9621283,True
/mnt/e/Ringworm detection project/DFAN-main/evaluation_data/development_external_2026_05_02/Dog/Dog_normal/5b40b18eea5d__additional_data_curated__hard_validation__05c9c0.jpg,Dog,Dog,Dog_normal,Dog_normal,Dog_normal,Dog_normal,0.9936356341882532,0.98355573,True
/mnt/e/Ringworm detection project/DFAN-main/evaluation_data/development_external_2026_05_02/Dog/Dog_normal/5b826da6d533__additional_data_curated__hard_validation__6fb79e.jpg,Dog,Dog,Dog_normal,Dog_normal,Dog_normal,Dog_normal,0.9913884170646008,0.98061335,True
/mnt/e/Ringworm detection project/DFAN-main/evaluation_data/development_external_2026_05_02/Dog/Dog_normal/5c83fbb84558__additional_data_curated__hard_validation__c025bc.jpg,Dog,Dog,Dog_normal,Dog_normal,Dog_normal,Dog_normal,0.9894274359582481,0.97607976,True
/mnt/e/Ringworm detection project/DFAN-main/evaluation_data/development_external_2026_05_02/Dog/Dog_normal/5c9e63dcd3fb__additional_data_curated__hard_validation__836339.jpg,Dog,Dog,Dog_normal,Dog_normal,Dog_normal,Dog_normal,0.988191616499154,0.9744066,True
/mnt/e/Ringworm detection project/DFAN-main/evaluation_data/development_external_2026_05_02/Dog/Dog_normal/5cfe8455daa5__additional_data_curated__hard_validation__380925.jpg,Dog,Dog,Dog_normal,Dog_normal,Dog_normal,Dog_normal,0.9928443744801229,0.9843227,True
/mnt/e/Ringworm detection project/DFAN-main/evaluation_data/development_external_2026_05_02/Dog/Dog_normal/5d430e600f93__additional_data_curated__hard_validation__deea01.jpg,Dog,Dog,Dog_normal,Dog_normal,Dog_normal,Dog_normal,0.992531625611879,0.9812732,True
/mnt/e/Ringworm detection project/DFAN-main/evaluation_data/development_external_2026_05_02/Dog/Dog_normal/5d7f23cd9e44__additional_data_curated__hard_validation__6dc794.jpg,Dog,Dog,Dog_normal,Dog_normal,Dog_normal,Dog_normal,0.6087067200252325,0.59011567,True
/mnt/e/Ringworm detection project/DFAN-main/evaluation_data/development_external_2026_05_02/Dog/Dog_normal/5dc9aced2d1a__additional_data_curated__hard_validation__59d650.jpg,Dog,Dog,Dog_normal,Dog_normal,Dog_normal,Dog_normal,0.9939434289186584,0.9855657,True
/mnt/e/Ringworm detection project/DFAN-main/evaluation_data/development_external_2026_05_02/Dog/Dog_normal/63d77cae8c84__additional_data_curated__hard_validation__0f6a2f.jpg,Dog,Dog,Dog_normal,Dog_normal,Dog_normal,Dog_normal,0.9927716046103112,0.98174345,True
/mnt/e/Ringworm detection project/DFAN-main/evaluation_data/development_external_2026_05_02/Dog/Dog_normal/658f14b3d5b4__additional_data_curated__hard_validation__e2eb96.jpg,Dog,Dog,Dog_normal,Dog_normal,Dog_normal,Dog_normal,0.9933596593974211,0.9807134,True
/mnt/e/Ringworm detection project/DFAN-main/evaluation_data/development_external_2026_05_02/Dog/Dog_normal/6772133614c1__additional_data_curated__hard_validation__027cb2.jpg,Dog,Dog,Dog_normal,Dog_normal,Dog_normal,Dog_normal,0.6016246422141633,0.5812289,True
/mnt/e/Ringworm detection project/DFAN-main/evaluation_data/development_external_2026_05_02/Dog/Dog_normal/67b477b63a34__additional_data_curated__hard_validation__711ff2.jpg,Dog,Dog,Dog_normal,Dog_normal,Dog_normal,Dog_normal,0.9422274614238416,0.9234671,True
/mnt/e/Ringworm detection project/DFAN-main/evaluation_data/development_external_2026_05_02/Dog/Dog_normal/71ae0dfb0e96__additional_data_curated__hard_validation__bfc53b.jpg,Dog,Dog,Dog_normal,Dog_normal,Dog_normal,Dog_normal,0.9919359419825925,0.9833445,True
/mnt/e/Ringworm detection project/DFAN-main/evaluation_data/development_external_2026_05_02/Dog/Dog_normal/721fb5f8e850__additional_data_curated__hard_validation__069316.jpg,Dog,Dog,Dog_normal,Dermatitis in Dog,Dermatitis in Dog,Dermatitis in Dog,0.8809858078538905,0.86647534,False
/mnt/e/Ringworm detection project/DFAN-main/evaluation_data/development_external_2026_05_02/Dog/Dog_normal/7221b2b9b3c7__additional_data_curated__hard_validation__71da7e.jpg,Dog,Dog,Dog_normal,Dog_normal,Dog_normal,Dog_normal,0.99188279866765,0.9819001,True
/mnt/e/Ringworm detection project/DFAN-main/evaluation_data/development_external_2026_05_02/Dog/Dog_normal/7262aa201c47__additional_data_curated__hard_validation__df891f.jpg,Dog,Dog,Dog_normal,Dog_normal,Dog_normal,Dog_normal,0.9942173549935478,0.9862731,True
/mnt/e/Ringworm detection project/DFAN-main/evaluation_data/development_external_2026_05_02/Dog/Dog_normal/729d6bde662a__additional_data_curated__hard_validation__554eb8.jpg,Dog,Dog,Dog_normal,Dog_normal,Dog_normal,Dog_normal,0.9926174835434359,0.981751,True
/mnt/e/Ringworm detection project/DFAN-main/evaluation_data/development_external_2026_05_02/Dog/Dog_normal/76183b3464ec__additional_data_curated__hard_validation__344f06.jpg,Dog,Dog,Dog_normal,Dog_normal,Dog_normal,Dog_normal,0.9816268413002974,0.96483696,True
/mnt/e/Ringworm detection project/DFAN-main/evaluation_data/development_external_2026_05_02/Dog/Dog_normal/7aeeeb0e634c__additional_data_curated__hard_validation__b98bf4.jpg,Dog,Dog,Dog_normal,Dog_normal,Dog_normal,Dog_normal,0.3778731238464997,0.36669692,True
/mnt/e/Ringworm detection project/DFAN-main/evaluation_data/development_external_2026_05_02/Dog/Dog_normal/7cd42f7d6bfd__additional_data_curated__hard_validation__b8044e.jpg,Dog,Dog,Dog_normal,Dog_normal,Dog_normal,Dog_normal,0.9863280734127432,0.97312963,True
/mnt/e/Ringworm detection project/DFAN-main/evaluation_data/development_external_2026_05_02/Dog/Dog_normal/7e3e5b506b11__additional_data_curated__hard_validation__800bf2.jpg,Dog,Dog,Dog_normal,Dog_normal,Dog_normal,Dog_normal,0.9921085491296295,0.9844636,True
/mnt/e/Ringworm detection project/DFAN-main/evaluation_data/development_external_2026_05_02/Dog/Dog_normal/81c06fff5ce6__additional_data_curated__hard_validation__af6a98.jpg,Dog,Dog,Dog_normal,Dog_normal,Dog_normal,Dog_normal,0.9639192112482629,0.94989324,True
/mnt/e/Ringworm detection project/DFAN-main/evaluation_data/development_external_2026_05_02/Dog/Dog_normal/830c00c7bd1a__additional_data_curated__hard_validation__47ed4b.jpg,Dog,Dog,Dog_normal,Dog_normal,Dog_normal,Dog_normal,0.9781120663588222,0.9632876,True
/mnt/e/Ringworm detection project/DFAN-main/evaluation_data/development_external_2026_05_02/Dog/Dog_normal/849509c9bbe2__additional_data_curated__hard_validation__a1d9a8.jpg,Dog,Dog,Dog_normal,Dog_normal,Dog_normal,Dog_normal,0.9937431214361419,0.9826554,True
/mnt/e/Ringworm detection project/DFAN-main/evaluation_data/development_external_2026_05_02/Dog/Dog_normal/84b35e7a5fc5__additional_data_curated__hard_validation__dcfbfb.jpg,Dog,Dog,Dog_normal,Dog_normal,Dog_normal,Dog_normal,0.9747515514603343,0.9600951,True
/mnt/e/Ringworm detection project/DFAN-main/evaluation_data/development_external_2026_05_02/Dog/Dog_normal/8e0ee7abca27__additional_data_curated__hard_validation__b70b55.jpg,Dog,Dog,Dog_normal,Dog_normal,Dog_normal,Dog_normal,0.9554117475814176,0.9398827,True
/mnt/e/Ringworm detection project/DFAN-main/evaluation_data/development_external_2026_05_02/Dog/Dog_normal/8e32cf10b140__additional_data_curated__hard_validation__91d6c0.jpg,Dog,Dog,Dog_normal,Dog_normal,Dog_normal,Dog_normal,0.926649750128755,0.9110965,True
/mnt/e/Ringworm detection project/DFAN-main/evaluation_data/development_external_2026_05_02/Dog/Dog_normal/914f3b604eb4__additional_data_curated__hard_validation__39aec4.jpg,Dog,Dog,Dog_normal,Dog_normal,Dog_normal,Dog_normal,0.9934834950977265,0.98228675,True
/mnt/e/Ringworm detection project/DFAN-main/evaluation_data/development_external_2026_05_02/Dog/Dog_normal/93e198265da6__additional_data_curated__hard_validation__507922.jpg,Dog,Dog,Dog_normal,Dog_normal,Dog_normal,Dog_normal,0.9877232475055577,0.97946095,True
/mnt/e/Ringworm detection project/DFAN-main/evaluation_data/development_external_2026_05_02/Dog/Dog_normal/9a88470ac7d3__additional_data_curated__hard_validation__aad515.jpg,Dog,Dog,Dog_normal,Dog_normal,Dog_normal,Dog_normal,0.9918999029363033,0.98320156,True
/mnt/e/Ringworm detection project/DFAN-main/evaluation_data/development_external_2026_05_02/Dog/Dog_normal/9cc551b496f4__additional_data_curated__hard_validation__7d5706.jpg,Dog,Dog,Dog_normal,Dog_normal,Dog_normal,Dog_normal,0.9427033748654138,0.9244778,True
/mnt/e/Ringworm detection project/DFAN-main/evaluation_data/development_external_2026_05_02/Dog/Dog_normal/a17cf49412fc__additional_data_curated__hard_validation__6bbea9.jpg,Dog,Dog,Dog_normal,Dog_normal,Dog_normal,Dog_normal,0.519940364880154,0.503453,True
/mnt/e/Ringworm detection project/DFAN-main/evaluation_data/development_external_2026_05_02/Dog/Dog_normal/a7573c2bde86__additional_data_curated__hard_validation__d9b17d.jpg,Dog,Dog,Dog_normal,Dog_normal,Dog_normal,Dog_normal,0.9908026023187085,0.9818388,True
/mnt/e/Ringworm detection project/DFAN-main/evaluation_data/development_external_2026_05_02/Dog/Dog_normal/a818d2c5572e__additional_data_curated__hard_validation__03a09d.jpg,Dog,Dog,Dog_normal,Dog_normal,Dog_normal,Dog_normal,0.9929933251592236,0.98245114,True
/mnt/e/Ringworm detection project/DFAN-main/evaluation_data/development_external_2026_05_02/Dog/Dog_normal/a859dc009df7__additional_data_curated__hard_validation__90bce6.jpg,Dog,Dog,Dog_normal,Dog_normal,Dog_normal,Dog_normal,0.979022232808991,0.96616024,True
/mnt/e/Ringworm detection project/DFAN-main/evaluation_data/development_external_2026_05_02/Dog/Dog_normal/aad6b8404543__additional_data_curated__hard_validation__5e346a.jpg,Dog,Dog,Dog_normal,Dog_normal,Dog_normal,Dog_normal,0.9604851731293148,0.94254553,True
/mnt/e/Ringworm detection project/DFAN-main/evaluation_data/development_external_2026_05_02/Dog/Dog_normal/acc04947ac5e__additional_data_curated__hard_validation__68edf1.jpg,Dog,Dog,Dog_normal,Dog_normal,Dog_normal,Dog_normal,0.9720007236928611,0.956629,True
/mnt/e/Ringworm detection project/DFAN-main/evaluation_data/development_external_2026_05_02/Dog/Dog_normal/af599c6feabd__additional_data_curated__hard_validation__76a425.jpg,Dog,Dog,Dog_normal,Dog_normal,Dog_normal,Dog_normal,0.9907078446510587,0.9778617,True
/mnt/e/Ringworm detection project/DFAN-main/evaluation_data/development_external_2026_05_02/Dog/Dog_normal/af8cbb135955__additional_data_curated__hard_validation__0ffd2c.jpg,Dog,Dog,Dog_normal,Dog_normal,Dog_normal,Dog_normal,0.9928239264622044,0.9829804,True
/mnt/e/Ringworm detection project/DFAN-main/evaluation_data/development_external_2026_05_02/Dog/Dog_normal/b0c9138367e3__additional_data_curated__hard_validation__3557ce.jpg,Dog,Dog,Dog_normal,Dog_normal,Dog_normal,Dog_normal,0.993695338557758,0.98342055,True
/mnt/e/Ringworm detection project/DFAN-main/evaluation_data/development_external_2026_05_02/Dog/Dog_normal/b41ae3f36335__additional_data_curated__hard_validation__2f6fe4.jpg,Dog,Dog,Dog_normal,Dog_normal,Dog_normal,Dog_normal,0.9933600640850759,0.9823613,True
/mnt/e/Ringworm detection project/DFAN-main/evaluation_data/development_external_2026_05_02/Dog/Dog_normal/b7ad8a37790a__additional_data_curated__hard_validation__0e038d.jpg,Dog,Dog,Dog_normal,Dog_normal,Dog_normal,Dog_normal,0.9935542506575505,0.98518884,True
/mnt/e/Ringworm detection project/DFAN-main/evaluation_data/development_external_2026_05_02/Dog/Dog_normal/b9a0800ef8df__additional_data_curated__hard_validation__945327.jpg,Dog,Dog,Dog_normal,Dog_normal,Dog_normal,Dog_normal,0.9691778621632733,0.95605236,True
/mnt/e/Ringworm detection project/DFAN-main/evaluation_data/development_external_2026_05_02/Dog/Dog_normal/bfa5b6013ac9__additional_data_curated__hard_validation__11040b.jpg,Dog,Dog,Dog_normal,Dog_normal,Dog_normal,Dog_normal,0.9929158900452496,0.98362595,True
/mnt/e/Ringworm detection project/DFAN-main/evaluation_data/development_external_2026_05_02/Dog/Dog_normal/c3e4fb01f9d7__additional_data_curated__hard_validation__dff8c3.jpg,Dog,Cattles,Dog_normal,Lumpy Skin,Lumpy Skin,Dog_normal,0.37025274359494376,0.9820128,True
/mnt/e/Ringworm detection project/DFAN-main/evaluation_data/development_external_2026_05_02/Dog/Dog_normal/c860f09aea56__additional_data_curated__hard_validation__9a8d44.jpg,Dog,Dog,Dog_normal,Dog_normal,Dog_normal,Dog_normal,0.984490909859381,0.97089225,True
/mnt/e/Ringworm detection project/DFAN-main/evaluation_data/development_external_2026_05_02/Dog/Dog_normal/c91a10438e3f__additional_data_curated__hard_validation__81f4d4.jpg,Dog,Dog,Dog_normal,Dog_normal,Dog_normal,Dog_normal,0.991759890473175,0.97863925,True
/mnt/e/Ringworm detection project/DFAN-main/evaluation_data/development_external_2026_05_02/Dog/Dog_normal/cf1a943f6d9a__additional_data_curated__hard_validation__7044d3.jpg,Dog,Dog,Dog_normal,Dog_normal,Dog_normal,Dog_normal,0.9832868874846986,0.96917355,True
/mnt/e/Ringworm detection project/DFAN-main/evaluation_data/development_external_2026_05_02/Dog/Dog_normal/d09c9cdb32e6__additional_data_curated__hard_validation__6a6621.jpg,Dog,Dog,Dog_normal,Dog_normal,Dog_normal,Dog_normal,0.977383517221101,0.9640169,True
/mnt/e/Ringworm detection project/DFAN-main/evaluation_data/development_external_2026_05_02/Dog/Dog_normal/d1791aa62418__additional_data_curated__hard_validation__01fbcc.jpg,Dog,Dog,Dog_normal,Dog_normal,Dog_normal,Dog_normal,0.9831870710063682,0.9717181,True
/mnt/e/Ringworm detection project/DFAN-main/evaluation_data/development_external_2026_05_02/Dog/Dog_normal/d35373454ace__additional_data_curated__hard_validation__a83b68.jpg,Dog,Dog,Dog_normal,Dog_normal,Dog_normal,Dog_normal,0.9626970652513137,0.94922316,True
/mnt/e/Ringworm detection project/DFAN-main/evaluation_data/development_external_2026_05_02/Dog/Dog_normal/d6524a411d57__additional_data_curated__hard_validation__9273ec.jpg,Dog,Dog,Dog_normal,Dog_normal,Dog_normal,Dog_normal,0.9731073108611219,0.95534444,True
/mnt/e/Ringworm detection project/DFAN-main/evaluation_data/development_external_2026_05_02/Dog/Dog_normal/d880ff311e5b__additional_data_curated__hard_validation__10e734.jpg,Dog,Dog,Dog_normal,Dog_normal,Dog_normal,Dog_normal,0.5993814681121504,0.58223844,True
/mnt/e/Ringworm detection project/DFAN-main/evaluation_data/development_external_2026_05_02/Dog/Dog_normal/d95cbc798756__additional_data_curated__hard_validation__1c32c8.jpg,Dog,Dog,Dog_normal,Dog_normal,Dog_normal,Dog_normal,0.9916489899759311,0.98035634,True
/mnt/e/Ringworm detection project/DFAN-main/evaluation_data/development_external_2026_05_02/Dog/Dog_normal/dcf25818fc58__additional_data_curated__hard_validation__4b0ca5.jpg,Dog,Dog,Dog_normal,Dog_normal,Dog_normal,Dog_normal,0.9892210739969165,0.9772627,True
/mnt/e/Ringworm detection project/DFAN-main/evaluation_data/development_external_2026_05_02/Dog/Dog_normal/dd29ac059794__additional_data_curated__hard_validation__93eb83.jpg,Dog,Dog,Dog_normal,Dog_normal,Dog_normal,Dog_normal,0.9728776466310927,0.95634073,True
/mnt/e/Ringworm detection project/DFAN-main/evaluation_data/development_external_2026_05_02/Dog/Dog_normal/de6ae7b41be2__additional_data_curated__hard_validation__eaaf49.jpg,Dog,Dog,Dog_normal,Dog_normal,Dog_normal,Dog_normal,0.990689768772797,0.9783211,True
/mnt/e/Ringworm detection project/DFAN-main/evaluation_data/development_external_2026_05_02/Dog/Dog_normal/e012dd1caccb__additional_data_curated__hard_validation__a9510f.jpg,Dog,Dog,Dog_normal,Dog_normal,Dog_normal,Dog_normal,0.9783572419565465,0.9636398,True
/mnt/e/Ringworm detection project/DFAN-main/evaluation_data/development_external_2026_05_02/Dog/Dog_normal/e110bd63ba48__additional_data_curated__hard_validation__2eb96d.jpg,Dog,Dog,Dog_normal,Dog_normal,Dog_normal,Dog_normal,0.8980396579473989,0.8743909,True
/mnt/e/Ringworm detection project/DFAN-main/evaluation_data/development_external_2026_05_02/Dog/Dog_normal/e3873ae65394__additional_data_curated__hard_validation__d3640c.jpg,Dog,Dog,Dog_normal,Dermatitis in Dog,Dermatitis in Dog,Dermatitis in Dog,0.7947827436744727,0.77632153,False
/mnt/e/Ringworm detection project/DFAN-main/evaluation_data/development_external_2026_05_02/Dog/Dog_normal/e6be6d2a0e03__additional_data_curated__hard_validation__81b10c.jpg,Dog,Dog,Dog_normal,Dog_normal,Dog_normal,Dog_normal,0.9866295387608255,0.97417736,True
/mnt/e/Ringworm detection project/DFAN-main/evaluation_data/development_external_2026_05_02/Dog/Dog_normal/e6fb51033420__additional_data_curated__hard_validation__4a0037.jpg,Dog,Dog,Dog_normal,Dog_normal,Dog_normal,Dog_normal,0.9939504470733462,0.9840583,True
/mnt/e/Ringworm detection project/DFAN-main/evaluation_data/development_external_2026_05_02/Dog/Dog_normal/e8465120eb3a__additional_data_curated__hard_validation__8438c8.jpg,Dog,Dog,Dog_normal,Dog_normal,Dog_normal,Dog_normal,0.9932703602728274,0.98124725,True
/mnt/e/Ringworm detection project/DFAN-main/evaluation_data/development_external_2026_05_02/Dog/Dog_normal/e8ddb1ade765__additional_data_curated__hard_validation__f3a5ae.jpg,Dog,Dog,Dog_normal,Dog_normal,Dog_normal,Dog_normal,0.9834237352583034,0.9702698,True
/mnt/e/Ringworm detection project/DFAN-main/evaluation_data/development_external_2026_05_02/Dog/Dog_normal/ec26ab61d3c4__additional_data_curated__hard_validation__1789cc.jpg,Dog,Dog,Dog_normal,Dog_normal,Dog_normal,Dog_normal,0.9910994720067109,0.98158836,True
/mnt/e/Ringworm detection project/DFAN-main/evaluation_data/development_external_2026_05_02/Dog/Dog_normal/f01c94513abc__additional_data_curated__hard_validation__7d3504.jpg,Dog,Dog,Dog_normal,Dog_normal,Dog_normal,Dog_normal,0.971908894642772,0.9569316,True
/mnt/e/Ringworm detection project/DFAN-main/evaluation_data/development_external_2026_05_02/Dog/Dog_normal/f0340abefc93__additional_data_curated__hard_validation__18da02.jpg,Dog,Dog,Dog_normal,Dog_normal,Dog_normal,Dog_normal,0.9894475354253008,0.9751868,True
/mnt/e/Ringworm detection project/DFAN-main/evaluation_data/development_external_2026_05_02/Dog/Dog_normal/f391d0a22e3a__additional_data_curated__hard_validation__ab5ea2.jpg,Dog,Dog,Dog_normal,Dog_normal,Dog_normal,Dog_normal,0.9920723135321147,0.98276687,True
/mnt/e/Ringworm detection project/DFAN-main/evaluation_data/development_external_2026_05_02/Dog/Dog_normal/f3c429884dea__additional_data_curated__hard_validation__47dd12.jpg,Dog,Dog,Dog_normal,Dog_normal,Dog_normal,Dog_normal,0.9927474731837922,0.98448294,True
/mnt/e/Ringworm detection project/DFAN-main/evaluation_data/development_external_2026_05_02/Dog/Dog_normal/f658752aef9a__additional_data_curated__hard_validation__44f19b.jpg,Dog,Dog,Dog_normal,Dog_normal,Dog_normal,Dog_normal,0.9772037547873047,0.96427274,True
/mnt/e/Ringworm detection project/DFAN-main/evaluation_data/development_external_2026_05_02/Dog/Dog_normal/f69c9206be2e__additional_data_curated__hard_validation__b25cdd.jpg,Dog,Dog,Dog_normal,Dog_normal,Dog_normal,Dog_normal,0.9902809089624045,0.97786593,True
/mnt/e/Ringworm detection project/DFAN-main/evaluation_data/development_external_2026_05_02/Dog/Dog_normal/f6dde411126c__additional_data_curated__hard_validation__7886ed.jpg,Dog,Dog,Dog_normal,Dog_normal,Dog_normal,Dog_normal,0.8755609832150311,0.8553192,True
/mnt/e/Ringworm detection project/DFAN-main/evaluation_data/development_external_2026_05_02/Dog/Dog_normal/f8aeb2bd6a45__additional_data_curated__hard_validation__6fe4bb.jpg,Dog,Dog,Dog_normal,Dog_normal,Dog_normal,Dog_normal,0.9915313543849822,0.98216736,True
/mnt/e/Ringworm detection project/DFAN-main/evaluation_data/development_external_2026_05_02/Dog/Dog_normal/f975ec08c139__additional_data_curated__hard_validation__f2d305.jpg,Dog,Dog,Dog_normal,Dog_normal,Dog_normal,Dog_normal,0.9657936925975301,0.95182836,True
/mnt/e/Ringworm detection project/DFAN-main/evaluation_data/development_external_2026_05_02/Dog/Dog_normal/fcba1c82f54b__additional_data_curated__hard_validation__dbdc67.jpg,Dog,Dog,Dog_normal,Dog_normal,Dog_normal,Dog_normal,0.9910781119857968,0.98056763,True
/mnt/e/Ringworm detection project/DFAN-main/evaluation_data/development_external_2026_05_02/Dog/Dog_normal/fcf8a081817b__additional_data_curated__hard_validation__83eeab.jpg,Dog,Dog,Dog_normal,Dermatitis in Dog,Dermatitis in Dog,Dermatitis in Dog,0.47124539049356545,0.4565554,False
/mnt/e/Ringworm detection project/DFAN-main/evaluation_data/development_external_2026_05_02/Dog/Dog_normal/fd5071d918f0__additional_data_curated__hard_validation__9a9c01.jpg,Dog,Dog,Dog_normal,Dog_normal,Dog_normal,Dog_normal,0.9518015450866656,0.9329272,True
/mnt/e/Ringworm detection project/DFAN-main/evaluation_data/development_external_2026_05_02/Dog/Dog_normal/ffc695d0cb41__additional_data_curated__hard_validation__dc0348.jpg,Dog,Dog,Dog_normal,Dog_normal,Dog_normal,Dog_normal,0.9110963169097793,0.88959306,True
/mnt/e/Ringworm detection project/DFAN-main/evaluation_data/development_external_2026_05_02/Dog/Fungal Infection in Dog/02eea89bec5f__additional_data_curated__hard_validation__6274a5.jpg,Dog,Dog,Fungal Infection in Dog,Fungal Infection in Dog,Fungal Infection in Dog,Fungal Infection in Dog,0.992682316797469,0.9860573,True
/mnt/e/Ringworm detection project/DFAN-main/evaluation_data/development_external_2026_05_02/Dog/Fungal Infection in Dog/050f4d833d3a__additional_data_curated__hard_validation__b8f1a7.jpg,Dog,Dog,Fungal Infection in Dog,Fungal Infection in Dog,Fungal Infection in Dog,Fungal Infection in Dog,0.9966341691450803,0.99196106,True
/mnt/e/Ringworm detection project/DFAN-main/evaluation_data/development_external_2026_05_02/Dog/Fungal Infection in Dog/079f4f06e28c__additional_data_curated__hard_validation__23f49d.jpg,Dog,Dog,Fungal Infection in Dog,Fungal Infection in Dog,Fungal Infection in Dog,Fungal Infection in Dog,0.9933070954431061,0.9882279,True
/mnt/e/Ringworm detection project/DFAN-main/evaluation_data/development_external_2026_05_02/Dog/Fungal Infection in Dog/09c9c85b86b6__additional_data_curated__hard_validation__8733c1.jpg,Dog,Dog,Fungal Infection in Dog,Skin Allergy in Dog,Skin Allergy in Dog,Skin Allergy in Dog,0.7985760295061395,0.78366023,False
/mnt/e/Ringworm detection project/DFAN-main/evaluation_data/development_external_2026_05_02/Dog/Fungal Infection in Dog/10da0e0699e8__additional_data_curated__hard_validation__212850.jpg,Dog,Dog,Fungal Infection in Dog,Fungal Infection in Dog,Fungal Infection in Dog,Fungal Infection in Dog,0.993649346174642,0.98821974,True
/mnt/e/Ringworm detection project/DFAN-main/evaluation_data/development_external_2026_05_02/Dog/Fungal Infection in Dog/115ff1ecb7ec__additional_data_curated__hard_validation__baded6.jpg,Dog,Dog,Fungal Infection in Dog,Fungal Infection in Dog,Fungal Infection in Dog,Fungal Infection in Dog,0.9937768577519078,0.9892854,True
/mnt/e/Ringworm detection project/DFAN-main/evaluation_data/development_external_2026_05_02/Dog/Fungal Infection in Dog/1526fbf7b9b4__additional_data_curated__hard_validation__b68786.jpg,Dog,Dog,Fungal Infection in Dog,Fungal Infection in Dog,Fungal Infection in Dog,Fungal Infection in Dog,0.9915862936530653,0.98546326,True
/mnt/e/Ringworm detection project/DFAN-main/evaluation_data/development_external_2026_05_02/Dog/Fungal Infection in Dog/1709134e959c__additional_data_curated__hard_validation__4b14c4.jpg,Dog,Dog,Fungal Infection in Dog,Fungal Infection in Dog,Fungal Infection in Dog,Fungal Infection in Dog,0.9933134840951772,0.984735,True
/mnt/e/Ringworm detection project/DFAN-main/evaluation_data/development_external_2026_05_02/Dog/Fungal Infection in Dog/17d804bb77b1__additional_data_curated__hard_validation__afe7b4.jpg,Dog,Dog,Fungal Infection in Dog,Fungal Infection in Dog,Fungal Infection in Dog,Fungal Infection in Dog,0.9915345576232288,0.98377466,True
/mnt/e/Ringworm detection project/DFAN-main/evaluation_data/development_external_2026_05_02/Dog/Fungal Infection in Dog/17fa77275b68__additional_data_curated__hard_validation__32a300.jpg,Dog,Dog,Fungal Infection in Dog,Fungal Infection in Dog,Fungal Infection in Dog,Fungal Infection in Dog,0.9860142934277877,0.96503586,True
/mnt/e/Ringworm detection project/DFAN-main/evaluation_data/development_external_2026_05_02/Dog/Fungal Infection in Dog/1a43fc993c79__additional_data_curated__hard_validation__d9a433.jpg,Dog,Dog,Fungal Infection in Dog,Fungal Infection in Dog,Fungal Infection in Dog,Fungal Infection in Dog,0.9946855091864821,0.9866318,True
/mnt/e/Ringworm detection project/DFAN-main/evaluation_data/development_external_2026_05_02/Dog/Fungal Infection in Dog/1b219090071f__additional_data_curated__hard_validation__25af4e.jpg,Dog,Dog,Fungal Infection in Dog,Fungal Infection in Dog,Fungal Infection in Dog,Fungal Infection in Dog,0.9903037355514742,0.98389184,True
/mnt/e/Ringworm detection project/DFAN-main/evaluation_data/development_external_2026_05_02/Dog/Fungal Infection in Dog/1c17bafb86d7__additional_data_curated__hard_validation__6c42ee.jpg,Dog,Dog,Fungal Infection in Dog,Fungal Infection in Dog,Fungal Infection in Dog,Fungal Infection in Dog,0.9926642456386969,0.9867958,True
/mnt/e/Ringworm detection project/DFAN-main/evaluation_data/development_external_2026_05_02/Dog/Fungal Infection in Dog/1eb94144ded9__additional_data_curated__hard_validation__4e102d.jpg,Dog,Dog,Fungal Infection in Dog,Fungal Infection in Dog,Fungal Infection in Dog,Fungal Infection in Dog,0.9943656875093141,0.98839885,True
/mnt/e/Ringworm detection project/DFAN-main/evaluation_data/development_external_2026_05_02/Dog/Fungal Infection in Dog/1fba0af084c9__additional_data_curated__hard_validation__52c560.jpg,Dog,Dog,Fungal Infection in Dog,Fungal Infection in Dog,Fungal Infection in Dog,Fungal Infection in Dog,0.9901563119462625,0.9804695,True
/mnt/e/Ringworm detection project/DFAN-main/evaluation_data/development_external_2026_05_02/Dog/Fungal Infection in Dog/20a175e47b33__additional_data_curated__hard_validation__a46081.jpg,Dog,Dog,Fungal Infection in Dog,Fungal Infection in Dog,Fungal Infection in Dog,Fungal Infection in Dog,0.9910193922654331,0.98136467,True
/mnt/e/Ringworm detection project/DFAN-main/evaluation_data/development_external_2026_05_02/Dog/Fungal Infection in Dog/20e8b772ebfd__additional_data_curated__hard_validation__f77ae3.jpg,Dog,Dog,Fungal Infection in Dog,Fungal Infection in Dog,Fungal Infection in Dog,Fungal Infection in Dog,0.994627554433914,0.9892953,True
/mnt/e/Ringworm detection project/DFAN-main/evaluation_data/development_external_2026_05_02/Dog/Fungal Infection in Dog/223806099c40__additional_data_curated__hard_validation__3ad72d.jpg,Dog,Dog,Fungal Infection in Dog,Fungal Infection in Dog,Fungal Infection in Dog,Fungal Infection in Dog,0.8898436231640174,0.87424743,True
/mnt/e/Ringworm detection project/DFAN-main/evaluation_data/development_external_2026_05_02/Dog/Fungal Infection in Dog/24c4e848b637__additional_data_curated__hard_validation__a5d626.jpg,Dog,Dog,Fungal Infection in Dog,Dog_normal,Dog_normal,Dog_normal,0.9484126168409801,0.9289493,False
/mnt/e/Ringworm detection project/DFAN-main/evaluation_data/development_external_2026_05_02/Dog/Fungal Infection in Dog/289b3c82d036__additional_data_curated__hard_validation__3643b5.jpg,Dog,Dog,Fungal Infection in Dog,Dermatitis in Dog,Dermatitis in Dog,Dermatitis in Dog,0.9956732938301942,0.990022,False
/mnt/e/Ringworm detection project/DFAN-main/evaluation_data/development_external_2026_05_02/Dog/Fungal Infection in Dog/28b2fe91e9a3__additional_data_curated__hard_validation__9a2514.jpg,Dog,Dog,Fungal Infection in Dog,Fungal Infection in Dog,Fungal Infection in Dog,Fungal Infection in Dog,0.9901583895246815,0.97672117,True
/mnt/e/Ringworm detection project/DFAN-main/evaluation_data/development_external_2026_05_02/Dog/Fungal Infection in Dog/291baabbaefb__additional_data_curated__hard_validation__f89ef7.jpg,Dog,Dog,Fungal Infection in Dog,Fungal Infection in Dog,Fungal Infection in Dog,Fungal Infection in Dog,0.9856494702754874,0.9656077,True
/mnt/e/Ringworm detection project/DFAN-main/evaluation_data/development_external_2026_05_02/Dog/Fungal Infection in Dog/2942dbd1d48b__additional_data_curated__hard_validation__8b6d06.jpg,Dog,Dog,Fungal Infection in Dog,Fungal Infection in Dog,Fungal Infection in Dog,Fungal Infection in Dog,0.9917445561430878,0.98560846,True
/mnt/e/Ringworm detection project/DFAN-main/evaluation_data/development_external_2026_05_02/Dog/Fungal Infection in Dog/29c89182fccd__additional_data_curated__hard_validation__7821dd.jpg,Dog,Dog,Fungal Infection in Dog,Fungal Infection in Dog,Fungal Infection in Dog,Fungal Infection in Dog,0.9949943787189959,0.98939764,True
/mnt/e/Ringworm detection project/DFAN-main/evaluation_data/development_external_2026_05_02/Dog/Fungal Infection in Dog/2a2f5c4aa274__additional_data_curated__hard_validation__ca4cb3.jpg,Dog,Dog,Fungal Infection in Dog,Fungal Infection in Dog,Fungal Infection in Dog,Fungal Infection in Dog,0.7995351566472768,0.76366717,True
/mnt/e/Ringworm detection project/DFAN-main/evaluation_data/development_external_2026_05_02/Dog/Fungal Infection in Dog/2b053564bf89__additional_data_curated__hard_validation__c77a8f.jpg,Dog,Dog,Fungal Infection in Dog,Fungal Infection in Dog,Fungal Infection in Dog,Fungal Infection in Dog,0.9896240633916826,0.98188627,True
/mnt/e/Ringworm detection project/DFAN-main/evaluation_data/development_external_2026_05_02/Dog/Fungal Infection in Dog/2cf9acabc453__additional_data_curated__hard_validation__cb2e6c.jpg,Dog,Dog,Fungal Infection in Dog,Fungal Infection in Dog,Fungal Infection in Dog,Fungal Infection in Dog,0.9928988735611778,0.9886933,True
/mnt/e/Ringworm detection project/DFAN-main/evaluation_data/development_external_2026_05_02/Dog/Fungal Infection in Dog/2da6ed447d23__additional_data_curated__hard_validation__4e4581.jpg,Dog,Dog,Fungal Infection in Dog,Ringworm in Dog,Ringworm in Dog,Ringworm in Dog,0.8706955699423585,0.85010505,False
/mnt/e/Ringworm detection project/DFAN-main/evaluation_data/development_external_2026_05_02/Dog/Fungal Infection in Dog/2df461428022__additional_data_curated__hard_validation__4f563e.jpg,Dog,Dog,Fungal Infection in Dog,Fungal Infection in Dog,Fungal Infection in Dog,Fungal Infection in Dog,0.996026434536856,0.99239576,True
/mnt/e/Ringworm detection project/DFAN-main/evaluation_data/development_external_2026_05_02/Dog/Fungal Infection in Dog/32c787a94dea__additional_data_curated__hard_validation__86ca3d.jpg,Dog,Dog,Fungal Infection in Dog,Fungal Infection in Dog,Fungal Infection in Dog,Fungal Infection in Dog,0.8845707330220222,0.8671813,True
/mnt/e/Ringworm detection project/DFAN-main/evaluation_data/development_external_2026_05_02/Dog/Fungal Infection in Dog/33d2f945e8f6__additional_data_curated__hard_validation__48e3af.jpg,Dog,Dog,Fungal Infection in Dog,Fungal Infection in Dog,Fungal Infection in Dog,Fungal Infection in Dog,0.9889200054985234,0.9719857,True
/mnt/e/Ringworm detection project/DFAN-main/evaluation_data/development_external_2026_05_02/Dog/Fungal Infection in Dog/3432eee043a6__additional_data_curated__hard_validation__3bff9f.jpg,Dog,Dog,Fungal Infection in Dog,Fungal Infection in Dog,Fungal Infection in Dog,Fungal Infection in Dog,0.9931033921862839,0.98679084,True
/mnt/e/Ringworm detection project/DFAN-main/evaluation_data/development_external_2026_05_02/Dog/Fungal Infection in Dog/353fd8d4b8b9__additional_data_curated__hard_validation__918ea2.jpg,Dog,Dog,Fungal Infection in Dog,Fungal Infection in Dog,Fungal Infection in Dog,Fungal Infection in Dog,0.9779087512740826,0.9688201,True
/mnt/e/Ringworm detection project/DFAN-main/evaluation_data/development_external_2026_05_02/Dog/Fungal Infection in Dog/37e835655898__additional_data_curated__hard_validation__a2c25e.jpg,Dog,Dog,Fungal Infection in Dog,Fungal Infection in Dog,Fungal Infection in Dog,Fungal Infection in Dog,0.9959366114371818,0.9906782,True
/mnt/e/Ringworm detection project/DFAN-main/evaluation_data/development_external_2026_05_02/Dog/Fungal Infection in Dog/3860da4e60c7__additional_data_curated__hard_validation__2d8a12.jpg,Dog,Dog,Fungal Infection in Dog,Fungal Infection in Dog,Fungal Infection in Dog,Fungal Infection in Dog,0.8804699042351466,0.8591414,True
/mnt/e/Ringworm detection project/DFAN-main/evaluation_data/development_external_2026_05_02/Dog/Fungal Infection in Dog/38bff81a9664__additional_data_curated__hard_validation__ea4530.jpg,Dog,Dog,Fungal Infection in Dog,Fungal Infection in Dog,Fungal Infection in Dog,Fungal Infection in Dog,0.9910128790422406,0.98653466,True
/mnt/e/Ringworm detection project/DFAN-main/evaluation_data/development_external_2026_05_02/Dog/Fungal Infection in Dog/38c9e456b74b__additional_data_curated__hard_validation__8a95b2.jpg,Dog,Dog,Fungal Infection in Dog,Fungal Infection in Dog,Fungal Infection in Dog,Fungal Infection in Dog,0.7405681053238615,0.6717878,True
/mnt/e/Ringworm detection project/DFAN-main/evaluation_data/development_external_2026_05_02/Dog/Fungal Infection in Dog/3a715b62596c__additional_data_curated__hard_validation__61ae04.jpg,Dog,Dog,Fungal Infection in Dog,Fungal Infection in Dog,Fungal Infection in Dog,Fungal Infection in Dog,0.9489925945901658,0.93793327,True
/mnt/e/Ringworm detection project/DFAN-main/evaluation_data/development_external_2026_05_02/Dog/Fungal Infection in Dog/3dc91fea6939__additional_data_curated__hard_validation__a6a2a3.jpg,Dog,Dog,Fungal Infection in Dog,Fungal Infection in Dog,Fungal Infection in Dog,Fungal Infection in Dog,0.9766202929543512,0.9663894,True
/mnt/e/Ringworm detection project/DFAN-main/evaluation_data/development_external_2026_05_02/Dog/Fungal Infection in Dog/3f1073aa8ea1__additional_data_curated__hard_validation__7f7f9c.jpg,Dog,Dog,Fungal Infection in Dog,Fungal Infection in Dog,Fungal Infection in Dog,Fungal Infection in Dog,0.9928746367100844,0.985523,True
/mnt/e/Ringworm detection project/DFAN-main/evaluation_data/development_external_2026_05_02/Dog/Fungal Infection in Dog/40627150d759__additional_data_curated__hard_validation__61b30c.jpg,Dog,Dog,Fungal Infection in Dog,Fungal Infection in Dog,Fungal Infection in Dog,Fungal Infection in Dog,0.9887131542007385,0.97893584,True
/mnt/e/Ringworm detection project/DFAN-main/evaluation_data/development_external_2026_05_02/Dog/Fungal Infection in Dog/41519eb06bfd__additional_data_curated__hard_validation__c8f22c.jpg,Dog,Dog,Fungal Infection in Dog,Dog_normal,Dog_normal,Dog_normal,0.5688754510310836,0.54573214,False
/mnt/e/Ringworm detection project/DFAN-main/evaluation_data/development_external_2026_05_02/Dog/Fungal Infection in Dog/42de811deb8a__additional_data_curated__hard_validation__590d34.jpg,Dog,Dog,Fungal Infection in Dog,Fungal Infection in Dog,Fungal Infection in Dog,Fungal Infection in Dog,0.9916248495641368,0.9853549,True
/mnt/e/Ringworm detection project/DFAN-main/evaluation_data/development_external_2026_05_02/Dog/Fungal Infection in Dog/4327aae1ca77__additional_data_curated__hard_validation__9b6fb4.jpg,Dog,Dog,Fungal Infection in Dog,Fungal Infection in Dog,Fungal Infection in Dog,Fungal Infection in Dog,0.9827253463091307,0.964614,True
/mnt/e/Ringworm detection project/DFAN-main/evaluation_data/development_external_2026_05_02/Dog/Fungal Infection in Dog/4375d358f107__additional_data_curated__hard_validation__557d92.jpg,Dog,Dog,Fungal Infection in Dog,Fungal Infection in Dog,Fungal Infection in Dog,Fungal Infection in Dog,0.991894684077712,0.9811974,True
/mnt/e/Ringworm detection project/DFAN-main/evaluation_data/development_external_2026_05_02/Dog/Fungal Infection in Dog/4aaed70be20a__additional_data_curated__hard_validation__381755.jpg,Dog,Dog,Fungal Infection in Dog,Skin Allergy in Dog,Skin Allergy in Dog,Skin Allergy in Dog,0.9883673279924254,0.98269457,False
/mnt/e/Ringworm detection project/DFAN-main/evaluation_data/development_external_2026_05_02/Dog/Fungal Infection in Dog/4ca2e7f9b0e6__additional_data_curated__hard_validation__6c733f.jpg,Dog,Dog,Fungal Infection in Dog,Fungal Infection in Dog,Fungal Infection in Dog,Fungal Infection in Dog,0.9949494564876225,0.9893572,True
/mnt/e/Ringworm detection project/DFAN-main/evaluation_data/development_external_2026_05_02/Dog/Fungal Infection in Dog/50a3810f3994__additional_data_curated__hard_validation__b6ff78.jpg,Dog,Dog,Fungal Infection in Dog,Fungal Infection in Dog,Fungal Infection in Dog,Fungal Infection in Dog,0.9938893929786277,0.9858694,True
/mnt/e/Ringworm detection project/DFAN-main/evaluation_data/development_external_2026_05_02/Dog/Fungal Infection in Dog/521a9f81c165__additional_data_curated__hard_validation__5fc2bb.jpg,Dog,Dog,Fungal Infection in Dog,Fungal Infection in Dog,Fungal Infection in Dog,Fungal Infection in Dog,0.9916764269761112,0.9848043,True
/mnt/e/Ringworm detection project/DFAN-main/evaluation_data/development_external_2026_05_02/Dog/Fungal Infection in Dog/55adf683ab6b__additional_data_curated__hard_validation__b788ff.jpg,Dog,Dog,Fungal Infection in Dog,Fungal Infection in Dog,Fungal Infection in Dog,Fungal Infection in Dog,0.9894362642684152,0.9753,True
/mnt/e/Ringworm detection project/DFAN-main/evaluation_data/development_external_2026_05_02/Dog/Fungal Infection in Dog/57d7249e22b0__additional_data_curated__hard_validation__960edf.jpg,Dog,Dog,Fungal Infection in Dog,Fungal Infection in Dog,Fungal Infection in Dog,Fungal Infection in Dog,0.9850213335633752,0.96280444,True
/mnt/e/Ringworm detection project/DFAN-main/evaluation_data/development_external_2026_05_02/Dog/Fungal Infection in Dog/5c674ee0073e__additional_data_curated__hard_validation__df4af9.jpg,Dog,Dog,Fungal Infection in Dog,Fungal Infection in Dog,Fungal Infection in Dog,Fungal Infection in Dog,0.994270720953856,0.98783755,True
/mnt/e/Ringworm detection project/DFAN-main/evaluation_data/development_external_2026_05_02/Dog/Fungal Infection in Dog/618566ffcc14__additional_data_curated__hard_validation__abf9f8.jpg,Dog,Dog,Fungal Infection in Dog,Fungal Infection in Dog,Fungal Infection in Dog,Fungal Infection in Dog,0.9924738088258666,0.98709947,True
/mnt/e/Ringworm detection project/DFAN-main/evaluation_data/development_external_2026_05_02/Dog/Fungal Infection in Dog/6303608dbb3f__additional_data_curated__hard_validation__f7b8e3.jpg,Dog,Dog,Fungal Infection in Dog,Fungal Infection in Dog,Fungal Infection in Dog,Fungal Infection in Dog,0.9912200249176457,0.9811306,True
/mnt/e/Ringworm detection project/DFAN-main/evaluation_data/development_external_2026_05_02/Dog/Fungal Infection in Dog/634c64074679__additional_data_curated__hard_validation__063c32.jpg,Dog,Dog,Fungal Infection in Dog,Fungal Infection in Dog,Fungal Infection in Dog,Fungal Infection in Dog,0.9953596865022323,0.99034894,True
/mnt/e/Ringworm detection project/DFAN-main/evaluation_data/development_external_2026_05_02/Dog/Fungal Infection in Dog/670eddf69f87__additional_data_curated__hard_validation__464b5a.jpg,Dog,Dog,Fungal Infection in Dog,Skin Allergy in Dog,Skin Allergy in Dog,Skin Allergy in Dog,0.990734764314379,0.98704684,False
/mnt/e/Ringworm detection project/DFAN-main/evaluation_data/development_external_2026_05_02/Dog/Fungal Infection in Dog/6a509893d2c7__additional_data_curated__hard_validation__73421d.jpg,Dog,Dog,Fungal Infection in Dog,Fungal Infection in Dog,Fungal Infection in Dog,Fungal Infection in Dog,0.9656846857240559,0.9544141,True
/mnt/e/Ringworm detection project/DFAN-main/evaluation_data/development_external_2026_05_02/Dog/Fungal Infection in Dog/6a726f5c2401__additional_data_curated__hard_validation__41f2c5.jpg,Dog,Dog,Fungal Infection in Dog,Fungal Infection in Dog,Fungal Infection in Dog,Fungal Infection in Dog,0.9936581441901929,0.98725396,True
/mnt/e/Ringworm detection project/DFAN-main/evaluation_data/development_external_2026_05_02/Dog/Fungal Infection in Dog/6bf475f21040__additional_data_curated__hard_validation__049658.jpg,Dog,Dog,Fungal Infection in Dog,Fungal Infection in Dog,Fungal Infection in Dog,Fungal Infection in Dog,0.9957322752073381,0.9894136,True
/mnt/e/Ringworm detection project/DFAN-main/evaluation_data/development_external_2026_05_02/Dog/Fungal Infection in Dog/6c020ab45703__additional_data_curated__hard_validation__2a5c35.jpg,Dog,Dog,Fungal Infection in Dog,Fungal Infection in Dog,Fungal Infection in Dog,Fungal Infection in Dog,0.9893375725877104,0.98136085,True
/mnt/e/Ringworm detection project/DFAN-main/evaluation_data/development_external_2026_05_02/Dog/Fungal Infection in Dog/6e27105b21a4__additional_data_curated__hard_validation__2a4e2e.jpg,Dog,Dog,Fungal Infection in Dog,Dog_normal,Dog_normal,Dog_normal,0.9698018831144936,0.9577098,False
/mnt/e/Ringworm detection project/DFAN-main/evaluation_data/development_external_2026_05_02/Dog/Fungal Infection in Dog/6f5581cae038__additional_data_curated__hard_validation__4864a2.jpg,Dog,Dog,Fungal Infection in Dog,Fungal Infection in Dog,Fungal Infection in Dog,Fungal Infection in Dog,0.9902439362978073,0.98376447,True
/mnt/e/Ringworm detection project/DFAN-main/evaluation_data/development_external_2026_05_02/Dog/Fungal Infection in Dog/6fcf109fad2b__additional_data_curated__hard_validation__c73cbd.jpg,Dog,Dog,Fungal Infection in Dog,Fungal Infection in Dog,Fungal Infection in Dog,Fungal Infection in Dog,0.9808355701208026,0.9587589,True
/mnt/e/Ringworm detection project/DFAN-main/evaluation_data/development_external_2026_05_02/Dog/Fungal Infection in Dog/750d8d473e87__additional_data_curated__hard_validation__cbd94d.jpg,Dog,Dog,Fungal Infection in Dog,Fungal Infection in Dog,Fungal Infection in Dog,Fungal Infection in Dog,0.9916482116623617,0.98280394,True
/mnt/e/Ringworm detection project/DFAN-main/evaluation_data/development_external_2026_05_02/Dog/Fungal Infection in Dog/78ef8447b87b__additional_data_curated__hard_validation__0ebabc.jpg,Dog,Dog,Fungal Infection in Dog,Fungal Infection in Dog,Fungal Infection in Dog,Fungal Infection in Dog,0.9911162914831896,0.9806795,True
/mnt/e/Ringworm detection project/DFAN-main/evaluation_data/development_external_2026_05_02/Dog/Fungal Infection in Dog/7923092dab4b__additional_data_curated__hard_validation__634fa1.jpg,Dog,Dog,Fungal Infection in Dog,Fungal Infection in Dog,Fungal Infection in Dog,Fungal Infection in Dog,0.994017616863579,0.98645914,True
/mnt/e/Ringworm detection project/DFAN-main/evaluation_data/development_external_2026_05_02/Dog/Fungal Infection in Dog/7c231e0cecb9__additional_data_curated__hard_validation__66e17a.jpg,Dog,Dog,Fungal Infection in Dog,Fungal Infection in Dog,Fungal Infection in Dog,Fungal Infection in Dog,0.9921653624745513,0.98621875,True
/mnt/e/Ringworm detection project/DFAN-main/evaluation_data/development_external_2026_05_02/Dog/Fungal Infection in Dog/80f616cfdba8__additional_data_curated__hard_validation__620ce5.jpg,Dog,Dog,Fungal Infection in Dog,Ringworm in Dog,Ringworm in Dog,Ringworm in Dog,0.9664383838675248,0.9537605,False
/mnt/e/Ringworm detection project/DFAN-main/evaluation_data/development_external_2026_05_02/Dog/Fungal Infection in Dog/81a422cfddec__additional_data_curated__hard_validation__6bf85c.jpg,Dog,Dog,Fungal Infection in Dog,Fungal Infection in Dog,Fungal Infection in Dog,Fungal Infection in Dog,0.9940389108811567,0.98500395,True
/mnt/e/Ringworm detection project/DFAN-main/evaluation_data/development_external_2026_05_02/Dog/Fungal Infection in Dog/836085b2e183__additional_data_curated__hard_validation__1ca5c0.jpg,Dog,Dog,Fungal Infection in Dog,Fungal Infection in Dog,Fungal Infection in Dog,Fungal Infection in Dog,0.9907917969951272,0.9819443,True
/mnt/e/Ringworm detection project/DFAN-main/evaluation_data/development_external_2026_05_02/Dog/Fungal Infection in Dog/85e8abdce51b__additional_data_curated__hard_validation__45a581.jpg,Dog,Dog,Fungal Infection in Dog,Fungal Infection in Dog,Fungal Infection in Dog,Fungal Infection in Dog,0.9949590065030368,0.9886955,True
/mnt/e/Ringworm detection project/DFAN-main/evaluation_data/development_external_2026_05_02/Dog/Fungal Infection in Dog/8744a727a102__additional_data_curated__hard_validation__493fa3.jpg,Dog,Dog,Fungal Infection in Dog,Fungal Infection in Dog,Fungal Infection in Dog,Fungal Infection in Dog,0.988153636495189,0.97811973,True
/mnt/e/Ringworm detection project/DFAN-main/evaluation_data/development_external_2026_05_02/Dog/Fungal Infection in Dog/87d6c11eb8da__additional_data_curated__hard_validation__7ca89f.jpg,Dog,Dog,Fungal Infection in Dog,Fungal Infection in Dog,Fungal Infection in Dog,Fungal Infection in Dog,0.9938742170287698,0.9876276,True
/mnt/e/Ringworm detection project/DFAN-main/evaluation_data/development_external_2026_05_02/Dog/Fungal Infection in Dog/8a75a7fab8d4__additional_data_curated__hard_validation__837adb.jpg,Dog,Dog,Fungal Infection in Dog,Fungal Infection in Dog,Fungal Infection in Dog,Fungal Infection in Dog,0.8909454386138945,0.87575,True
/mnt/e/Ringworm detection project/DFAN-main/evaluation_data/development_external_2026_05_02/Dog/Fungal Infection in Dog/8b6f2aedc65d__additional_data_curated__hard_validation__074934.jpg,Dog,Dog,Fungal Infection in Dog,Fungal Infection in Dog,Fungal Infection in Dog,Fungal Infection in Dog,0.9509744121431416,0.93754363,True
/mnt/e/Ringworm detection project/DFAN-main/evaluation_data/development_external_2026_05_02/Dog/Fungal Infection in Dog/8e7155696e58__additional_data_curated__hard_validation__824c05.jpg,Dog,Dog,Fungal Infection in Dog,Fungal Infection in Dog,Fungal Infection in Dog,Fungal Infection in Dog,0.9918738580963491,0.9875616,True
/mnt/e/Ringworm detection project/DFAN-main/evaluation_data/development_external_2026_05_02/Dog/Fungal Infection in Dog/921e5510a3c6__additional_data_curated__hard_validation__b83c21.jpg,Dog,Dog,Fungal Infection in Dog,Fungal Infection in Dog,Fungal Infection in Dog,Fungal Infection in Dog,0.979913315693877,0.97408414,True
/mnt/e/Ringworm detection project/DFAN-main/evaluation_data/development_external_2026_05_02/Dog/Fungal Infection in Dog/9262c89eae17__additional_data_curated__hard_validation__d5db6b.jpg,Dog,Dog,Fungal Infection in Dog,Fungal Infection in Dog,Fungal Infection in Dog,Fungal Infection in Dog,0.9910489221279277,0.9862038,True
/mnt/e/Ringworm detection project/DFAN-main/evaluation_data/development_external_2026_05_02/Dog/Fungal Infection in Dog/93035cd8d212__additional_data_curated__hard_validation__4d89ee.jpg,Dog,Dog,Fungal Infection in Dog,Fungal Infection in Dog,Fungal Infection in Dog,Fungal Infection in Dog,0.9863931427569679,0.97388995,True
/mnt/e/Ringworm detection project/DFAN-main/evaluation_data/development_external_2026_05_02/Dog/Fungal Infection in Dog/976cf549ed24__additional_data_curated__hard_validation__0220b7.jpg,Dog,Dog,Fungal Infection in Dog,Fungal Infection in Dog,Fungal Infection in Dog,Fungal Infection in Dog,0.8847138862769303,0.8695846,True
/mnt/e/Ringworm detection project/DFAN-main/evaluation_data/development_external_2026_05_02/Dog/Fungal Infection in Dog/993c64bf044a__additional_data_curated__hard_validation__13eed5.jpg,Dog,Dog,Fungal Infection in Dog,Fungal Infection in Dog,Fungal Infection in Dog,Fungal Infection in Dog,0.9666090124509696,0.9535186,True
/mnt/e/Ringworm detection project/DFAN-main/evaluation_data/development_external_2026_05_02/Dog/Fungal Infection in Dog/9950fad6f72c__additional_data_curated__hard_validation__d7b599.jpg,Dog,Dog,Fungal Infection in Dog,Fungal Infection in Dog,Fungal Infection in Dog,Fungal Infection in Dog,0.9943053193655496,0.98922426,True
/mnt/e/Ringworm detection project/DFAN-main/evaluation_data/development_external_2026_05_02/Dog/Fungal Infection in Dog/9b111941517b__additional_data_curated__hard_validation__a718cc.jpg,Dog,Dog,Fungal Infection in Dog,Fungal Infection in Dog,Fungal Infection in Dog,Fungal Infection in Dog,0.992021466653016,0.98417956,True
/mnt/e/Ringworm detection project/DFAN-main/evaluation_data/development_external_2026_05_02/Dog/Fungal Infection in Dog/9e11d080c8ca__additional_data_curated__hard_validation__75c7be.jpg,Dog,Dog,Fungal Infection in Dog,Fungal Infection in Dog,Fungal Infection in Dog,Fungal Infection in Dog,0.9892952083866902,0.9813613,True
/mnt/e/Ringworm detection project/DFAN-main/evaluation_data/development_external_2026_05_02/Dog/Fungal Infection in Dog/a10fc839a1e5__additional_data_curated__hard_validation__ac9ac9.jpg,Dog,Dog,Fungal Infection in Dog,Fungal Infection in Dog,Fungal Infection in Dog,Fungal Infection in Dog,0.9921591106788911,0.98525435,True
/mnt/e/Ringworm detection project/DFAN-main/evaluation_data/development_external_2026_05_02/Dog/Fungal Infection in Dog/a1f90f0cfd11__additional_data_curated__hard_validation__25534f.jpg,Dog,Dog,Fungal Infection in Dog,Fungal Infection in Dog,Fungal Infection in Dog,Fungal Infection in Dog,0.9916915473751025,0.98616517,True
/mnt/e/Ringworm detection project/DFAN-main/evaluation_data/development_external_2026_05_02/Dog/Fungal Infection in Dog/a33f47d0a1d9__additional_data_curated__hard_validation__a8c694.jpg,Dog,Dog,Fungal Infection in Dog,Fungal Infection in Dog,Fungal Infection in Dog,Fungal Infection in Dog,0.9957309899289966,0.9898117,True
/mnt/e/Ringworm detection project/DFAN-main/evaluation_data/development_external_2026_05_02/Dog/Fungal Infection in Dog/a41eb0742021__additional_data_curated__hard_validation__167ef8.jpg,Dog,Dog,Fungal Infection in Dog,Fungal Infection in Dog,Fungal Infection in Dog,Fungal Infection in Dog,0.9959952702613247,0.9913703,True
/mnt/e/Ringworm detection project/DFAN-main/evaluation_data/development_external_2026_05_02/Dog/Fungal Infection in Dog/a66627368e18__additional_data_curated__hard_validation__0315bb.jpg,Dog,Dog,Fungal Infection in Dog,Fungal Infection in Dog,Fungal Infection in Dog,Fungal Infection in Dog,0.9961543765735059,0.9908756,True
/mnt/e/Ringworm detection project/DFAN-main/evaluation_data/development_external_2026_05_02/Dog/Fungal Infection in Dog/a932d02be45d__additional_data_curated__hard_validation__a0dca6.jpg,Dog,Dog,Fungal Infection in Dog,Fungal Infection in Dog,Fungal Infection in Dog,Fungal Infection in Dog,0.9942524470636501,0.98803127,True
/mnt/e/Ringworm detection project/DFAN-main/evaluation_data/development_external_2026_05_02/Dog/Fungal Infection in Dog/ab46d557e0a2__additional_data_curated__hard_validation__a04c5e.jpg,Dog,Dog,Fungal Infection in Dog,Fungal Infection in Dog,Fungal Infection in Dog,Fungal Infection in Dog,0.9919950353097104,0.98567134,True
/mnt/e/Ringworm detection project/DFAN-main/evaluation_data/development_external_2026_05_02/Dog/Fungal Infection in Dog/ab97d2641201__additional_data_curated__hard_validation__f126e0.jpg,Dog,Dog,Fungal Infection in Dog,Fungal Infection in Dog,Fungal Infection in Dog,Fungal Infection in Dog,0.9790981075222741,0.9696535,True
/mnt/e/Ringworm detection project/DFAN-main/evaluation_data/development_external_2026_05_02/Dog/Fungal Infection in Dog/abc883e75cc6__additional_data_curated__hard_validation__e8d52c.jpg,Dog,Dog,Fungal Infection in Dog,Fungal Infection in Dog,Fungal Infection in Dog,Fungal Infection in Dog,0.9919453084960405,0.98539364,True
/mnt/e/Ringworm detection project/DFAN-main/evaluation_data/development_external_2026_05_02/Dog/Fungal Infection in Dog/ae2da661f855__additional_data_curated__hard_validation__3b2fe9.jpg,Dog,Dog,Fungal Infection in Dog,Fungal Infection in Dog,Fungal Infection in Dog,Fungal Infection in Dog,0.9930994286636355,0.9830436,True
/mnt/e/Ringworm detection project/DFAN-main/evaluation_data/development_external_2026_05_02/Dog/Fungal Infection in Dog/b5eadd6f1054__additional_data_curated__hard_validation__9f1469.jpg,Dog,Dog,Fungal Infection in Dog,Fungal Infection in Dog,Fungal Infection in Dog,Fungal Infection in Dog,0.9433434766808458,0.93137234,True
/mnt/e/Ringworm detection project/DFAN-main/evaluation_data/development_external_2026_05_02/Dog/Fungal Infection in Dog/b7a48da67ecb__additional_data_curated__hard_validation__648b86.jpg,Dog,Dog,Fungal Infection in Dog,Fungal Infection in Dog,Fungal Infection in Dog,Fungal Infection in Dog,0.8360910208989687,0.8195128,True
/mnt/e/Ringworm detection project/DFAN-main/evaluation_data/development_external_2026_05_02/Dog/Fungal Infection in Dog/b919de5b2543__additional_data_curated__hard_validation__59e384.jpg,Dog,Dog,Fungal Infection in Dog,Fungal Infection in Dog,Fungal Infection in Dog,Fungal Infection in Dog,0.9928796851644474,0.98361075,True
/mnt/e/Ringworm detection project/DFAN-main/evaluation_data/development_external_2026_05_02/Dog/Fungal Infection in Dog/bb2dd3196c71__additional_data_curated__hard_validation__9b452d.jpg,Dog,Dog,Fungal Infection in Dog,Fungal Infection in Dog,Fungal Infection in Dog,Fungal Infection in Dog,0.9876232700878975,0.9735178,True
/mnt/e/Ringworm detection project/DFAN-main/evaluation_data/development_external_2026_05_02/Dog/Fungal Infection in Dog/bb3830489e3a__additional_data_curated__hard_validation__1a5351.jpg,Dog,Dog,Fungal Infection in Dog,Fungal Infection in Dog,Fungal Infection in Dog,Fungal Infection in Dog,0.9896585960000359,0.98215574,True
/mnt/e/Ringworm detection project/DFAN-main/evaluation_data/development_external_2026_05_02/Dog/Fungal Infection in Dog/c020c405dca1__additional_data_curated__hard_validation__0e1823.jpg,Dog,Dog,Fungal Infection in Dog,Fungal Infection in Dog,Fungal Infection in Dog,Fungal Infection in Dog,0.9945975092503008,0.9906433,True
/mnt/e/Ringworm detection project/DFAN-main/evaluation_data/development_external_2026_05_02/Dog/Fungal Infection in Dog/c1ce254968ed__additional_data_curated__hard_validation__f040b0.jpg,Dog,Dog,Fungal Infection in Dog,Fungal Infection in Dog,Fungal Infection in Dog,Fungal Infection in Dog,0.9834507975956562,0.97050977,True
/mnt/e/Ringworm detection project/DFAN-main/evaluation_data/development_external_2026_05_02/Dog/Fungal Infection in Dog/c582a28705a8__additional_data_curated__hard_validation__fb26df.jpg,Dog,Dog,Fungal Infection in Dog,Fungal Infection in Dog,Fungal Infection in Dog,Fungal Infection in Dog,0.9890513143357644,0.97452265,True
/mnt/e/Ringworm detection project/DFAN-main/evaluation_data/development_external_2026_05_02/Dog/Fungal Infection in Dog/c688cce7dc93__additional_data_curated__hard_validation__a90bc4.jpg,Dog,Dog,Fungal Infection in Dog,Fungal Infection in Dog,Fungal Infection in Dog,Fungal Infection in Dog,0.984282254279274,0.9640106,True
/mnt/e/Ringworm detection project/DFAN-main/evaluation_data/development_external_2026_05_02/Dog/Fungal Infection in Dog/c6bad0a7fe4f__additional_data_curated__hard_validation__a36a8c.jpg,Dog,Dog,Fungal Infection in Dog,Fungal Infection in Dog,Fungal Infection in Dog,Fungal Infection in Dog,0.9765062086142307,0.96778095,True
/mnt/e/Ringworm detection project/DFAN-main/evaluation_data/development_external_2026_05_02/Dog/Fungal Infection in Dog/c736cd08175a__additional_data_curated__hard_validation__19eb54.jpg,Dog,Dog,Fungal Infection in Dog,Fungal Infection in Dog,Fungal Infection in Dog,Fungal Infection in Dog,0.9923317867333744,0.9861879,True
/mnt/e/Ringworm detection project/DFAN-main/evaluation_data/development_external_2026_05_02/Dog/Fungal Infection in Dog/c8b09762bd3c__additional_data_curated__hard_validation__001ba2.jpg,Dog,Dog,Fungal Infection in Dog,Fungal Infection in Dog,Fungal Infection in Dog,Fungal Infection in Dog,0.993182823225848,0.98764986,True
/mnt/e/Ringworm detection project/DFAN-main/evaluation_data/development_external_2026_05_02/Dog/Fungal Infection in Dog/cb11ecd7a7a2__additional_data_curated__hard_validation__ebbd66.jpg,Dog,Dog,Fungal Infection in Dog,Fungal Infection in Dog,Fungal Infection in Dog,Fungal Infection in Dog,0.9919484374691329,0.9846423,True
/mnt/e/Ringworm detection project/DFAN-main/evaluation_data/development_external_2026_05_02/Dog/Fungal Infection in Dog/cc52cfe60743__additional_data_curated__hard_validation__2b9703.jpg,Dog,Dog,Fungal Infection in Dog,Fungal Infection in Dog,Fungal Infection in Dog,Fungal Infection in Dog,0.9914399487453084,0.98049957,True
/mnt/e/Ringworm detection project/DFAN-main/evaluation_data/development_external_2026_05_02/Dog/Fungal Infection in Dog/ccff72f77cfa__additional_data_curated__hard_validation__70677e.jpg,Dog,Dog,Fungal Infection in Dog,Fungal Infection in Dog,Fungal Infection in Dog,Fungal Infection in Dog,0.9907999874929345,0.98230743,True
/mnt/e/Ringworm detection project/DFAN-main/evaluation_data/development_external_2026_05_02/Dog/Fungal Infection in Dog/cde87acfdd7f__additional_data_curated__hard_validation__09c322.jpg,Dog,Dog,Fungal Infection in Dog,Skin Allergy in Dog,Skin Allergy in Dog,Skin Allergy in Dog,0.9921224999207189,0.98491806,False
/mnt/e/Ringworm detection project/DFAN-main/evaluation_data/development_external_2026_05_02/Dog/Fungal Infection in Dog/ce937f522abb__additional_data_curated__hard_validation__4fa5c5.jpg,Dog,Dog,Fungal Infection in Dog,Fungal Infection in Dog,Fungal Infection in Dog,Fungal Infection in Dog,0.9896205831536306,0.98284125,True
/mnt/e/Ringworm detection project/DFAN-main/evaluation_data/development_external_2026_05_02/Dog/Fungal Infection in Dog/d0bf0ee64ab3__additional_data_curated__hard_validation__6a6a82.jpg,Dog,Dog,Fungal Infection in Dog,Fungal Infection in Dog,Fungal Infection in Dog,Fungal Infection in Dog,0.9952291353477922,0.98908246,True
/mnt/e/Ringworm detection project/DFAN-main/evaluation_data/development_external_2026_05_02/Dog/Fungal Infection in Dog/d16d97a0a6b4__additional_data_curated__hard_validation__dcc573.jpg,Dog,Dog,Fungal Infection in Dog,Fungal Infection in Dog,Fungal Infection in Dog,Fungal Infection in Dog,0.7341209400930275,0.7103513,True
/mnt/e/Ringworm detection project/DFAN-main/evaluation_data/development_external_2026_05_02/Dog/Fungal Infection in Dog/d3eab1a9a802__additional_data_curated__hard_validation__64b095.jpg,Dog,Dog,Fungal Infection in Dog,Fungal Infection in Dog,Fungal Infection in Dog,Fungal Infection in Dog,0.9820835425651565,0.9627145,True
/mnt/e/Ringworm detection project/DFAN-main/evaluation_data/development_external_2026_05_02/Dog/Fungal Infection in Dog/d8298ef72f25__additional_data_curated__hard_validation__fc07c5.jpg,Dog,Dog,Fungal Infection in Dog,Fungal Infection in Dog,Fungal Infection in Dog,Fungal Infection in Dog,0.9916954237977773,0.98661125,True
/mnt/e/Ringworm detection project/DFAN-main/evaluation_data/development_external_2026_05_02/Dog/Fungal Infection in Dog/dbd2157d8515__additional_data_curated__hard_validation__534323.jpg,Dog,Dog,Fungal Infection in Dog,Fungal Infection in Dog,Fungal Infection in Dog,Fungal Infection in Dog,0.989057776111333,0.9792164,True
/mnt/e/Ringworm detection project/DFAN-main/evaluation_data/development_external_2026_05_02/Dog/Fungal Infection in Dog/e0a0c3bac73f__additional_data_curated__hard_validation__ea345a.jpg,Dog,Dog,Fungal Infection in Dog,Dog_normal,Dog_normal,Dog_normal,0.9653956076158953,0.9523801,False
/mnt/e/Ringworm detection project/DFAN-main/evaluation_data/development_external_2026_05_02/Dog/Fungal Infection in Dog/e336709ee7da__additional_data_curated__hard_validation__7c7d0a.jpg,Dog,Dog,Fungal Infection in Dog,Fungal Infection in Dog,Fungal Infection in Dog,Fungal Infection in Dog,0.9934661279509154,0.9872485,True
/mnt/e/Ringworm detection project/DFAN-main/evaluation_data/development_external_2026_05_02/Dog/Fungal Infection in Dog/e59de2a414ac__additional_data_curated__hard_validation__000e1f.jpg,Dog,Dog,Fungal Infection in Dog,Skin Allergy in Dog,Skin Allergy in Dog,Skin Allergy in Dog,0.9572190006343807,0.9461656,False
/mnt/e/Ringworm detection project/DFAN-main/evaluation_data/development_external_2026_05_02/Dog/Fungal Infection in Dog/e6583408d774__additional_data_curated__hard_validation__23fc96.jpg,Dog,Dog,Fungal Infection in Dog,Fungal Infection in Dog,Fungal Infection in Dog,Fungal Infection in Dog,0.9927541504381739,0.9855563,True
/mnt/e/Ringworm detection project/DFAN-main/evaluation_data/development_external_2026_05_02/Dog/Fungal Infection in Dog/e94ecbb525ce__additional_data_curated__hard_validation__87201b.jpg,Dog,Dog,Fungal Infection in Dog,Fungal Infection in Dog,Fungal Infection in Dog,Fungal Infection in Dog,0.9897968633010547,0.98233277,True
/mnt/e/Ringworm detection project/DFAN-main/evaluation_data/development_external_2026_05_02/Dog/Fungal Infection in Dog/eef10ae010f7__additional_data_curated__hard_validation__23f08a.jpg,Dog,Dog,Fungal Infection in Dog,Fungal Infection in Dog,Fungal Infection in Dog,Fungal Infection in Dog,0.9896558777509309,0.9785539,True
/mnt/e/Ringworm detection project/DFAN-main/evaluation_data/development_external_2026_05_02/Dog/Fungal Infection in Dog/f1b2fc0b4462__additional_data_curated__hard_validation__1c8e59.jpg,Dog,Dog,Fungal Infection in Dog,Dog_normal,Dog_normal,Dog_normal,0.7160673974319701,0.6941788,False
/mnt/e/Ringworm detection project/DFAN-main/evaluation_data/development_external_2026_05_02/Dog/Fungal Infection in Dog/f1c56017ee60__additional_data_curated__hard_validation__300a91.jpg,Dog,Dog,Fungal Infection in Dog,Fungal Infection in Dog,Fungal Infection in Dog,Fungal Infection in Dog,0.9948466827429786,0.9894183,True
/mnt/e/Ringworm detection project/DFAN-main/evaluation_data/development_external_2026_05_02/Dog/Fungal Infection in Dog/f29f8c20765e__additional_data_curated__hard_validation__906121.jpg,Dog,Dog,Fungal Infection in Dog,Fungal Infection in Dog,Fungal Infection in Dog,Fungal Infection in Dog,0.9923678134418717,0.9835579,True
/mnt/e/Ringworm detection project/DFAN-main/evaluation_data/development_external_2026_05_02/Dog/Fungal Infection in Dog/f3097f9617d2__additional_data_curated__hard_validation__d58b07.jpg,Dog,Dog,Fungal Infection in Dog,Fungal Infection in Dog,Fungal Infection in Dog,Fungal Infection in Dog,0.9941611302331448,0.9872913,True
/mnt/e/Ringworm detection project/DFAN-main/evaluation_data/development_external_2026_05_02/Dog/Fungal Infection in Dog/f40465fa8097__additional_data_curated__hard_validation__edb708.jpg,Dog,Dog,Fungal Infection in Dog,Fungal Infection in Dog,Fungal Infection in Dog,Fungal Infection in Dog,0.9953269568883188,0.989656,True
/mnt/e/Ringworm detection project/DFAN-main/evaluation_data/development_external_2026_05_02/Dog/Fungal Infection in Dog/f696f136aa37__additional_data_curated__hard_validation__acd25f.jpg,Dog,Dog,Fungal Infection in Dog,Fungal Infection in Dog,Fungal Infection in Dog,Fungal Infection in Dog,0.9958972031840968,0.99252313,True
/mnt/e/Ringworm detection project/DFAN-main/evaluation_data/development_external_2026_05_02/Dog/Fungal Infection in Dog/f757894f34ac__additional_data_curated__hard_validation__f3be17.jpg,Dog,Dog,Fungal Infection in Dog,Fungal Infection in Dog,Fungal Infection in Dog,Fungal Infection in Dog,0.9725054475584343,0.9626966,True
/mnt/e/Ringworm detection project/DFAN-main/evaluation_data/development_external_2026_05_02/Dog/Fungal Infection in Dog/f86000f86e53__additional_data_curated__hard_validation__7efa8b.jpg,Dog,Dog,Fungal Infection in Dog,Fungal Infection in Dog,Fungal Infection in Dog,Fungal Infection in Dog,0.9321308995131722,0.91554683,True
/mnt/e/Ringworm detection project/DFAN-main/evaluation_data/development_external_2026_05_02/Dog/Fungal Infection in Dog/fc81ee9f47af__additional_data_curated__hard_validation__869d04.jpg,Dog,Dog,Fungal Infection in Dog,Fungal Infection in Dog,Fungal Infection in Dog,Fungal Infection in Dog,0.9876575700860607,0.9780411,True
/mnt/e/Ringworm detection project/DFAN-main/evaluation_data/development_external_2026_05_02/Dog/Fungal Infection in Dog/ff8459d5f55e__additional_data_curated__hard_validation__f34e04.jpg,Dog,Dog,Fungal Infection in Dog,Fungal Infection in Dog,Fungal Infection in Dog,Fungal Infection in Dog,0.927032017364877,0.9119924,True
/mnt/e/Ringworm detection project/DFAN-main/evaluation_data/development_external_2026_05_02/Dog/Fungal Infection in Dog/ffd5c33579d9__additional_data_curated__hard_validation__e5ab02.jpg,Dog,Dog,Fungal Infection in Dog,Skin Allergy in Dog,Skin Allergy in Dog,Skin Allergy in Dog,0.9787493419885933,0.9684399,False
/mnt/e/Ringworm detection project/DFAN-main/evaluation_data/development_external_2026_05_02/Dog/Skin Allergy in Dog/012f6e9da495__additional_data_curated__hard_validation__d8c39e.jpg,Dog,Dog,Skin Allergy in Dog,Skin Allergy in Dog,Skin Allergy in Dog,Skin Allergy in Dog,0.9825944596747681,0.9627754,True
/mnt/e/Ringworm detection project/DFAN-main/evaluation_data/development_external_2026_05_02/Dog/Skin Allergy in Dog/01f803ece99b__additional_data_curated__hard_validation__e783d0.jpg,Dog,Dog,Skin Allergy in Dog,Skin Allergy in Dog,Skin Allergy in Dog,Skin Allergy in Dog,0.9843869109253468,0.9688882,True
/mnt/e/Ringworm detection project/DFAN-main/evaluation_data/development_external_2026_05_02/Dog/Skin Allergy in Dog/022b5abe563b__additional_data_curated__hard_validation__007568.jpg,Dog,Dog,Skin Allergy in Dog,Skin Allergy in Dog,Skin Allergy in Dog,Skin Allergy in Dog,0.956595654617156,0.89446837,True
/mnt/e/Ringworm detection project/DFAN-main/evaluation_data/development_external_2026_05_02/Dog/Skin Allergy in Dog/02cd71a0668c__additional_data_curated__hard_validation__d5aec6.jpg,Dog,Dog,Skin Allergy in Dog,Skin Allergy in Dog,Skin Allergy in Dog,Skin Allergy in Dog,0.9800854684104924,0.94923544,True
/mnt/e/Ringworm detection project/DFAN-main/evaluation_data/development_external_2026_05_02/Dog/Skin Allergy in Dog/04fe9601a7a3__additional_data_curated__hard_validation__85a572.jpg,Dog,Dog,Skin Allergy in Dog,Skin Allergy in Dog,Skin Allergy in Dog,Skin Allergy in Dog,0.9843858197660962,0.9666281,True
/mnt/e/Ringworm detection project/DFAN-main/evaluation_data/development_external_2026_05_02/Dog/Skin Allergy in Dog/067090b5eda2__additional_data_curated__hard_validation__998d93.jpg,Dog,Dog,Skin Allergy in Dog,Skin Allergy in Dog,Skin Allergy in Dog,Skin Allergy in Dog,0.9786671417773661,0.9561341,True
/mnt/e/Ringworm detection project/DFAN-main/evaluation_data/development_external_2026_05_02/Dog/Skin Allergy in Dog/09373e42b1d0__additional_data_curated__hard_validation__d80ec5.jpg,Dog,Dog,Skin Allergy in Dog,Skin Allergy in Dog,Skin Allergy in Dog,Skin Allergy in Dog,0.9741781492574273,0.94753873,True
/mnt/e/Ringworm detection project/DFAN-main/evaluation_data/development_external_2026_05_02/Dog/Skin Allergy in Dog/0d8d3bfbb96f__additional_data_curated__hard_validation__d0719d.jpg,Dog,Dog,Skin Allergy in Dog,Skin Allergy in Dog,Skin Allergy in Dog,Skin Allergy in Dog,0.9942723309900756,0.98758066,True
/mnt/e/Ringworm detection project/DFAN-main/evaluation_data/development_external_2026_05_02/Dog/Skin Allergy in Dog/13a13ed75191__additional_data_curated__hard_validation__91c149.jpg,Dog,Dog,Skin Allergy in Dog,Skin Allergy in Dog,Skin Allergy in Dog,Skin Allergy in Dog,0.9843204361801859,0.9720095,True
/mnt/e/Ringworm detection project/DFAN-main/evaluation_data/development_external_2026_05_02/Dog/Skin Allergy in Dog/179a33a58f32__additional_data_curated__hard_validation__b984ab.jpg,Dog,Dog,Skin Allergy in Dog,Skin Allergy in Dog,Skin Allergy in Dog,Skin Allergy in Dog,0.9879869952854761,0.97395056,True
/mnt/e/Ringworm detection project/DFAN-main/evaluation_data/development_external_2026_05_02/Dog/Skin Allergy in Dog/2287e05c6723__additional_data_curated__hard_validation__0a89d9.jpg,Dog,Dog,Skin Allergy in Dog,Skin Allergy in Dog,Skin Allergy in Dog,Skin Allergy in Dog,0.9953944353449695,0.99194837,True
/mnt/e/Ringworm detection project/DFAN-main/evaluation_data/development_external_2026_05_02/Dog/Skin Allergy in Dog/25c9c3a4e562__additional_data_curated__hard_validation__f122da.jpg,Dog,Dog,Skin Allergy in Dog,Skin Allergy in Dog,Skin Allergy in Dog,Skin Allergy in Dog,0.9955883587268506,0.991591,True
/mnt/e/Ringworm detection project/DFAN-main/evaluation_data/development_external_2026_05_02/Dog/Skin Allergy in Dog/27d8dd4e62cc__additional_data_curated__hard_validation__efd170.jpg,Dog,Dog,Skin Allergy in Dog,Skin Allergy in Dog,Skin Allergy in Dog,Skin Allergy in Dog,0.9859829582820028,0.9752172,True
/mnt/e/Ringworm detection project/DFAN-main/evaluation_data/development_external_2026_05_02/Dog/Skin Allergy in Dog/2d373bba73a3__additional_data_curated__hard_validation__67730c.jpg,Dog,Dog,Skin Allergy in Dog,Skin Allergy in Dog,Skin Allergy in Dog,Skin Allergy in Dog,0.9950940737448644,0.98932844,True
/mnt/e/Ringworm detection project/DFAN-main/evaluation_data/development_external_2026_05_02/Dog/Skin Allergy in Dog/315aee392959__additional_data_curated__hard_validation__f7ac86.jpg,Dog,Dog,Skin Allergy in Dog,Skin Allergy in Dog,Skin Allergy in Dog,Skin Allergy in Dog,0.9922005685307538,0.9853225,True
/mnt/e/Ringworm detection project/DFAN-main/evaluation_data/development_external_2026_05_02/Dog/Skin Allergy in Dog/338d3b03fac0__additional_data_curated__hard_validation__011a37.jpg,Dog,Dog,Skin Allergy in Dog,Skin Allergy in Dog,Skin Allergy in Dog,Skin Allergy in Dog,0.9946330772015489,0.98806435,True
/mnt/e/Ringworm detection project/DFAN-main/evaluation_data/development_external_2026_05_02/Dog/Skin Allergy in Dog/3608e9f014e4__additional_data_curated__hard_validation__df9790.jpg,Dog,Dog,Skin Allergy in Dog,Skin Allergy in Dog,Skin Allergy in Dog,Skin Allergy in Dog,0.9925253142219056,0.9858381,True
/mnt/e/Ringworm detection project/DFAN-main/evaluation_data/development_external_2026_05_02/Dog/Skin Allergy in Dog/36976cd294f2__additional_data_curated__hard_validation__e39391.jpg,Dog,Dog,Skin Allergy in Dog,Skin Allergy in Dog,Skin Allergy in Dog,Skin Allergy in Dog,0.9479409186049048,0.9231905,True
/mnt/e/Ringworm detection project/DFAN-main/evaluation_data/development_external_2026_05_02/Dog/Skin Allergy in Dog/391de199ed39__additional_data_curated__hard_validation__660cf4.jpg,Dog,Dog,Skin Allergy in Dog,Skin Allergy in Dog,Skin Allergy in Dog,Skin Allergy in Dog,0.989174672693836,0.97958195,True
/mnt/e/Ringworm detection project/DFAN-main/evaluation_data/development_external_2026_05_02/Dog/Skin Allergy in Dog/397da5cdc85c__additional_data_curated__hard_validation__e0c0ce.jpg,Dog,Dog,Skin Allergy in Dog,Skin Allergy in Dog,Skin Allergy in Dog,Skin Allergy in Dog,0.9864845433966294,0.9704852,True
/mnt/e/Ringworm detection project/DFAN-main/evaluation_data/development_external_2026_05_02/Dog/Skin Allergy in Dog/3f08c1878845__additional_data_curated__hard_validation__853112.jpg,Dog,Dog,Skin Allergy in Dog,Skin Allergy in Dog,Skin Allergy in Dog,Skin Allergy in Dog,0.9904384084066805,0.9813596,True
/mnt/e/Ringworm detection project/DFAN-main/evaluation_data/development_external_2026_05_02/Dog/Skin Allergy in Dog/40039fa58fcd__additional_data_curated__hard_validation__c008a7.jpg,Dog,Dog,Skin Allergy in Dog,Skin Allergy in Dog,Skin Allergy in Dog,Skin Allergy in Dog,0.9943472172020049,0.9872995,True
/mnt/e/Ringworm detection project/DFAN-main/evaluation_data/development_external_2026_05_02/Dog/Skin Allergy in Dog/421f7ef70f4d__additional_data_curated__hard_validation__dac597.jpg,Dog,Dog,Skin Allergy in Dog,Skin Allergy in Dog,Skin Allergy in Dog,Skin Allergy in Dog,0.9852785576821618,0.9711987,True
/mnt/e/Ringworm detection project/DFAN-main/evaluation_data/development_external_2026_05_02/Dog/Skin Allergy in Dog/444f9b8242ae__additional_data_curated__hard_validation__ac9c49.jpg,Dog,Dog,Skin Allergy in Dog,Skin Allergy in Dog,Skin Allergy in Dog,Skin Allergy in Dog,0.972358517891948,0.9336853,True
/mnt/e/Ringworm detection project/DFAN-main/evaluation_data/development_external_2026_05_02/Dog/Skin Allergy in Dog/448d4c27e596__additional_data_curated__hard_validation__8a0a62.jpg,Dog,Dog,Skin Allergy in Dog,Skin Allergy in Dog,Skin Allergy in Dog,Skin Allergy in Dog,0.995672671873007,0.990533,True
/mnt/e/Ringworm detection project/DFAN-main/evaluation_data/development_external_2026_05_02/Dog/Skin Allergy in Dog/4e1cd5cd9705__additional_data_curated__hard_validation__6ec19f.jpg,Dog,Dog,Skin Allergy in Dog,Dermatitis in Dog,Dermatitis in Dog,Dermatitis in Dog,0.5340990021679003,0.51840115,False
/mnt/e/Ringworm detection project/DFAN-main/evaluation_data/development_external_2026_05_02/Dog/Skin Allergy in Dog/522eba617aac__additional_data_curated__hard_validation__b99f5b.jpg,Dog,Dog,Skin Allergy in Dog,Skin Allergy in Dog,Skin Allergy in Dog,Skin Allergy in Dog,0.9902708564510977,0.9836826,True
/mnt/e/Ringworm detection project/DFAN-main/evaluation_data/development_external_2026_05_02/Dog/Skin Allergy in Dog/54dbabbbb452__additional_data_curated__hard_validation__abaf50.jpg,Dog,Dog,Skin Allergy in Dog,Skin Allergy in Dog,Skin Allergy in Dog,Skin Allergy in Dog,0.9899006706123894,0.98112744,True
/mnt/e/Ringworm detection project/DFAN-main/evaluation_data/development_external_2026_05_02/Dog/Skin Allergy in Dog/5672eedd39cc__additional_data_curated__hard_validation__461a9d.jpg,Dog,Dog,Skin Allergy in Dog,Skin Allergy in Dog,Skin Allergy in Dog,Skin Allergy in Dog,0.9816151996885777,0.9640961,True
/mnt/e/Ringworm detection project/DFAN-main/evaluation_data/development_external_2026_05_02/Dog/Skin Allergy in Dog/5bce00a34125__additional_data_curated__hard_validation__68c6b1.jpg,Dog,Dog,Skin Allergy in Dog,Skin Allergy in Dog,Skin Allergy in Dog,Skin Allergy in Dog,0.9902737092465731,0.9779042,True
/mnt/e/Ringworm detection project/DFAN-main/evaluation_data/development_external_2026_05_02/Dog/Skin Allergy in Dog/5d080721f1e6__additional_data_curated__hard_validation__acf67a.jpg,Dog,Dog,Skin Allergy in Dog,Skin Allergy in Dog,Skin Allergy in Dog,Skin Allergy in Dog,0.9937281192218611,0.9870526,True
/mnt/e/Ringworm detection project/DFAN-main/evaluation_data/development_external_2026_05_02/Dog/Skin Allergy in Dog/5ef97bb107f1__additional_data_curated__hard_validation__cf6d69.jpg,Dog,Dog,Skin Allergy in Dog,Skin Allergy in Dog,Skin Allergy in Dog,Skin Allergy in Dog,0.9870239496190687,0.97005546,True
/mnt/e/Ringworm detection project/DFAN-main/evaluation_data/development_external_2026_05_02/Dog/Skin Allergy in Dog/630506119db9__additional_data_curated__hard_validation__a04978.jpg,Dog,Dog,Skin Allergy in Dog,Skin Allergy in Dog,Skin Allergy in Dog,Skin Allergy in Dog,0.985339177508484,0.96998423,True
/mnt/e/Ringworm detection project/DFAN-main/evaluation_data/development_external_2026_05_02/Dog/Skin Allergy in Dog/65067c1aeec0__additional_data_curated__hard_validation__8933a8.jpg,Dog,Dog,Skin Allergy in Dog,Skin Allergy in Dog,Skin Allergy in Dog,Skin Allergy in Dog,0.9938163430989243,0.98805827,True
/mnt/e/Ringworm detection project/DFAN-main/evaluation_data/development_external_2026_05_02/Dog/Skin Allergy in Dog/67d0d31bc0d0__additional_data_curated__hard_validation__f2b931.jpg,Dog,Dog,Skin Allergy in Dog,Skin Allergy in Dog,Skin Allergy in Dog,Skin Allergy in Dog,0.9910759769409545,0.9869999,True
/mnt/e/Ringworm detection project/DFAN-main/evaluation_data/development_external_2026_05_02/Dog/Skin Allergy in Dog/684b7c1871cb__additional_data_curated__hard_validation__c13076.jpg,Dog,Dog,Skin Allergy in Dog,Skin Allergy in Dog,Skin Allergy in Dog,Skin Allergy in Dog,0.9934562364564076,0.9862714,True
/mnt/e/Ringworm detection project/DFAN-main/evaluation_data/development_external_2026_05_02/Dog/Skin Allergy in Dog/6ad8793cc54d__additional_data_curated__hard_validation__784333.jpg,Dog,Dog,Skin Allergy in Dog,Mange in Dog,Mange in Dog,Mange in Dog,0.9164173188148529,0.9027612,False
/mnt/e/Ringworm detection project/DFAN-main/evaluation_data/development_external_2026_05_02/Dog/Skin Allergy in Dog/6f96f3c80bf9__additional_data_curated__hard_validation__662bce.jpg,Dog,Dog,Skin Allergy in Dog,Skin Allergy in Dog,Skin Allergy in Dog,Skin Allergy in Dog,0.9865877485662496,0.9689631,True
/mnt/e/Ringworm detection project/DFAN-main/evaluation_data/development_external_2026_05_02/Dog/Skin Allergy in Dog/7326d70d7175__additional_data_curated__hard_validation__0d247e.jpg,Dog,Dog,Skin Allergy in Dog,Skin Allergy in Dog,Skin Allergy in Dog,Skin Allergy in Dog,0.9883588687069104,0.98076975,True
/mnt/e/Ringworm detection project/DFAN-main/evaluation_data/development_external_2026_05_02/Dog/Skin Allergy in Dog/779a6240436c__additional_data_curated__hard_validation__e35f9f.jpg,Dog,Dog,Skin Allergy in Dog,Skin Allergy in Dog,Skin Allergy in Dog,Skin Allergy in Dog,0.9878761711415416,0.9753237,True
/mnt/e/Ringworm detection project/DFAN-main/evaluation_data/development_external_2026_05_02/Dog/Skin Allergy in Dog/7a3aa481f37f__additional_data_curated__hard_validation__a4bf3d.jpg,Dog,Dog,Skin Allergy in Dog,Skin Allergy in Dog,Skin Allergy in Dog,Skin Allergy in Dog,0.8422769772284653,0.82136047,True
/mnt/e/Ringworm detection project/DFAN-main/evaluation_data/development_external_2026_05_02/Dog/Skin Allergy in Dog/7a59038801d3__additional_data_curated__hard_validation__b7ea84.jpg,Dog,Dog,Skin Allergy in Dog,Skin Allergy in Dog,Skin Allergy in Dog,Skin Allergy in Dog,0.9351440915545317,0.88662523,True
/mnt/e/Ringworm detection project/DFAN-main/evaluation_data/development_external_2026_05_02/Dog/Skin Allergy in Dog/80d5e0b480f0__additional_data_curated__hard_validation__34af6a.jpg,Dog,Dog,Skin Allergy in Dog,Fungal Infection in Dog,Fungal Infection in Dog,Fungal Infection in Dog,0.8463923133778691,0.8268436,False
/mnt/e/Ringworm detection project/DFAN-main/evaluation_data/development_external_2026_05_02/Dog/Skin Allergy in Dog/8ca39172e84a__additional_data_curated__hard_validation__a02dc5.jpg,Dog,Dog,Skin Allergy in Dog,Skin Allergy in Dog,Skin Allergy in Dog,Skin Allergy in Dog,0.9612369407513892,0.94935733,True
/mnt/e/Ringworm detection project/DFAN-main/evaluation_data/development_external_2026_05_02/Dog/Skin Allergy in Dog/8cf78b40fff6__additional_data_curated__hard_validation__fc9992.jpg,Dog,Dog,Skin Allergy in Dog,Skin Allergy in Dog,Skin Allergy in Dog,Skin Allergy in Dog,0.9882175167864492,0.9768548,True
/mnt/e/Ringworm detection project/DFAN-main/evaluation_data/development_external_2026_05_02/Dog/Skin Allergy in Dog/8f7b1c8dd8ce__additional_data_curated__hard_validation__2bf7f9.jpg,Dog,Dog,Skin Allergy in Dog,Skin Allergy in Dog,Skin Allergy in Dog,Skin Allergy in Dog,0.4801022086779341,0.45627263,True
/mnt/e/Ringworm detection project/DFAN-main/evaluation_data/development_external_2026_05_02/Dog/Skin Allergy in Dog/91094e7ac954__additional_data_curated__hard_validation__5fbfa6.jpg,Dog,Dog,Skin Allergy in Dog,Skin Allergy in Dog,Skin Allergy in Dog,Skin Allergy in Dog,0.9944540124007436,0.9880711,True
/mnt/e/Ringworm detection project/DFAN-main/evaluation_data/development_external_2026_05_02/Dog/Skin Allergy in Dog/916d19f940ff__additional_data_curated__hard_validation__1e2b62.jpg,Dog,Dog,Skin Allergy in Dog,Skin Allergy in Dog,Skin Allergy in Dog,Skin Allergy in Dog,0.9868939379893329,0.9755696,True
/mnt/e/Ringworm detection project/DFAN-main/evaluation_data/development_external_2026_05_02/Dog/Skin Allergy in Dog/91b35eb6f069__additional_data_curated__hard_validation__b2daf1.jpg,Dog,Dog,Skin Allergy in Dog,Skin Allergy in Dog,Skin Allergy in Dog,Skin Allergy in Dog,0.9719149946397606,0.9248785,True
/mnt/e/Ringworm detection project/DFAN-main/evaluation_data/development_external_2026_05_02/Dog/Skin Allergy in Dog/921460073375__additional_data_curated__hard_validation__d1789c.jpg,Dog,Dog,Skin Allergy in Dog,Skin Allergy in Dog,Skin Allergy in Dog,Skin Allergy in Dog,0.9894877244308476,0.9814494,True
/mnt/e/Ringworm detection project/DFAN-main/evaluation_data/development_external_2026_05_02/Dog/Skin Allergy in Dog/959c6f8b3442__additional_data_curated__hard_validation__53492e.jpg,Dog,Dog,Skin Allergy in Dog,Skin Allergy in Dog,Skin Allergy in Dog,Skin Allergy in Dog,0.9889705858532337,0.9789499,True
/mnt/e/Ringworm detection project/DFAN-main/evaluation_data/development_external_2026_05_02/Dog/Skin Allergy in Dog/95cd7012b88b__additional_data_curated__hard_validation__0645b0.jpg,Dog,Dog,Skin Allergy in Dog,Skin Allergy in Dog,Skin Allergy in Dog,Skin Allergy in Dog,0.9935943010722341,0.98666245,True
/mnt/e/Ringworm detection project/DFAN-main/evaluation_data/development_external_2026_05_02/Dog/Skin Allergy in Dog/96fbfecc6312__additional_data_curated__hard_validation__e99b5e.jpg,Dog,Dog,Skin Allergy in Dog,Skin Allergy in Dog,Skin Allergy in Dog,Skin Allergy in Dog,0.9958138105243679,0.9929431,True
/mnt/e/Ringworm detection project/DFAN-main/evaluation_data/development_external_2026_05_02/Dog/Skin Allergy in Dog/9b893b835274__additional_data_curated__hard_validation__faef85.jpg,Dog,Dog,Skin Allergy in Dog,Fungal Infection in Dog,Fungal Infection in Dog,Fungal Infection in Dog,0.8171735729898231,0.7557657,False
/mnt/e/Ringworm detection project/DFAN-main/evaluation_data/development_external_2026_05_02/Dog/Skin Allergy in Dog/9e72087995d3__additional_data_curated__hard_validation__4e14a1.jpg,Dog,Dog,Skin Allergy in Dog,Skin Allergy in Dog,Skin Allergy in Dog,Skin Allergy in Dog,0.9950539401645819,0.99054164,True
/mnt/e/Ringworm detection project/DFAN-main/evaluation_data/development_external_2026_05_02/Dog/Skin Allergy in Dog/9e9f52b9b9a4__additional_data_curated__hard_validation__87a255.jpg,Dog,Dog,Skin Allergy in Dog,Skin Allergy in Dog,Skin Allergy in Dog,Skin Allergy in Dog,0.9744636029803245,0.9407646,True
/mnt/e/Ringworm detection project/DFAN-main/evaluation_data/development_external_2026_05_02/Dog/Skin Allergy in Dog/9f1f9d27fcb2__additional_data_curated__hard_validation__ba4a66.jpg,Dog,Dog,Skin Allergy in Dog,Skin Allergy in Dog,Skin Allergy in Dog,Skin Allergy in Dog,0.9826295415178005,0.9662594,True
/mnt/e/Ringworm detection project/DFAN-main/evaluation_data/development_external_2026_05_02/Dog/Skin Allergy in Dog/a1c051ca617f__additional_data_curated__hard_validation__ee95e6.jpg,Dog,Dog,Skin Allergy in Dog,Skin Allergy in Dog,Skin Allergy in Dog,Skin Allergy in Dog,0.9904523359826202,0.9824562,True
/mnt/e/Ringworm detection project/DFAN-main/evaluation_data/development_external_2026_05_02/Dog/Skin Allergy in Dog/a3dd773dc681__additional_data_curated__hard_validation__7afcc6.jpg,Dog,Dog,Skin Allergy in Dog,Skin Allergy in Dog,Skin Allergy in Dog,Skin Allergy in Dog,0.9906016098016095,0.97883695,True
/mnt/e/Ringworm detection project/DFAN-main/evaluation_data/development_external_2026_05_02/Dog/Skin Allergy in Dog/a5de5fbf7a74__additional_data_curated__hard_validation__d39209.jpg,Dog,Dog,Skin Allergy in Dog,Skin Allergy in Dog,Skin Allergy in Dog,Skin Allergy in Dog,0.9959786483937725,0.9923921,True
/mnt/e/Ringworm detection project/DFAN-main/evaluation_data/development_external_2026_05_02/Dog/Skin Allergy in Dog/a68038d14367__additional_data_curated__hard_validation__4ca76b.jpg,Dog,Dog,Skin Allergy in Dog,Skin Allergy in Dog,Skin Allergy in Dog,Skin Allergy in Dog,0.9877240850858506,0.9747935,True
/mnt/e/Ringworm detection project/DFAN-main/evaluation_data/development_external_2026_05_02/Dog/Skin Allergy in Dog/a9f7d81e9891__additional_data_curated__hard_validation__2fae24.jpg,Dog,Dog,Skin Allergy in Dog,Dermatitis in Dog,Dermatitis in Dog,Dermatitis in Dog,0.9682868899475817,0.9305397,False
/mnt/e/Ringworm detection project/DFAN-main/evaluation_data/development_external_2026_05_02/Dog/Skin Allergy in Dog/ab770263a542__additional_data_curated__hard_validation__b7caf4.jpg,Dog,Dog,Skin Allergy in Dog,Skin Allergy in Dog,Skin Allergy in Dog,Skin Allergy in Dog,0.9950563199250602,0.98885405,True
/mnt/e/Ringworm detection project/DFAN-main/evaluation_data/development_external_2026_05_02/Dog/Skin Allergy in Dog/b8506945041d__additional_data_curated__hard_validation__7d5cd1.jpg,Dog,Dog,Skin Allergy in Dog,Skin Allergy in Dog,Skin Allergy in Dog,Skin Allergy in Dog,0.983532466125784,0.9588658,True
/mnt/e/Ringworm detection project/DFAN-main/evaluation_data/development_external_2026_05_02/Dog/Skin Allergy in Dog/bf4fd9ada048__additional_data_curated__hard_validation__a2bb68.jpg,Dog,Dog,Skin Allergy in Dog,Skin Allergy in Dog,Skin Allergy in Dog,Skin Allergy in Dog,0.9856965214167885,0.9703573,True
/mnt/e/Ringworm detection project/DFAN-main/evaluation_data/development_external_2026_05_02/Dog/Skin Allergy in Dog/c1cd0c48d09b__additional_data_curated__hard_validation__2a6cd9.jpg,Dog,Dog,Skin Allergy in Dog,Skin Allergy in Dog,Skin Allergy in Dog,Skin Allergy in Dog,0.9900129506722481,0.97763515,True
/mnt/e/Ringworm detection project/DFAN-main/evaluation_data/development_external_2026_05_02/Dog/Skin Allergy in Dog/c789eda57f26__additional_data_curated__hard_validation__6c3cd0.jpg,Dog,Dog,Skin Allergy in Dog,Skin Allergy in Dog,Skin Allergy in Dog,Skin Allergy in Dog,0.9931589228938862,0.98756754,True
/mnt/e/Ringworm detection project/DFAN-main/evaluation_data/development_external_2026_05_02/Dog/Skin Allergy in Dog/c91fc744ca65__additional_data_curated__hard_validation__f7521e.jpg,Dog,Dog,Skin Allergy in Dog,Skin Allergy in Dog,Skin Allergy in Dog,Skin Allergy in Dog,0.9954571091819614,0.99175817,True
/mnt/e/Ringworm detection project/DFAN-main/evaluation_data/development_external_2026_05_02/Dog/Skin Allergy in Dog/cbd56f8b1fb0__additional_data_curated__hard_validation__9d3bd1.jpg,Dog,Dog,Skin Allergy in Dog,Skin Allergy in Dog,Skin Allergy in Dog,Skin Allergy in Dog,0.9586713475144548,0.89398044,True
/mnt/e/Ringworm detection project/DFAN-main/evaluation_data/development_external_2026_05_02/Dog/Skin Allergy in Dog/ccc12d944776__additional_data_curated__hard_validation__b327f5.jpg,Dog,Dog,Skin Allergy in Dog,Mange in Dog,Mange in Dog,Mange in Dog,0.9580157388893217,0.9475988,False
/mnt/e/Ringworm detection project/DFAN-main/evaluation_data/development_external_2026_05_02/Dog/Skin Allergy in Dog/d06de66ee332__additional_data_curated__hard_validation__5e0d49.jpg,Dog,Dog,Skin Allergy in Dog,Skin Allergy in Dog,Skin Allergy in Dog,Skin Allergy in Dog,0.9880877677136202,0.97624165,True
/mnt/e/Ringworm detection project/DFAN-main/evaluation_data/development_external_2026_05_02/Dog/Skin Allergy in Dog/d3460ea2ab37__additional_data_curated__hard_validation__2ac271.jpg,Dog,Dog,Skin Allergy in Dog,Skin Allergy in Dog,Skin Allergy in Dog,Skin Allergy in Dog,0.9957649497049971,0.9930332,True
/mnt/e/Ringworm detection project/DFAN-main/evaluation_data/development_external_2026_05_02/Dog/Skin Allergy in Dog/d3b3089b4f2b__additional_data_curated__hard_validation__f75a93.jpg,Dog,Dog,Skin Allergy in Dog,Skin Allergy in Dog,Skin Allergy in Dog,Skin Allergy in Dog,0.9918582550155252,0.9831617,True
/mnt/e/Ringworm detection project/DFAN-main/evaluation_data/development_external_2026_05_02/Dog/Skin Allergy in Dog/d448591ea4fc__additional_data_curated__hard_validation__dc7c5a.jpg,Dog,Dog,Skin Allergy in Dog,Skin Allergy in Dog,Skin Allergy in Dog,Skin Allergy in Dog,0.9859440365109726,0.9786835,True
/mnt/e/Ringworm detection project/DFAN-main/evaluation_data/development_external_2026_05_02/Dog/Skin Allergy in Dog/de66e81564b2__additional_data_curated__hard_validation__6ba100.jpg,Dog,Dog,Skin Allergy in Dog,Skin Allergy in Dog,Skin Allergy in Dog,Skin Allergy in Dog,0.9905202335577881,0.9822165,True
/mnt/e/Ringworm detection project/DFAN-main/evaluation_data/development_external_2026_05_02/Dog/Skin Allergy in Dog/e36d6371bf57__additional_data_curated__hard_validation__d04752.jpg,Dog,Dog,Skin Allergy in Dog,Skin Allergy in Dog,Skin Allergy in Dog,Skin Allergy in Dog,0.9759265846411006,0.9385315,True
/mnt/e/Ringworm detection project/DFAN-main/evaluation_data/development_external_2026_05_02/Dog/Skin Allergy in Dog/e519e4aae1bf__additional_data_curated__hard_validation__a562ed.jpg,Dog,Dog,Skin Allergy in Dog,Skin Allergy in Dog,Skin Allergy in Dog,Skin Allergy in Dog,0.9900588706781355,0.98021746,True
/mnt/e/Ringworm detection project/DFAN-main/evaluation_data/development_external_2026_05_02/Dog/Skin Allergy in Dog/e5d42b759fef__additional_data_curated__hard_validation__2f40dd.jpg,Dog,Dog,Skin Allergy in Dog,Skin Allergy in Dog,Skin Allergy in Dog,Skin Allergy in Dog,0.9841686370583735,0.97624594,True
/mnt/e/Ringworm detection project/DFAN-main/evaluation_data/development_external_2026_05_02/Dog/Skin Allergy in Dog/e67477669c14__additional_data_curated__hard_validation__0a44a1.jpg,Dog,Dog,Skin Allergy in Dog,Skin Allergy in Dog,Skin Allergy in Dog,Skin Allergy in Dog,0.9823932855475196,0.95436966,True
/mnt/e/Ringworm detection project/DFAN-main/evaluation_data/development_external_2026_05_02/Dog/Skin Allergy in Dog/f19d4435652e__additional_data_curated__hard_validation__32f24f.jpg,Dog,Dog,Skin Allergy in Dog,Skin Allergy in Dog,Skin Allergy in Dog,Skin Allergy in Dog,0.9968100569057194,0.99361503,True
/mnt/e/Ringworm detection project/DFAN-main/evaluation_data/development_external_2026_05_02/Dog/Skin Allergy in Dog/f2dc7cb58917__additional_data_curated__hard_validation__05cbe8.jpg,Dog,Dog,Skin Allergy in Dog,Skin Allergy in Dog,Skin Allergy in Dog,Skin Allergy in Dog,0.9893235892082205,0.9789171,True
/mnt/e/Ringworm detection project/DFAN-main/evaluation_data/development_external_2026_05_02/Dog/Skin Allergy in Dog/f9c40cefe268__additional_data_curated__hard_validation__3a440e.jpg,Dog,Dog,Skin Allergy in Dog,Skin Allergy in Dog,Skin Allergy in Dog,Skin Allergy in Dog,0.8469390462559686,0.8151618,True
/mnt/e/Ringworm detection project/DFAN-main/evaluation_data/development_external_2026_05_02/Dog/Skin Allergy in Dog/fa0b7032a70e__additional_data_curated__hard_validation__b9ed8a.jpg,Dog,Dog,Skin Allergy in Dog,Skin Allergy in Dog,Skin Allergy in Dog,Skin Allergy in Dog,0.9907130119894247,0.9819696,True
/mnt/e/Ringworm detection project/DFAN-main/evaluation_data/development_external_2026_05_02/Dog/Skin Allergy in Dog/faf3fa31c513__additional_data_curated__hard_validation__773eee.jpg,Dog,Dog,Skin Allergy in Dog,Skin Allergy in Dog,Skin Allergy in Dog,Skin Allergy in Dog,0.992479889858585,0.98925143,True
/mnt/e/Ringworm detection project/DFAN-main/evaluation_data/development_external_2026_05_02/Dog/Skin Allergy in Dog/fbda30dd152f__additional_data_curated__hard_validation__63ca49.jpg,Dog,Dog,Skin Allergy in Dog,Skin Allergy in Dog,Skin Allergy in Dog,Skin Allergy in Dog,0.9900814633296927,0.9784329,True
